image_name,cell_row,cell_column,label
107679169 (1).jpg,1,1,0
107679169 (1).jpg,1,2,0
107679169 (1).jpg,1,3,0
107679169 (1).jpg,1,4,0
107679169 (1).jpg,1,5,0
107679169 (1).jpg,1,6,0
107679169 (1).jpg,1,7,0
107679169 (1).jpg,1,8,0
107679169 (1).jpg,2,1,0
107679169 (1).jpg,2,2,0
107679169 (1).jpg,2,3,0
107679169 (1).jpg,2,4,0
107679169 (1).jpg,2,5,0
107679169 (1).jpg,2,6,0
107679169 (1).jpg,2,7,0
107679169 (1).jpg,2,8,0
107679169 (1).jpg,3,1,0
107679169 (1).jpg,3,2,0
107679169 (1).jpg,3,3,1
107679169 (1).jpg,3,4,1
107679169 (1).jpg,3,5,1
107679169 (1).jpg,3,6,1
107679169 (1).jpg,3,7,1
107679169 (1).jpg,3,8,1
107679169 (1).jpg,4,1,1
107679169 (1).jpg,4,2,1
107679169 (1).jpg,4,3,1
107679169 (1).jpg,4,4,1
107679169 (1).jpg,4,5,1
107679169 (1).jpg,4,6,1
107679169 (1).jpg,4,7,1
107679169 (1).jpg,4,8,1
107679169 (1).jpg,5,1,1
107679169 (1).jpg,5,2,1
107679169 (1).jpg,5,3,1
107679169 (1).jpg,5,4,1
107679169 (1).jpg,5,5,1
107679169 (1).jpg,5,6,1
107679169 (1).jpg,5,7,1
107679169 (1).jpg,5,8,1
107679169 (1).jpg,6,1,1
107679169 (1).jpg,6,2,1
107679169 (1).jpg,6,3,1
107679169 (1).jpg,6,4,1
107679169 (1).jpg,6,5,1
107679169 (1).jpg,6,6,1
107679169 (1).jpg,6,7,1
107679169 (1).jpg,6,8,1
107679169 (1).jpg,7,1,1
107679169 (1).jpg,7,2,1
107679169 (1).jpg,7,3,1
107679169 (1).jpg,7,4,1
107679169 (1).jpg,7,5,1
107679169 (1).jpg,7,6,1
107679169 (1).jpg,7,7,1
107679169 (1).jpg,7,8,1
107679169 (1).jpg,8,1,1
107679169 (1).jpg,8,2,1
107679169 (1).jpg,8,3,1
107679169 (1).jpg,8,4,1
107679169 (1).jpg,8,5,1
107679169 (1).jpg,8,6,1
107679169 (1).jpg,8,7,1
107679169 (1).jpg,8,8,1
11_d80cd745-62e0-4cc4-8642-afc2caa96ef7 (1).jpg,1,1,0
11_d80cd745-62e0-4cc4-8642-afc2caa96ef7 (1).jpg,1,2,0
11_d80cd745-62e0-4cc4-8642-afc2caa96ef7 (1).jpg,1,3,0
11_d80cd745-62e0-4cc4-8642-afc2caa96ef7 (1).jpg,1,4,0
11_d80cd745-62e0-4cc4-8642-afc2caa96ef7 (1).jpg,1,5,0
11_d80cd745-62e0-4cc4-8642-afc2caa96ef7 (1).jpg,1,6,0
11_d80cd745-62e0-4cc4-8642-afc2caa96ef7 (1).jpg,1,7,0
11_d80cd745-62e0-4cc4-8642-afc2caa96ef7 (1).jpg,1,8,0
11_d80cd745-62e0-4cc4-8642-afc2caa96ef7 (1).jpg,2,1,0
11_d80cd745-62e0-4cc4-8642-afc2caa96ef7 (1).jpg,2,2,0
11_d80cd745-62e0-4cc4-8642-afc2caa96ef7 (1).jpg,2,3,0
11_d80cd745-62e0-4cc4-8642-afc2caa96ef7 (1).jpg,2,4,0
11_d80cd745-62e0-4cc4-8642-afc2caa96ef7 (1).jpg,2,5,0
11_d80cd745-62e0-4cc4-8642-afc2caa96ef7 (1).jpg,2,6,0
11_d80cd745-62e0-4cc4-8642-afc2caa96ef7 (1).jpg,2,7,0
11_d80cd745-62e0-4cc4-8642-afc2caa96ef7 (1).jpg,2,8,0
11_d80cd745-62e0-4cc4-8642-afc2caa96ef7 (1).jpg,3,1,0
11_d80cd745-62e0-4cc4-8642-afc2caa96ef7 (1).jpg,3,2,0
11_d80cd745-62e0-4cc4-8642-afc2caa96ef7 (1).jpg,3,3,1
11_d80cd745-62e0-4cc4-8642-afc2caa96ef7 (1).jpg,3,4,1
11_d80cd745-62e0-4cc4-8642-afc2caa96ef7 (1).jpg,3,5,1
11_d80cd745-62e0-4cc4-8642-afc2caa96ef7 (1).jpg,3,6,1
11_d80cd745-62e0-4cc4-8642-afc2caa96ef7 (1).jpg,3,7,1
11_d80cd745-62e0-4cc4-8642-afc2caa96ef7 (1).jpg,3,8,1
11_d80cd745-62e0-4cc4-8642-afc2caa96ef7 (1).jpg,4,1,1
11_d80cd745-62e0-4cc4-8642-afc2caa96ef7 (1).jpg,4,2,1
11_d80cd745-62e0-4cc4-8642-afc2caa96ef7 (1).jpg,4,3,1
11_d80cd745-62e0-4cc4-8642-afc2caa96ef7 (1).jpg,4,4,1
11_d80cd745-62e0-4cc4-8642-afc2caa96ef7 (1).jpg,4,5,1
11_d80cd745-62e0-4cc4-8642-afc2caa96ef7 (1).jpg,4,6,1
11_d80cd745-62e0-4cc4-8642-afc2caa96ef7 (1).jpg,4,7,1
11_d80cd745-62e0-4cc4-8642-afc2caa96ef7 (1).jpg,4,8,1
11_d80cd745-62e0-4cc4-8642-afc2caa96ef7 (1).jpg,5,1,1
11_d80cd745-62e0-4cc4-8642-afc2caa96ef7 (1).jpg,5,2,1
11_d80cd745-62e0-4cc4-8642-afc2caa96ef7 (1).jpg,5,3,1
11_d80cd745-62e0-4cc4-8642-afc2caa96ef7 (1).jpg,5,4,1
11_d80cd745-62e0-4cc4-8642-afc2caa96ef7 (1).jpg,5,5,1
11_d80cd745-62e0-4cc4-8642-afc2caa96ef7 (1).jpg,5,6,1
11_d80cd745-62e0-4cc4-8642-afc2caa96ef7 (1).jpg,5,7,1
11_d80cd745-62e0-4cc4-8642-afc2caa96ef7 (1).jpg,5,8,1
11_d80cd745-62e0-4cc4-8642-afc2caa96ef7 (1).jpg,6,1,1
11_d80cd745-62e0-4cc4-8642-afc2caa96ef7 (1).jpg,6,2,1
11_d80cd745-62e0-4cc4-8642-afc2caa96ef7 (1).jpg,6,3,1
11_d80cd745-62e0-4cc4-8642-afc2caa96ef7 (1).jpg,6,4,1
11_d80cd745-62e0-4cc4-8642-afc2caa96ef7 (1).jpg,6,5,1
11_d80cd745-62e0-4cc4-8642-afc2caa96ef7 (1).jpg,6,6,1
11_d80cd745-62e0-4cc4-8642-afc2caa96ef7 (1).jpg,6,7,1
11_d80cd745-62e0-4cc4-8642-afc2caa96ef7 (1).jpg,6,8,1
11_d80cd745-62e0-4cc4-8642-afc2caa96ef7 (1).jpg,7,1,1
11_d80cd745-62e0-4cc4-8642-afc2caa96ef7 (1).jpg,7,2,1
11_d80cd745-62e0-4cc4-8642-afc2caa96ef7 (1).jpg,7,3,1
11_d80cd745-62e0-4cc4-8642-afc2caa96ef7 (1).jpg,7,4,1
11_d80cd745-62e0-4cc4-8642-afc2caa96ef7 (1).jpg,7,5,1
11_d80cd745-62e0-4cc4-8642-afc2caa96ef7 (1).jpg,7,6,1
11_d80cd745-62e0-4cc4-8642-afc2caa96ef7 (1).jpg,7,7,1
11_d80cd745-62e0-4cc4-8642-afc2caa96ef7 (1).jpg,7,8,0
11_d80cd745-62e0-4cc4-8642-afc2caa96ef7 (1).jpg,8,1,0
11_d80cd745-62e0-4cc4-8642-afc2caa96ef7 (1).jpg,8,2,0
11_d80cd745-62e0-4cc4-8642-afc2caa96ef7 (1).jpg,8,3,0
11_d80cd745-62e0-4cc4-8642-afc2caa96ef7 (1).jpg,8,4,0
11_d80cd745-62e0-4cc4-8642-afc2caa96ef7 (1).jpg,8,5,0
11_d80cd745-62e0-4cc4-8642-afc2caa96ef7 (1).jpg,8,6,0
11_d80cd745-62e0-4cc4-8642-afc2caa96ef7 (1).jpg,8,7,0
11_d80cd745-62e0-4cc4-8642-afc2caa96ef7 (1).jpg,8,8,0
1549449753_VINEX-CRICKET-STUMPS-SET-PRIMA.jpg,1,1,0
1549449753_VINEX-CRICKET-STUMPS-SET-PRIMA.jpg,1,2,0
1549449753_VINEX-CRICKET-STUMPS-SET-PRIMA.jpg,1,3,0
1549449753_VINEX-CRICKET-STUMPS-SET-PRIMA.jpg,1,4,0
1549449753_VINEX-CRICKET-STUMPS-SET-PRIMA.jpg,1,5,0
1549449753_VINEX-CRICKET-STUMPS-SET-PRIMA.jpg,1,6,0
1549449753_VINEX-CRICKET-STUMPS-SET-PRIMA.jpg,1,7,0
1549449753_VINEX-CRICKET-STUMPS-SET-PRIMA.jpg,1,8,0
1549449753_VINEX-CRICKET-STUMPS-SET-PRIMA.jpg,2,1,0
1549449753_VINEX-CRICKET-STUMPS-SET-PRIMA.jpg,2,2,0
1549449753_VINEX-CRICKET-STUMPS-SET-PRIMA.jpg,2,3,0
1549449753_VINEX-CRICKET-STUMPS-SET-PRIMA.jpg,2,4,3
1549449753_VINEX-CRICKET-STUMPS-SET-PRIMA.jpg,2,5,3
1549449753_VINEX-CRICKET-STUMPS-SET-PRIMA.jpg,2,6,3
1549449753_VINEX-CRICKET-STUMPS-SET-PRIMA.jpg,2,7,0
1549449753_VINEX-CRICKET-STUMPS-SET-PRIMA.jpg,2,8,0
1549449753_VINEX-CRICKET-STUMPS-SET-PRIMA.jpg,3,1,3
1549449753_VINEX-CRICKET-STUMPS-SET-PRIMA.jpg,3,2,3
1549449753_VINEX-CRICKET-STUMPS-SET-PRIMA.jpg,3,3,3
1549449753_VINEX-CRICKET-STUMPS-SET-PRIMA.jpg,3,4,3
1549449753_VINEX-CRICKET-STUMPS-SET-PRIMA.jpg,3,5,3
1549449753_VINEX-CRICKET-STUMPS-SET-PRIMA.jpg,3,6,3
1549449753_VINEX-CRICKET-STUMPS-SET-PRIMA.jpg,3,7,3
1549449753_VINEX-CRICKET-STUMPS-SET-PRIMA.jpg,3,8,3
1549449753_VINEX-CRICKET-STUMPS-SET-PRIMA.jpg,4,1,3
1549449753_VINEX-CRICKET-STUMPS-SET-PRIMA.jpg,4,2,3
1549449753_VINEX-CRICKET-STUMPS-SET-PRIMA.jpg,4,3,3
1549449753_VINEX-CRICKET-STUMPS-SET-PRIMA.jpg,4,4,3
1549449753_VINEX-CRICKET-STUMPS-SET-PRIMA.jpg,4,5,3
1549449753_VINEX-CRICKET-STUMPS-SET-PRIMA.jpg,4,6,3
1549449753_VINEX-CRICKET-STUMPS-SET-PRIMA.jpg,4,7,3
1549449753_VINEX-CRICKET-STUMPS-SET-PRIMA.jpg,4,8,3
1549449753_VINEX-CRICKET-STUMPS-SET-PRIMA.jpg,5,1,3
1549449753_VINEX-CRICKET-STUMPS-SET-PRIMA.jpg,5,2,3
1549449753_VINEX-CRICKET-STUMPS-SET-PRIMA.jpg,5,3,3
1549449753_VINEX-CRICKET-STUMPS-SET-PRIMA.jpg,5,4,3
1549449753_VINEX-CRICKET-STUMPS-SET-PRIMA.jpg,5,5,3
1549449753_VINEX-CRICKET-STUMPS-SET-PRIMA.jpg,5,6,3
1549449753_VINEX-CRICKET-STUMPS-SET-PRIMA.jpg,5,7,3
1549449753_VINEX-CRICKET-STUMPS-SET-PRIMA.jpg,5,8,3
1549449753_VINEX-CRICKET-STUMPS-SET-PRIMA.jpg,6,1,3
1549449753_VINEX-CRICKET-STUMPS-SET-PRIMA.jpg,6,2,3
1549449753_VINEX-CRICKET-STUMPS-SET-PRIMA.jpg,6,3,3
1549449753_VINEX-CRICKET-STUMPS-SET-PRIMA.jpg,6,4,3
1549449753_VINEX-CRICKET-STUMPS-SET-PRIMA.jpg,6,5,3
1549449753_VINEX-CRICKET-STUMPS-SET-PRIMA.jpg,6,6,3
1549449753_VINEX-CRICKET-STUMPS-SET-PRIMA.jpg,6,7,3
1549449753_VINEX-CRICKET-STUMPS-SET-PRIMA.jpg,6,8,3
1549449753_VINEX-CRICKET-STUMPS-SET-PRIMA.jpg,7,1,0
1549449753_VINEX-CRICKET-STUMPS-SET-PRIMA.jpg,7,2,0
1549449753_VINEX-CRICKET-STUMPS-SET-PRIMA.jpg,7,3,0
1549449753_VINEX-CRICKET-STUMPS-SET-PRIMA.jpg,7,4,0
1549449753_VINEX-CRICKET-STUMPS-SET-PRIMA.jpg,7,5,0
1549449753_VINEX-CRICKET-STUMPS-SET-PRIMA.jpg,7,6,0
1549449753_VINEX-CRICKET-STUMPS-SET-PRIMA.jpg,7,7,0
1549449753_VINEX-CRICKET-STUMPS-SET-PRIMA.jpg,7,8,0
1549449753_VINEX-CRICKET-STUMPS-SET-PRIMA.jpg,8,1,0
1549449753_VINEX-CRICKET-STUMPS-SET-PRIMA.jpg,8,2,0
1549449753_VINEX-CRICKET-STUMPS-SET-PRIMA.jpg,8,3,0
1549449753_VINEX-CRICKET-STUMPS-SET-PRIMA.jpg,8,4,0
1549449753_VINEX-CRICKET-STUMPS-SET-PRIMA.jpg,8,5,0
1549449753_VINEX-CRICKET-STUMPS-SET-PRIMA.jpg,8,6,0
1549449753_VINEX-CRICKET-STUMPS-SET-PRIMA.jpg,8,7,0
1549449753_VINEX-CRICKET-STUMPS-SET-PRIMA.jpg,8,8,0
1735034114535_virat_kohli_outside_off_stump.jpg,1,1,0
1735034114535_virat_kohli_outside_off_stump.jpg,1,2,0
1735034114535_virat_kohli_outside_off_stump.jpg,1,3,0
1735034114535_virat_kohli_outside_off_stump.jpg,1,4,0
1735034114535_virat_kohli_outside_off_stump.jpg,1,5,0
1735034114535_virat_kohli_outside_off_stump.jpg,1,6,0
1735034114535_virat_kohli_outside_off_stump.jpg,1,7,0
1735034114535_virat_kohli_outside_off_stump.jpg,1,8,0
1735034114535_virat_kohli_outside_off_stump.jpg,2,1,0
1735034114535_virat_kohli_outside_off_stump.jpg,2,2,0
1735034114535_virat_kohli_outside_off_stump.jpg,2,3,0
1735034114535_virat_kohli_outside_off_stump.jpg,2,4,0
1735034114535_virat_kohli_outside_off_stump.jpg,2,5,0
1735034114535_virat_kohli_outside_off_stump.jpg,2,6,0
1735034114535_virat_kohli_outside_off_stump.jpg,2,7,0
1735034114535_virat_kohli_outside_off_stump.jpg,2,8,0
1735034114535_virat_kohli_outside_off_stump.jpg,3,1,0
1735034114535_virat_kohli_outside_off_stump.jpg,3,2,3
1735034114535_virat_kohli_outside_off_stump.jpg,3,3,0
1735034114535_virat_kohli_outside_off_stump.jpg,3,4,0
1735034114535_virat_kohli_outside_off_stump.jpg,3,5,0
1735034114535_virat_kohli_outside_off_stump.jpg,3,6,0
1735034114535_virat_kohli_outside_off_stump.jpg,3,7,0
1735034114535_virat_kohli_outside_off_stump.jpg,3,8,0
1735034114535_virat_kohli_outside_off_stump.jpg,4,1,0
1735034114535_virat_kohli_outside_off_stump.jpg,4,2,0
1735034114535_virat_kohli_outside_off_stump.jpg,4,3,0
1735034114535_virat_kohli_outside_off_stump.jpg,4,4,0
1735034114535_virat_kohli_outside_off_stump.jpg,4,5,0
1735034114535_virat_kohli_outside_off_stump.jpg,4,6,2
1735034114535_virat_kohli_outside_off_stump.jpg,4,7,2
1735034114535_virat_kohli_outside_off_stump.jpg,4,8,0
1735034114535_virat_kohli_outside_off_stump.jpg,5,1,0
1735034114535_virat_kohli_outside_off_stump.jpg,5,2,0
1735034114535_virat_kohli_outside_off_stump.jpg,5,3,0
1735034114535_virat_kohli_outside_off_stump.jpg,5,4,0
1735034114535_virat_kohli_outside_off_stump.jpg,5,5,0
1735034114535_virat_kohli_outside_off_stump.jpg,5,6,0
1735034114535_virat_kohli_outside_off_stump.jpg,5,7,0
1735034114535_virat_kohli_outside_off_stump.jpg,5,8,0
1735034114535_virat_kohli_outside_off_stump.jpg,6,1,0
1735034114535_virat_kohli_outside_off_stump.jpg,6,2,0
1735034114535_virat_kohli_outside_off_stump.jpg,6,3,0
1735034114535_virat_kohli_outside_off_stump.jpg,6,4,0
1735034114535_virat_kohli_outside_off_stump.jpg,6,5,0
1735034114535_virat_kohli_outside_off_stump.jpg,6,6,0
1735034114535_virat_kohli_outside_off_stump.jpg,6,7,0
1735034114535_virat_kohli_outside_off_stump.jpg,6,8,0
1735034114535_virat_kohli_outside_off_stump.jpg,7,1,0
1735034114535_virat_kohli_outside_off_stump.jpg,7,2,0
1735034114535_virat_kohli_outside_off_stump.jpg,7,3,0
1735034114535_virat_kohli_outside_off_stump.jpg,7,4,0
1735034114535_virat_kohli_outside_off_stump.jpg,7,5,0
1735034114535_virat_kohli_outside_off_stump.jpg,7,6,0
1735034114535_virat_kohli_outside_off_stump.jpg,7,7,0
1735034114535_virat_kohli_outside_off_stump.jpg,7,8,0
1735034114535_virat_kohli_outside_off_stump.jpg,8,1,0
1735034114535_virat_kohli_outside_off_stump.jpg,8,2,0
1735034114535_virat_kohli_outside_off_stump.jpg,8,3,0
1735034114535_virat_kohli_outside_off_stump.jpg,8,4,0
1735034114535_virat_kohli_outside_off_stump.jpg,8,5,0
1735034114535_virat_kohli_outside_off_stump.jpg,8,6,0
1735034114535_virat_kohli_outside_off_stump.jpg,8,7,0
1735034114535_virat_kohli_outside_off_stump.jpg,8,8,0
2021-Category-Banner-Stumps (1).jpg,1,1,0
2021-Category-Banner-Stumps (1).jpg,1,2,0
2021-Category-Banner-Stumps (1).jpg,1,3,0
2021-Category-Banner-Stumps (1).jpg,1,4,0
2021-Category-Banner-Stumps (1).jpg,1,5,0
2021-Category-Banner-Stumps (1).jpg,1,6,0
2021-Category-Banner-Stumps (1).jpg,1,7,3
2021-Category-Banner-Stumps (1).jpg,1,8,3
2021-Category-Banner-Stumps (1).jpg,2,1,0
2021-Category-Banner-Stumps (1).jpg,2,2,0
2021-Category-Banner-Stumps (1).jpg,2,3,0
2021-Category-Banner-Stumps (1).jpg,2,4,0
2021-Category-Banner-Stumps (1).jpg,2,5,0
2021-Category-Banner-Stumps (1).jpg,2,6,0
2021-Category-Banner-Stumps (1).jpg,2,7,3
2021-Category-Banner-Stumps (1).jpg,2,8,3
2021-Category-Banner-Stumps (1).jpg,3,1,0
2021-Category-Banner-Stumps (1).jpg,3,2,0
2021-Category-Banner-Stumps (1).jpg,3,3,0
2021-Category-Banner-Stumps (1).jpg,3,4,0
2021-Category-Banner-Stumps (1).jpg,3,5,0
2021-Category-Banner-Stumps (1).jpg,3,6,0
2021-Category-Banner-Stumps (1).jpg,3,7,3
2021-Category-Banner-Stumps (1).jpg,3,8,3
2021-Category-Banner-Stumps (1).jpg,4,1,0
2021-Category-Banner-Stumps (1).jpg,4,2,0
2021-Category-Banner-Stumps (1).jpg,4,3,0
2021-Category-Banner-Stumps (1).jpg,4,4,0
2021-Category-Banner-Stumps (1).jpg,4,5,0
2021-Category-Banner-Stumps (1).jpg,4,6,0
2021-Category-Banner-Stumps (1).jpg,4,7,3
2021-Category-Banner-Stumps (1).jpg,4,8,3
2021-Category-Banner-Stumps (1).jpg,5,1,0
2021-Category-Banner-Stumps (1).jpg,5,2,0
2021-Category-Banner-Stumps (1).jpg,5,3,0
2021-Category-Banner-Stumps (1).jpg,5,4,0
2021-Category-Banner-Stumps (1).jpg,5,5,0
2021-Category-Banner-Stumps (1).jpg,5,6,0
2021-Category-Banner-Stumps (1).jpg,5,7,3
2021-Category-Banner-Stumps (1).jpg,5,8,3
2021-Category-Banner-Stumps (1).jpg,6,1,0
2021-Category-Banner-Stumps (1).jpg,6,2,0
2021-Category-Banner-Stumps (1).jpg,6,3,0
2021-Category-Banner-Stumps (1).jpg,6,4,0
2021-Category-Banner-Stumps (1).jpg,6,5,0
2021-Category-Banner-Stumps (1).jpg,6,6,0
2021-Category-Banner-Stumps (1).jpg,6,7,3
2021-Category-Banner-Stumps (1).jpg,6,8,3
2021-Category-Banner-Stumps (1).jpg,7,1,0
2021-Category-Banner-Stumps (1).jpg,7,2,0
2021-Category-Banner-Stumps (1).jpg,7,3,0
2021-Category-Banner-Stumps (1).jpg,7,4,0
2021-Category-Banner-Stumps (1).jpg,7,5,0
2021-Category-Banner-Stumps (1).jpg,7,6,0
2021-Category-Banner-Stumps (1).jpg,7,7,3
2021-Category-Banner-Stumps (1).jpg,7,8,3
2021-Category-Banner-Stumps (1).jpg,8,1,0
2021-Category-Banner-Stumps (1).jpg,8,2,0
2021-Category-Banner-Stumps (1).jpg,8,3,0
2021-Category-Banner-Stumps (1).jpg,8,4,0
2021-Category-Banner-Stumps (1).jpg,8,5,0
2021-Category-Banner-Stumps (1).jpg,8,6,0
2021-Category-Banner-Stumps (1).jpg,8,7,3
2021-Category-Banner-Stumps (1).jpg,8,8,3
2603140-led-stumps.jpg,1,1,0
2603140-led-stumps.jpg,1,2,0
2603140-led-stumps.jpg,1,3,0
2603140-led-stumps.jpg,1,4,0
2603140-led-stumps.jpg,1,5,0
2603140-led-stumps.jpg,1,6,0
2603140-led-stumps.jpg,1,7,0
2603140-led-stumps.jpg,1,8,0
2603140-led-stumps.jpg,2,1,0
2603140-led-stumps.jpg,2,2,0
2603140-led-stumps.jpg,2,3,0
2603140-led-stumps.jpg,2,4,0
2603140-led-stumps.jpg,2,5,0
2603140-led-stumps.jpg,2,6,0
2603140-led-stumps.jpg,2,7,0
2603140-led-stumps.jpg,2,8,0
2603140-led-stumps.jpg,3,1,0
2603140-led-stumps.jpg,3,2,0
2603140-led-stumps.jpg,3,3,0
2603140-led-stumps.jpg,3,4,0
2603140-led-stumps.jpg,3,5,0
2603140-led-stumps.jpg,3,6,0
2603140-led-stumps.jpg,3,7,0
2603140-led-stumps.jpg,3,8,0
2603140-led-stumps.jpg,4,1,0
2603140-led-stumps.jpg,4,2,0
2603140-led-stumps.jpg,4,3,0
2603140-led-stumps.jpg,4,4,0
2603140-led-stumps.jpg,4,5,0
2603140-led-stumps.jpg,4,6,0
2603140-led-stumps.jpg,4,7,0
2603140-led-stumps.jpg,4,8,0
2603140-led-stumps.jpg,5,1,0
2603140-led-stumps.jpg,5,2,3
2603140-led-stumps.jpg,5,3,3
2603140-led-stumps.jpg,5,4,0
2603140-led-stumps.jpg,5,5,0
2603140-led-stumps.jpg,5,6,0
2603140-led-stumps.jpg,5,7,0
2603140-led-stumps.jpg,5,8,0
2603140-led-stumps.jpg,6,1,0
2603140-led-stumps.jpg,6,2,3
2603140-led-stumps.jpg,6,3,3
2603140-led-stumps.jpg,6,4,0
2603140-led-stumps.jpg,6,5,0
2603140-led-stumps.jpg,6,6,0
2603140-led-stumps.jpg,6,7,0
2603140-led-stumps.jpg,6,8,0
2603140-led-stumps.jpg,7,1,0
2603140-led-stumps.jpg,7,2,3
2603140-led-stumps.jpg,7,3,3
2603140-led-stumps.jpg,7,4,0
2603140-led-stumps.jpg,7,5,0
2603140-led-stumps.jpg,7,6,0
2603140-led-stumps.jpg,7,7,0
2603140-led-stumps.jpg,7,8,0
2603140-led-stumps.jpg,8,1,0
2603140-led-stumps.jpg,8,2,3
2603140-led-stumps.jpg,8,3,3
2603140-led-stumps.jpg,8,4,0
2603140-led-stumps.jpg,8,5,0
2603140-led-stumps.jpg,8,6,0
2603140-led-stumps.jpg,8,7,0
2603140-led-stumps.jpg,8,8,0
3-9.jpg,1,1,0
3-9.jpg,1,2,0
3-9.jpg,1,3,0
3-9.jpg,1,4,0
3-9.jpg,1,5,0
3-9.jpg,1,6,0
3-9.jpg,1,7,0
3-9.jpg,1,8,0
3-9.jpg,2,1,0
3-9.jpg,2,2,0
3-9.jpg,2,3,0
3-9.jpg,2,4,3
3-9.jpg,2,5,0
3-9.jpg,2,6,0
3-9.jpg,2,7,0
3-9.jpg,2,8,0
3-9.jpg,3,1,0
3-9.jpg,3,2,0
3-9.jpg,3,3,0
3-9.jpg,3,4,3
3-9.jpg,3,5,0
3-9.jpg,3,6,0
3-9.jpg,3,7,0
3-9.jpg,3,8,0
3-9.jpg,4,1,0
3-9.jpg,4,2,0
3-9.jpg,4,3,0
3-9.jpg,4,4,0
3-9.jpg,4,5,0
3-9.jpg,4,6,0
3-9.jpg,4,7,0
3-9.jpg,4,8,0
3-9.jpg,5,1,0
3-9.jpg,5,2,0
3-9.jpg,5,3,3
3-9.jpg,5,4,3
3-9.jpg,5,5,0
3-9.jpg,5,6,0
3-9.jpg,5,7,0
3-9.jpg,5,8,0
3-9.jpg,6,1,0
3-9.jpg,6,2,0
3-9.jpg,6,3,3
3-9.jpg,6,4,3
3-9.jpg,6,5,0
3-9.jpg,6,6,0
3-9.jpg,6,7,0
3-9.jpg,6,8,0
3-9.jpg,7,1,0
3-9.jpg,7,2,0
3-9.jpg,7,3,3
3-9.jpg,7,4,3
3-9.jpg,7,5,0
3-9.jpg,7,6,0
3-9.jpg,7,7,0
3-9.jpg,7,8,0
3-9.jpg,8,1,0
3-9.jpg,8,2,0
3-9.jpg,8,3,3
3-9.jpg,8,4,3
3-9.jpg,8,5,0
3-9.jpg,8,6,0
3-9.jpg,8,7,0
3-9.jpg,8,8,0
37205930-a-cricket-stadium-with-cricket-pitch-and-set-up-wickets-in-the-daytime-under-a-blue-sky.jpg,1,1,0
37205930-a-cricket-stadium-with-cricket-pitch-and-set-up-wickets-in-the-daytime-under-a-blue-sky.jpg,1,2,0
37205930-a-cricket-stadium-with-cricket-pitch-and-set-up-wickets-in-the-daytime-under-a-blue-sky.jpg,1,3,0
37205930-a-cricket-stadium-with-cricket-pitch-and-set-up-wickets-in-the-daytime-under-a-blue-sky.jpg,1,4,0
37205930-a-cricket-stadium-with-cricket-pitch-and-set-up-wickets-in-the-daytime-under-a-blue-sky.jpg,1,5,0
37205930-a-cricket-stadium-with-cricket-pitch-and-set-up-wickets-in-the-daytime-under-a-blue-sky.jpg,1,6,0
37205930-a-cricket-stadium-with-cricket-pitch-and-set-up-wickets-in-the-daytime-under-a-blue-sky.jpg,1,7,0
37205930-a-cricket-stadium-with-cricket-pitch-and-set-up-wickets-in-the-daytime-under-a-blue-sky.jpg,1,8,0
37205930-a-cricket-stadium-with-cricket-pitch-and-set-up-wickets-in-the-daytime-under-a-blue-sky.jpg,2,1,0
37205930-a-cricket-stadium-with-cricket-pitch-and-set-up-wickets-in-the-daytime-under-a-blue-sky.jpg,2,2,0
37205930-a-cricket-stadium-with-cricket-pitch-and-set-up-wickets-in-the-daytime-under-a-blue-sky.jpg,2,3,0
37205930-a-cricket-stadium-with-cricket-pitch-and-set-up-wickets-in-the-daytime-under-a-blue-sky.jpg,2,4,0
37205930-a-cricket-stadium-with-cricket-pitch-and-set-up-wickets-in-the-daytime-under-a-blue-sky.jpg,2,5,0
37205930-a-cricket-stadium-with-cricket-pitch-and-set-up-wickets-in-the-daytime-under-a-blue-sky.jpg,2,6,0
37205930-a-cricket-stadium-with-cricket-pitch-and-set-up-wickets-in-the-daytime-under-a-blue-sky.jpg,2,7,0
37205930-a-cricket-stadium-with-cricket-pitch-and-set-up-wickets-in-the-daytime-under-a-blue-sky.jpg,2,8,0
37205930-a-cricket-stadium-with-cricket-pitch-and-set-up-wickets-in-the-daytime-under-a-blue-sky.jpg,3,1,0
37205930-a-cricket-stadium-with-cricket-pitch-and-set-up-wickets-in-the-daytime-under-a-blue-sky.jpg,3,2,0
37205930-a-cricket-stadium-with-cricket-pitch-and-set-up-wickets-in-the-daytime-under-a-blue-sky.jpg,3,3,0
37205930-a-cricket-stadium-with-cricket-pitch-and-set-up-wickets-in-the-daytime-under-a-blue-sky.jpg,3,4,0
37205930-a-cricket-stadium-with-cricket-pitch-and-set-up-wickets-in-the-daytime-under-a-blue-sky.jpg,3,5,0
37205930-a-cricket-stadium-with-cricket-pitch-and-set-up-wickets-in-the-daytime-under-a-blue-sky.jpg,3,6,0
37205930-a-cricket-stadium-with-cricket-pitch-and-set-up-wickets-in-the-daytime-under-a-blue-sky.jpg,3,7,0
37205930-a-cricket-stadium-with-cricket-pitch-and-set-up-wickets-in-the-daytime-under-a-blue-sky.jpg,3,8,0
37205930-a-cricket-stadium-with-cricket-pitch-and-set-up-wickets-in-the-daytime-under-a-blue-sky.jpg,4,1,0
37205930-a-cricket-stadium-with-cricket-pitch-and-set-up-wickets-in-the-daytime-under-a-blue-sky.jpg,4,2,0
37205930-a-cricket-stadium-with-cricket-pitch-and-set-up-wickets-in-the-daytime-under-a-blue-sky.jpg,4,3,0
37205930-a-cricket-stadium-with-cricket-pitch-and-set-up-wickets-in-the-daytime-under-a-blue-sky.jpg,4,4,0
37205930-a-cricket-stadium-with-cricket-pitch-and-set-up-wickets-in-the-daytime-under-a-blue-sky.jpg,4,5,0
37205930-a-cricket-stadium-with-cricket-pitch-and-set-up-wickets-in-the-daytime-under-a-blue-sky.jpg,4,6,0
37205930-a-cricket-stadium-with-cricket-pitch-and-set-up-wickets-in-the-daytime-under-a-blue-sky.jpg,4,7,0
37205930-a-cricket-stadium-with-cricket-pitch-and-set-up-wickets-in-the-daytime-under-a-blue-sky.jpg,4,8,0
37205930-a-cricket-stadium-with-cricket-pitch-and-set-up-wickets-in-the-daytime-under-a-blue-sky.jpg,5,1,0
37205930-a-cricket-stadium-with-cricket-pitch-and-set-up-wickets-in-the-daytime-under-a-blue-sky.jpg,5,2,0
37205930-a-cricket-stadium-with-cricket-pitch-and-set-up-wickets-in-the-daytime-under-a-blue-sky.jpg,5,3,0
37205930-a-cricket-stadium-with-cricket-pitch-and-set-up-wickets-in-the-daytime-under-a-blue-sky.jpg,5,4,3
37205930-a-cricket-stadium-with-cricket-pitch-and-set-up-wickets-in-the-daytime-under-a-blue-sky.jpg,5,5,3
37205930-a-cricket-stadium-with-cricket-pitch-and-set-up-wickets-in-the-daytime-under-a-blue-sky.jpg,5,6,0
37205930-a-cricket-stadium-with-cricket-pitch-and-set-up-wickets-in-the-daytime-under-a-blue-sky.jpg,5,7,0
37205930-a-cricket-stadium-with-cricket-pitch-and-set-up-wickets-in-the-daytime-under-a-blue-sky.jpg,5,8,0
37205930-a-cricket-stadium-with-cricket-pitch-and-set-up-wickets-in-the-daytime-under-a-blue-sky.jpg,6,1,0
37205930-a-cricket-stadium-with-cricket-pitch-and-set-up-wickets-in-the-daytime-under-a-blue-sky.jpg,6,2,0
37205930-a-cricket-stadium-with-cricket-pitch-and-set-up-wickets-in-the-daytime-under-a-blue-sky.jpg,6,3,0
37205930-a-cricket-stadium-with-cricket-pitch-and-set-up-wickets-in-the-daytime-under-a-blue-sky.jpg,6,4,3
37205930-a-cricket-stadium-with-cricket-pitch-and-set-up-wickets-in-the-daytime-under-a-blue-sky.jpg,6,5,3
37205930-a-cricket-stadium-with-cricket-pitch-and-set-up-wickets-in-the-daytime-under-a-blue-sky.jpg,6,6,0
37205930-a-cricket-stadium-with-cricket-pitch-and-set-up-wickets-in-the-daytime-under-a-blue-sky.jpg,6,7,0
37205930-a-cricket-stadium-with-cricket-pitch-and-set-up-wickets-in-the-daytime-under-a-blue-sky.jpg,6,8,0
37205930-a-cricket-stadium-with-cricket-pitch-and-set-up-wickets-in-the-daytime-under-a-blue-sky.jpg,7,1,0
37205930-a-cricket-stadium-with-cricket-pitch-and-set-up-wickets-in-the-daytime-under-a-blue-sky.jpg,7,2,0
37205930-a-cricket-stadium-with-cricket-pitch-and-set-up-wickets-in-the-daytime-under-a-blue-sky.jpg,7,3,0
37205930-a-cricket-stadium-with-cricket-pitch-and-set-up-wickets-in-the-daytime-under-a-blue-sky.jpg,7,4,3
37205930-a-cricket-stadium-with-cricket-pitch-and-set-up-wickets-in-the-daytime-under-a-blue-sky.jpg,7,5,3
37205930-a-cricket-stadium-with-cricket-pitch-and-set-up-wickets-in-the-daytime-under-a-blue-sky.jpg,7,6,0
37205930-a-cricket-stadium-with-cricket-pitch-and-set-up-wickets-in-the-daytime-under-a-blue-sky.jpg,7,7,0
37205930-a-cricket-stadium-with-cricket-pitch-and-set-up-wickets-in-the-daytime-under-a-blue-sky.jpg,7,8,0
37205930-a-cricket-stadium-with-cricket-pitch-and-set-up-wickets-in-the-daytime-under-a-blue-sky.jpg,8,1,0
37205930-a-cricket-stadium-with-cricket-pitch-and-set-up-wickets-in-the-daytime-under-a-blue-sky.jpg,8,2,0
37205930-a-cricket-stadium-with-cricket-pitch-and-set-up-wickets-in-the-daytime-under-a-blue-sky.jpg,8,3,0
37205930-a-cricket-stadium-with-cricket-pitch-and-set-up-wickets-in-the-daytime-under-a-blue-sky.jpg,8,4,3
37205930-a-cricket-stadium-with-cricket-pitch-and-set-up-wickets-in-the-daytime-under-a-blue-sky.jpg,8,5,3
37205930-a-cricket-stadium-with-cricket-pitch-and-set-up-wickets-in-the-daytime-under-a-blue-sky.jpg,8,6,0
37205930-a-cricket-stadium-with-cricket-pitch-and-set-up-wickets-in-the-daytime-under-a-blue-sky.jpg,8,7,0
37205930-a-cricket-stadium-with-cricket-pitch-and-set-up-wickets-in-the-daytime-under-a-blue-sky.jpg,8,8,0
3CAS5Setof3SpringPlasticStumpswithBase_Bails.jpg,1,1,0
3CAS5Setof3SpringPlasticStumpswithBase_Bails.jpg,1,2,0
3CAS5Setof3SpringPlasticStumpswithBase_Bails.jpg,1,3,0
3CAS5Setof3SpringPlasticStumpswithBase_Bails.jpg,1,4,3
3CAS5Setof3SpringPlasticStumpswithBase_Bails.jpg,1,5,3
3CAS5Setof3SpringPlasticStumpswithBase_Bails.jpg,1,6,3
3CAS5Setof3SpringPlasticStumpswithBase_Bails.jpg,1,7,0
3CAS5Setof3SpringPlasticStumpswithBase_Bails.jpg,1,8,0
3CAS5Setof3SpringPlasticStumpswithBase_Bails.jpg,2,1,0
3CAS5Setof3SpringPlasticStumpswithBase_Bails.jpg,2,2,0
3CAS5Setof3SpringPlasticStumpswithBase_Bails.jpg,2,3,0
3CAS5Setof3SpringPlasticStumpswithBase_Bails.jpg,2,4,3
3CAS5Setof3SpringPlasticStumpswithBase_Bails.jpg,2,5,3
3CAS5Setof3SpringPlasticStumpswithBase_Bails.jpg,2,6,3
3CAS5Setof3SpringPlasticStumpswithBase_Bails.jpg,2,7,0
3CAS5Setof3SpringPlasticStumpswithBase_Bails.jpg,2,8,0
3CAS5Setof3SpringPlasticStumpswithBase_Bails.jpg,3,1,0
3CAS5Setof3SpringPlasticStumpswithBase_Bails.jpg,3,2,0
3CAS5Setof3SpringPlasticStumpswithBase_Bails.jpg,3,3,0
3CAS5Setof3SpringPlasticStumpswithBase_Bails.jpg,3,4,3
3CAS5Setof3SpringPlasticStumpswithBase_Bails.jpg,3,5,3
3CAS5Setof3SpringPlasticStumpswithBase_Bails.jpg,3,6,3
3CAS5Setof3SpringPlasticStumpswithBase_Bails.jpg,3,7,0
3CAS5Setof3SpringPlasticStumpswithBase_Bails.jpg,3,8,0
3CAS5Setof3SpringPlasticStumpswithBase_Bails.jpg,4,1,0
3CAS5Setof3SpringPlasticStumpswithBase_Bails.jpg,4,2,0
3CAS5Setof3SpringPlasticStumpswithBase_Bails.jpg,4,3,0
3CAS5Setof3SpringPlasticStumpswithBase_Bails.jpg,4,4,3
3CAS5Setof3SpringPlasticStumpswithBase_Bails.jpg,4,5,3
3CAS5Setof3SpringPlasticStumpswithBase_Bails.jpg,4,6,3
3CAS5Setof3SpringPlasticStumpswithBase_Bails.jpg,4,7,0
3CAS5Setof3SpringPlasticStumpswithBase_Bails.jpg,4,8,0
3CAS5Setof3SpringPlasticStumpswithBase_Bails.jpg,5,1,0
3CAS5Setof3SpringPlasticStumpswithBase_Bails.jpg,5,2,0
3CAS5Setof3SpringPlasticStumpswithBase_Bails.jpg,5,3,0
3CAS5Setof3SpringPlasticStumpswithBase_Bails.jpg,5,4,3
3CAS5Setof3SpringPlasticStumpswithBase_Bails.jpg,5,5,3
3CAS5Setof3SpringPlasticStumpswithBase_Bails.jpg,5,6,3
3CAS5Setof3SpringPlasticStumpswithBase_Bails.jpg,5,7,0
3CAS5Setof3SpringPlasticStumpswithBase_Bails.jpg,5,8,0
3CAS5Setof3SpringPlasticStumpswithBase_Bails.jpg,6,1,0
3CAS5Setof3SpringPlasticStumpswithBase_Bails.jpg,6,2,0
3CAS5Setof3SpringPlasticStumpswithBase_Bails.jpg,6,3,0
3CAS5Setof3SpringPlasticStumpswithBase_Bails.jpg,6,4,3
3CAS5Setof3SpringPlasticStumpswithBase_Bails.jpg,6,5,3
3CAS5Setof3SpringPlasticStumpswithBase_Bails.jpg,6,6,3
3CAS5Setof3SpringPlasticStumpswithBase_Bails.jpg,6,7,0
3CAS5Setof3SpringPlasticStumpswithBase_Bails.jpg,6,8,0
3CAS5Setof3SpringPlasticStumpswithBase_Bails.jpg,7,1,0
3CAS5Setof3SpringPlasticStumpswithBase_Bails.jpg,7,2,0
3CAS5Setof3SpringPlasticStumpswithBase_Bails.jpg,7,3,0
3CAS5Setof3SpringPlasticStumpswithBase_Bails.jpg,7,4,3
3CAS5Setof3SpringPlasticStumpswithBase_Bails.jpg,7,5,3
3CAS5Setof3SpringPlasticStumpswithBase_Bails.jpg,7,6,3
3CAS5Setof3SpringPlasticStumpswithBase_Bails.jpg,7,7,0
3CAS5Setof3SpringPlasticStumpswithBase_Bails.jpg,7,8,0
3CAS5Setof3SpringPlasticStumpswithBase_Bails.jpg,8,1,0
3CAS5Setof3SpringPlasticStumpswithBase_Bails.jpg,8,2,0
3CAS5Setof3SpringPlasticStumpswithBase_Bails.jpg,8,3,0
3CAS5Setof3SpringPlasticStumpswithBase_Bails.jpg,8,4,3
3CAS5Setof3SpringPlasticStumpswithBase_Bails.jpg,8,5,3
3CAS5Setof3SpringPlasticStumpswithBase_Bails.jpg,8,6,3
3CAS5Setof3SpringPlasticStumpswithBase_Bails.jpg,8,7,0
3CAS5Setof3SpringPlasticStumpswithBase_Bails.jpg,8,8,0
3d-shiny-new-test-match-600nw-2449821457 (1).jpg,1,1,0
3d-shiny-new-test-match-600nw-2449821457 (1).jpg,1,2,0
3d-shiny-new-test-match-600nw-2449821457 (1).jpg,1,3,0
3d-shiny-new-test-match-600nw-2449821457 (1).jpg,1,4,0
3d-shiny-new-test-match-600nw-2449821457 (1).jpg,1,5,0
3d-shiny-new-test-match-600nw-2449821457 (1).jpg,1,6,0
3d-shiny-new-test-match-600nw-2449821457 (1).jpg,1,7,0
3d-shiny-new-test-match-600nw-2449821457 (1).jpg,1,8,0
3d-shiny-new-test-match-600nw-2449821457 (1).jpg,2,1,0
3d-shiny-new-test-match-600nw-2449821457 (1).jpg,2,2,0
3d-shiny-new-test-match-600nw-2449821457 (1).jpg,2,3,0
3d-shiny-new-test-match-600nw-2449821457 (1).jpg,2,4,1
3d-shiny-new-test-match-600nw-2449821457 (1).jpg,2,5,1
3d-shiny-new-test-match-600nw-2449821457 (1).jpg,2,6,1
3d-shiny-new-test-match-600nw-2449821457 (1).jpg,2,7,0
3d-shiny-new-test-match-600nw-2449821457 (1).jpg,2,8,0
3d-shiny-new-test-match-600nw-2449821457 (1).jpg,3,1,0
3d-shiny-new-test-match-600nw-2449821457 (1).jpg,3,2,0
3d-shiny-new-test-match-600nw-2449821457 (1).jpg,3,3,1
3d-shiny-new-test-match-600nw-2449821457 (1).jpg,3,4,1
3d-shiny-new-test-match-600nw-2449821457 (1).jpg,3,5,1
3d-shiny-new-test-match-600nw-2449821457 (1).jpg,3,6,1
3d-shiny-new-test-match-600nw-2449821457 (1).jpg,3,7,0
3d-shiny-new-test-match-600nw-2449821457 (1).jpg,3,8,0
3d-shiny-new-test-match-600nw-2449821457 (1).jpg,4,1,0
3d-shiny-new-test-match-600nw-2449821457 (1).jpg,4,2,0
3d-shiny-new-test-match-600nw-2449821457 (1).jpg,4,3,1
3d-shiny-new-test-match-600nw-2449821457 (1).jpg,4,4,1
3d-shiny-new-test-match-600nw-2449821457 (1).jpg,4,5,1
3d-shiny-new-test-match-600nw-2449821457 (1).jpg,4,6,1
3d-shiny-new-test-match-600nw-2449821457 (1).jpg,4,7,0
3d-shiny-new-test-match-600nw-2449821457 (1).jpg,4,8,0
3d-shiny-new-test-match-600nw-2449821457 (1).jpg,5,1,0
3d-shiny-new-test-match-600nw-2449821457 (1).jpg,5,2,0
3d-shiny-new-test-match-600nw-2449821457 (1).jpg,5,3,1
3d-shiny-new-test-match-600nw-2449821457 (1).jpg,5,4,1
3d-shiny-new-test-match-600nw-2449821457 (1).jpg,5,5,1
3d-shiny-new-test-match-600nw-2449821457 (1).jpg,5,6,1
3d-shiny-new-test-match-600nw-2449821457 (1).jpg,5,7,0
3d-shiny-new-test-match-600nw-2449821457 (1).jpg,5,8,0
3d-shiny-new-test-match-600nw-2449821457 (1).jpg,6,1,0
3d-shiny-new-test-match-600nw-2449821457 (1).jpg,6,2,0
3d-shiny-new-test-match-600nw-2449821457 (1).jpg,6,3,1
3d-shiny-new-test-match-600nw-2449821457 (1).jpg,6,4,1
3d-shiny-new-test-match-600nw-2449821457 (1).jpg,6,5,1
3d-shiny-new-test-match-600nw-2449821457 (1).jpg,6,6,1
3d-shiny-new-test-match-600nw-2449821457 (1).jpg,6,7,0
3d-shiny-new-test-match-600nw-2449821457 (1).jpg,6,8,0
3d-shiny-new-test-match-600nw-2449821457 (1).jpg,7,1,0
3d-shiny-new-test-match-600nw-2449821457 (1).jpg,7,2,0
3d-shiny-new-test-match-600nw-2449821457 (1).jpg,7,3,1
3d-shiny-new-test-match-600nw-2449821457 (1).jpg,7,4,1
3d-shiny-new-test-match-600nw-2449821457 (1).jpg,7,5,1
3d-shiny-new-test-match-600nw-2449821457 (1).jpg,7,6,0
3d-shiny-new-test-match-600nw-2449821457 (1).jpg,7,7,0
3d-shiny-new-test-match-600nw-2449821457 (1).jpg,7,8,0
3d-shiny-new-test-match-600nw-2449821457 (1).jpg,8,1,0
3d-shiny-new-test-match-600nw-2449821457 (1).jpg,8,2,0
3d-shiny-new-test-match-600nw-2449821457 (1).jpg,8,3,0
3d-shiny-new-test-match-600nw-2449821457 (1).jpg,8,4,0
3d-shiny-new-test-match-600nw-2449821457 (1).jpg,8,5,0
3d-shiny-new-test-match-600nw-2449821457 (1).jpg,8,6,0
3d-shiny-new-test-match-600nw-2449821457 (1).jpg,8,7,0
3d-shiny-new-test-match-600nw-2449821457 (1).jpg,8,8,0
4138RahOWCL.jpg,1,1,0
4138RahOWCL.jpg,1,2,0
4138RahOWCL.jpg,1,3,0
4138RahOWCL.jpg,1,4,3
4138RahOWCL.jpg,1,5,3
4138RahOWCL.jpg,1,6,3
4138RahOWCL.jpg,1,7,0
4138RahOWCL.jpg,1,8,0
4138RahOWCL.jpg,2,1,0
4138RahOWCL.jpg,2,2,0
4138RahOWCL.jpg,2,3,0
4138RahOWCL.jpg,2,4,3
4138RahOWCL.jpg,2,5,3
4138RahOWCL.jpg,2,6,3
4138RahOWCL.jpg,2,7,0
4138RahOWCL.jpg,2,8,0
4138RahOWCL.jpg,3,1,0
4138RahOWCL.jpg,3,2,0
4138RahOWCL.jpg,3,3,0
4138RahOWCL.jpg,3,4,3
4138RahOWCL.jpg,3,5,3
4138RahOWCL.jpg,3,6,3
4138RahOWCL.jpg,3,7,0
4138RahOWCL.jpg,3,8,0
4138RahOWCL.jpg,4,1,0
4138RahOWCL.jpg,4,2,0
4138RahOWCL.jpg,4,3,0
4138RahOWCL.jpg,4,4,3
4138RahOWCL.jpg,4,5,3
4138RahOWCL.jpg,4,6,3
4138RahOWCL.jpg,4,7,0
4138RahOWCL.jpg,4,8,0
4138RahOWCL.jpg,5,1,0
4138RahOWCL.jpg,5,2,0
4138RahOWCL.jpg,5,3,0
4138RahOWCL.jpg,5,4,3
4138RahOWCL.jpg,5,5,3
4138RahOWCL.jpg,5,6,3
4138RahOWCL.jpg,5,7,0
4138RahOWCL.jpg,5,8,0
4138RahOWCL.jpg,6,1,0
4138RahOWCL.jpg,6,2,0
4138RahOWCL.jpg,6,3,0
4138RahOWCL.jpg,6,4,3
4138RahOWCL.jpg,6,5,3
4138RahOWCL.jpg,6,6,3
4138RahOWCL.jpg,6,7,0
4138RahOWCL.jpg,6,8,0
4138RahOWCL.jpg,7,1,0
4138RahOWCL.jpg,7,2,0
4138RahOWCL.jpg,7,3,0
4138RahOWCL.jpg,7,4,3
4138RahOWCL.jpg,7,5,3
4138RahOWCL.jpg,7,6,3
4138RahOWCL.jpg,7,7,0
4138RahOWCL.jpg,7,8,0
4138RahOWCL.jpg,8,1,0
4138RahOWCL.jpg,8,2,0
4138RahOWCL.jpg,8,3,0
4138RahOWCL.jpg,8,4,0
4138RahOWCL.jpg,8,5,3
4138RahOWCL.jpg,8,6,3
4138RahOWCL.jpg,8,7,0
4138RahOWCL.jpg,8,8,0
41POwIM+VxL (1).jpg,1,1,0
41POwIM+VxL (1).jpg,1,2,1
41POwIM+VxL (1).jpg,1,3,1
41POwIM+VxL (1).jpg,1,4,1
41POwIM+VxL (1).jpg,1,5,1
41POwIM+VxL (1).jpg,1,6,1
41POwIM+VxL (1).jpg,1,7,0
41POwIM+VxL (1).jpg,1,8,0
41POwIM+VxL (1).jpg,2,1,0
41POwIM+VxL (1).jpg,2,2,1
41POwIM+VxL (1).jpg,2,3,1
41POwIM+VxL (1).jpg,2,4,1
41POwIM+VxL (1).jpg,2,5,1
41POwIM+VxL (1).jpg,2,6,1
41POwIM+VxL (1).jpg,2,7,1
41POwIM+VxL (1).jpg,2,8,0
41POwIM+VxL (1).jpg,3,1,0
41POwIM+VxL (1).jpg,3,2,1
41POwIM+VxL (1).jpg,3,3,1
41POwIM+VxL (1).jpg,3,4,1
41POwIM+VxL (1).jpg,3,5,1
41POwIM+VxL (1).jpg,3,6,1
41POwIM+VxL (1).jpg,3,7,1
41POwIM+VxL (1).jpg,3,8,0
41POwIM+VxL (1).jpg,4,1,0
41POwIM+VxL (1).jpg,4,2,1
41POwIM+VxL (1).jpg,4,3,1
41POwIM+VxL (1).jpg,4,4,1
41POwIM+VxL (1).jpg,4,5,1
41POwIM+VxL (1).jpg,4,6,1
41POwIM+VxL (1).jpg,4,7,1
41POwIM+VxL (1).jpg,4,8,0
41POwIM+VxL (1).jpg,5,1,0
41POwIM+VxL (1).jpg,5,2,1
41POwIM+VxL (1).jpg,5,3,1
41POwIM+VxL (1).jpg,5,4,1
41POwIM+VxL (1).jpg,5,5,1
41POwIM+VxL (1).jpg,5,6,1
41POwIM+VxL (1).jpg,5,7,1
41POwIM+VxL (1).jpg,5,8,0
41POwIM+VxL (1).jpg,6,1,0
41POwIM+VxL (1).jpg,6,2,1
41POwIM+VxL (1).jpg,6,3,1
41POwIM+VxL (1).jpg,6,4,1
41POwIM+VxL (1).jpg,6,5,1
41POwIM+VxL (1).jpg,6,6,1
41POwIM+VxL (1).jpg,6,7,1
41POwIM+VxL (1).jpg,6,8,0
41POwIM+VxL (1).jpg,7,1,0
41POwIM+VxL (1).jpg,7,2,1
41POwIM+VxL (1).jpg,7,3,1
41POwIM+VxL (1).jpg,7,4,1
41POwIM+VxL (1).jpg,7,5,1
41POwIM+VxL (1).jpg,7,6,0
41POwIM+VxL (1).jpg,7,7,1
41POwIM+VxL (1).jpg,7,8,0
41POwIM+VxL (1).jpg,8,1,0
41POwIM+VxL (1).jpg,8,2,0
41POwIM+VxL (1).jpg,8,3,1
41POwIM+VxL (1).jpg,8,4,1
41POwIM+VxL (1).jpg,8,5,1
41POwIM+VxL (1).jpg,8,6,1
41POwIM+VxL (1).jpg,8,7,0
41POwIM+VxL (1).jpg,8,8,0
51N4osZp-rL.jpg,1,1,0
51N4osZp-rL.jpg,1,2,0
51N4osZp-rL.jpg,1,3,0
51N4osZp-rL.jpg,1,4,0
51N4osZp-rL.jpg,1,5,0
51N4osZp-rL.jpg,1,6,0
51N4osZp-rL.jpg,1,7,0
51N4osZp-rL.jpg,1,8,0
51N4osZp-rL.jpg,2,1,0
51N4osZp-rL.jpg,2,2,0
51N4osZp-rL.jpg,2,3,0
51N4osZp-rL.jpg,2,4,0
51N4osZp-rL.jpg,2,5,0
51N4osZp-rL.jpg,2,6,0
51N4osZp-rL.jpg,2,7,0
51N4osZp-rL.jpg,2,8,0
51N4osZp-rL.jpg,3,1,0
51N4osZp-rL.jpg,3,2,0
51N4osZp-rL.jpg,3,3,0
51N4osZp-rL.jpg,3,4,0
51N4osZp-rL.jpg,3,5,0
51N4osZp-rL.jpg,3,6,0
51N4osZp-rL.jpg,3,7,0
51N4osZp-rL.jpg,3,8,0
51N4osZp-rL.jpg,4,1,0
51N4osZp-rL.jpg,4,2,0
51N4osZp-rL.jpg,4,3,3
51N4osZp-rL.jpg,4,4,3
51N4osZp-rL.jpg,4,5,0
51N4osZp-rL.jpg,4,6,0
51N4osZp-rL.jpg,4,7,0
51N4osZp-rL.jpg,4,8,0
51N4osZp-rL.jpg,5,1,0
51N4osZp-rL.jpg,5,2,0
51N4osZp-rL.jpg,5,3,3
51N4osZp-rL.jpg,5,4,3
51N4osZp-rL.jpg,5,5,0
51N4osZp-rL.jpg,5,6,0
51N4osZp-rL.jpg,5,7,0
51N4osZp-rL.jpg,5,8,0
51N4osZp-rL.jpg,6,1,0
51N4osZp-rL.jpg,6,2,0
51N4osZp-rL.jpg,6,3,3
51N4osZp-rL.jpg,6,4,3
51N4osZp-rL.jpg,6,5,0
51N4osZp-rL.jpg,6,6,0
51N4osZp-rL.jpg,6,7,0
51N4osZp-rL.jpg,6,8,0
51N4osZp-rL.jpg,7,1,0
51N4osZp-rL.jpg,7,2,0
51N4osZp-rL.jpg,7,3,3
51N4osZp-rL.jpg,7,4,3
51N4osZp-rL.jpg,7,5,0
51N4osZp-rL.jpg,7,6,0
51N4osZp-rL.jpg,7,7,0
51N4osZp-rL.jpg,7,8,0
51N4osZp-rL.jpg,8,1,0
51N4osZp-rL.jpg,8,2,0
51N4osZp-rL.jpg,8,3,3
51N4osZp-rL.jpg,8,4,3
51N4osZp-rL.jpg,8,5,0
51N4osZp-rL.jpg,8,6,0
51N4osZp-rL.jpg,8,7,0
51N4osZp-rL.jpg,8,8,0
51vixSq1Z9L (1).jpg,1,1,0
51vixSq1Z9L (1).jpg,1,2,0
51vixSq1Z9L (1).jpg,1,3,3
51vixSq1Z9L (1).jpg,1,4,3
51vixSq1Z9L (1).jpg,1,5,3
51vixSq1Z9L (1).jpg,1,6,3
51vixSq1Z9L (1).jpg,1,7,0
51vixSq1Z9L (1).jpg,1,8,0
51vixSq1Z9L (1).jpg,2,1,0
51vixSq1Z9L (1).jpg,2,2,0
51vixSq1Z9L (1).jpg,2,3,3
51vixSq1Z9L (1).jpg,2,4,3
51vixSq1Z9L (1).jpg,2,5,3
51vixSq1Z9L (1).jpg,2,6,3
51vixSq1Z9L (1).jpg,2,7,0
51vixSq1Z9L (1).jpg,2,8,0
51vixSq1Z9L (1).jpg,3,1,0
51vixSq1Z9L (1).jpg,3,2,0
51vixSq1Z9L (1).jpg,3,3,3
51vixSq1Z9L (1).jpg,3,4,3
51vixSq1Z9L (1).jpg,3,5,3
51vixSq1Z9L (1).jpg,3,6,3
51vixSq1Z9L (1).jpg,3,7,0
51vixSq1Z9L (1).jpg,3,8,0
51vixSq1Z9L (1).jpg,4,1,0
51vixSq1Z9L (1).jpg,4,2,0
51vixSq1Z9L (1).jpg,4,3,3
51vixSq1Z9L (1).jpg,4,4,3
51vixSq1Z9L (1).jpg,4,5,3
51vixSq1Z9L (1).jpg,4,6,3
51vixSq1Z9L (1).jpg,4,7,0
51vixSq1Z9L (1).jpg,4,8,0
51vixSq1Z9L (1).jpg,5,1,0
51vixSq1Z9L (1).jpg,5,2,0
51vixSq1Z9L (1).jpg,5,3,3
51vixSq1Z9L (1).jpg,5,4,3
51vixSq1Z9L (1).jpg,5,5,3
51vixSq1Z9L (1).jpg,5,6,3
51vixSq1Z9L (1).jpg,5,7,0
51vixSq1Z9L (1).jpg,5,8,0
51vixSq1Z9L (1).jpg,6,1,0
51vixSq1Z9L (1).jpg,6,2,0
51vixSq1Z9L (1).jpg,6,3,3
51vixSq1Z9L (1).jpg,6,4,3
51vixSq1Z9L (1).jpg,6,5,3
51vixSq1Z9L (1).jpg,6,6,3
51vixSq1Z9L (1).jpg,6,7,0
51vixSq1Z9L (1).jpg,6,8,0
51vixSq1Z9L (1).jpg,7,1,0
51vixSq1Z9L (1).jpg,7,2,0
51vixSq1Z9L (1).jpg,7,3,3
51vixSq1Z9L (1).jpg,7,4,3
51vixSq1Z9L (1).jpg,7,5,3
51vixSq1Z9L (1).jpg,7,6,3
51vixSq1Z9L (1).jpg,7,7,0
51vixSq1Z9L (1).jpg,7,8,0
51vixSq1Z9L (1).jpg,8,1,0
51vixSq1Z9L (1).jpg,8,2,0
51vixSq1Z9L (1).jpg,8,3,3
51vixSq1Z9L (1).jpg,8,4,3
51vixSq1Z9L (1).jpg,8,5,3
51vixSq1Z9L (1).jpg,8,6,3
51vixSq1Z9L (1).jpg,8,7,0
51vixSq1Z9L (1).jpg,8,8,0
51xKwpMH5OL.jpg,1,1,0
51xKwpMH5OL.jpg,1,2,0
51xKwpMH5OL.jpg,1,3,3
51xKwpMH5OL.jpg,1,4,3
51xKwpMH5OL.jpg,1,5,3
51xKwpMH5OL.jpg,1,6,3
51xKwpMH5OL.jpg,1,7,0
51xKwpMH5OL.jpg,1,8,0
51xKwpMH5OL.jpg,2,1,0
51xKwpMH5OL.jpg,2,2,0
51xKwpMH5OL.jpg,2,3,3
51xKwpMH5OL.jpg,2,4,3
51xKwpMH5OL.jpg,2,5,3
51xKwpMH5OL.jpg,2,6,3
51xKwpMH5OL.jpg,2,7,0
51xKwpMH5OL.jpg,2,8,0
51xKwpMH5OL.jpg,3,1,0
51xKwpMH5OL.jpg,3,2,0
51xKwpMH5OL.jpg,3,3,3
51xKwpMH5OL.jpg,3,4,3
51xKwpMH5OL.jpg,3,5,3
51xKwpMH5OL.jpg,3,6,3
51xKwpMH5OL.jpg,3,7,0
51xKwpMH5OL.jpg,3,8,0
51xKwpMH5OL.jpg,4,1,0
51xKwpMH5OL.jpg,4,2,0
51xKwpMH5OL.jpg,4,3,3
51xKwpMH5OL.jpg,4,4,3
51xKwpMH5OL.jpg,4,5,3
51xKwpMH5OL.jpg,4,6,3
51xKwpMH5OL.jpg,4,7,0
51xKwpMH5OL.jpg,4,8,0
51xKwpMH5OL.jpg,5,1,0
51xKwpMH5OL.jpg,5,2,0
51xKwpMH5OL.jpg,5,3,3
51xKwpMH5OL.jpg,5,4,3
51xKwpMH5OL.jpg,5,5,3
51xKwpMH5OL.jpg,5,6,3
51xKwpMH5OL.jpg,5,7,0
51xKwpMH5OL.jpg,5,8,0
51xKwpMH5OL.jpg,6,1,0
51xKwpMH5OL.jpg,6,2,0
51xKwpMH5OL.jpg,6,3,3
51xKwpMH5OL.jpg,6,4,3
51xKwpMH5OL.jpg,6,5,3
51xKwpMH5OL.jpg,6,6,3
51xKwpMH5OL.jpg,6,7,0
51xKwpMH5OL.jpg,6,8,0
51xKwpMH5OL.jpg,7,1,0
51xKwpMH5OL.jpg,7,2,0
51xKwpMH5OL.jpg,7,3,3
51xKwpMH5OL.jpg,7,4,3
51xKwpMH5OL.jpg,7,5,3
51xKwpMH5OL.jpg,7,6,3
51xKwpMH5OL.jpg,7,7,0
51xKwpMH5OL.jpg,7,8,0
51xKwpMH5OL.jpg,8,1,0
51xKwpMH5OL.jpg,8,2,0
51xKwpMH5OL.jpg,8,3,3
51xKwpMH5OL.jpg,8,4,3
51xKwpMH5OL.jpg,8,5,3
51xKwpMH5OL.jpg,8,6,3
51xKwpMH5OL.jpg,8,7,0
51xKwpMH5OL.jpg,8,8,0
51yt53t775L_1.jpg,1,1,0
51yt53t775L_1.jpg,1,2,0
51yt53t775L_1.jpg,1,3,0
51yt53t775L_1.jpg,1,4,0
51yt53t775L_1.jpg,1,5,3
51yt53t775L_1.jpg,1,6,3
51yt53t775L_1.jpg,1,7,3
51yt53t775L_1.jpg,1,8,0
51yt53t775L_1.jpg,2,1,0
51yt53t775L_1.jpg,2,2,0
51yt53t775L_1.jpg,2,3,0
51yt53t775L_1.jpg,2,4,0
51yt53t775L_1.jpg,2,5,3
51yt53t775L_1.jpg,2,6,3
51yt53t775L_1.jpg,2,7,3
51yt53t775L_1.jpg,2,8,0
51yt53t775L_1.jpg,3,1,0
51yt53t775L_1.jpg,3,2,0
51yt53t775L_1.jpg,3,3,0
51yt53t775L_1.jpg,3,4,0
51yt53t775L_1.jpg,3,5,3
51yt53t775L_1.jpg,3,6,3
51yt53t775L_1.jpg,3,7,3
51yt53t775L_1.jpg,3,8,0
51yt53t775L_1.jpg,4,1,0
51yt53t775L_1.jpg,4,2,0
51yt53t775L_1.jpg,4,3,0
51yt53t775L_1.jpg,4,4,0
51yt53t775L_1.jpg,4,5,3
51yt53t775L_1.jpg,4,6,3
51yt53t775L_1.jpg,4,7,3
51yt53t775L_1.jpg,4,8,0
51yt53t775L_1.jpg,5,1,0
51yt53t775L_1.jpg,5,2,0
51yt53t775L_1.jpg,5,3,0
51yt53t775L_1.jpg,5,4,0
51yt53t775L_1.jpg,5,5,3
51yt53t775L_1.jpg,5,6,3
51yt53t775L_1.jpg,5,7,3
51yt53t775L_1.jpg,5,8,0
51yt53t775L_1.jpg,6,1,0
51yt53t775L_1.jpg,6,2,0
51yt53t775L_1.jpg,6,3,0
51yt53t775L_1.jpg,6,4,0
51yt53t775L_1.jpg,6,5,3
51yt53t775L_1.jpg,6,6,3
51yt53t775L_1.jpg,6,7,3
51yt53t775L_1.jpg,6,8,0
51yt53t775L_1.jpg,7,1,0
51yt53t775L_1.jpg,7,2,0
51yt53t775L_1.jpg,7,3,0
51yt53t775L_1.jpg,7,4,0
51yt53t775L_1.jpg,7,5,3
51yt53t775L_1.jpg,7,6,3
51yt53t775L_1.jpg,7,7,3
51yt53t775L_1.jpg,7,8,0
51yt53t775L_1.jpg,8,1,0
51yt53t775L_1.jpg,8,2,0
51yt53t775L_1.jpg,8,3,0
51yt53t775L_1.jpg,8,4,0
51yt53t775L_1.jpg,8,5,3
51yt53t775L_1.jpg,8,6,3
51yt53t775L_1.jpg,8,7,3
51yt53t775L_1.jpg,8,8,0
61oOiPS7Q6L (1).jpg,1,1,0
61oOiPS7Q6L (1).jpg,1,2,0
61oOiPS7Q6L (1).jpg,1,3,0
61oOiPS7Q6L (1).jpg,1,4,0
61oOiPS7Q6L (1).jpg,1,5,0
61oOiPS7Q6L (1).jpg,1,6,0
61oOiPS7Q6L (1).jpg,1,7,0
61oOiPS7Q6L (1).jpg,1,8,0
61oOiPS7Q6L (1).jpg,2,1,0
61oOiPS7Q6L (1).jpg,2,2,0
61oOiPS7Q6L (1).jpg,2,3,1
61oOiPS7Q6L (1).jpg,2,4,1
61oOiPS7Q6L (1).jpg,2,5,1
61oOiPS7Q6L (1).jpg,2,6,1
61oOiPS7Q6L (1).jpg,2,7,0
61oOiPS7Q6L (1).jpg,2,8,0
61oOiPS7Q6L (1).jpg,3,1,0
61oOiPS7Q6L (1).jpg,3,2,0
61oOiPS7Q6L (1).jpg,3,3,1
61oOiPS7Q6L (1).jpg,3,4,1
61oOiPS7Q6L (1).jpg,3,5,1
61oOiPS7Q6L (1).jpg,3,6,1
61oOiPS7Q6L (1).jpg,3,7,0
61oOiPS7Q6L (1).jpg,3,8,0
61oOiPS7Q6L (1).jpg,4,1,0
61oOiPS7Q6L (1).jpg,4,2,1
61oOiPS7Q6L (1).jpg,4,3,1
61oOiPS7Q6L (1).jpg,4,4,1
61oOiPS7Q6L (1).jpg,4,5,1
61oOiPS7Q6L (1).jpg,4,6,1
61oOiPS7Q6L (1).jpg,4,7,1
61oOiPS7Q6L (1).jpg,4,8,0
61oOiPS7Q6L (1).jpg,5,1,0
61oOiPS7Q6L (1).jpg,5,2,1
61oOiPS7Q6L (1).jpg,5,3,1
61oOiPS7Q6L (1).jpg,5,4,1
61oOiPS7Q6L (1).jpg,5,5,1
61oOiPS7Q6L (1).jpg,5,6,1
61oOiPS7Q6L (1).jpg,5,7,1
61oOiPS7Q6L (1).jpg,5,8,0
61oOiPS7Q6L (1).jpg,6,1,0
61oOiPS7Q6L (1).jpg,6,2,0
61oOiPS7Q6L (1).jpg,6,3,1
61oOiPS7Q6L (1).jpg,6,4,1
61oOiPS7Q6L (1).jpg,6,5,1
61oOiPS7Q6L (1).jpg,6,6,1
61oOiPS7Q6L (1).jpg,6,7,0
61oOiPS7Q6L (1).jpg,6,8,0
61oOiPS7Q6L (1).jpg,7,1,0
61oOiPS7Q6L (1).jpg,7,2,0
61oOiPS7Q6L (1).jpg,7,3,1
61oOiPS7Q6L (1).jpg,7,4,1
61oOiPS7Q6L (1).jpg,7,5,1
61oOiPS7Q6L (1).jpg,7,6,1
61oOiPS7Q6L (1).jpg,7,7,0
61oOiPS7Q6L (1).jpg,7,8,0
61oOiPS7Q6L (1).jpg,8,1,0
61oOiPS7Q6L (1).jpg,8,2,0
61oOiPS7Q6L (1).jpg,8,3,0
61oOiPS7Q6L (1).jpg,8,4,0
61oOiPS7Q6L (1).jpg,8,5,0
61oOiPS7Q6L (1).jpg,8,6,0
61oOiPS7Q6L (1).jpg,8,7,0
61oOiPS7Q6L (1).jpg,8,8,0
63525e5def2e155f0d1743f2-leather-cricket-ball-a-grade (1).jpg,1,1,1
63525e5def2e155f0d1743f2-leather-cricket-ball-a-grade (1).jpg,1,2,1
63525e5def2e155f0d1743f2-leather-cricket-ball-a-grade (1).jpg,1,3,1
63525e5def2e155f0d1743f2-leather-cricket-ball-a-grade (1).jpg,1,4,1
63525e5def2e155f0d1743f2-leather-cricket-ball-a-grade (1).jpg,1,5,1
63525e5def2e155f0d1743f2-leather-cricket-ball-a-grade (1).jpg,1,6,1
63525e5def2e155f0d1743f2-leather-cricket-ball-a-grade (1).jpg,1,7,1
63525e5def2e155f0d1743f2-leather-cricket-ball-a-grade (1).jpg,1,8,1
63525e5def2e155f0d1743f2-leather-cricket-ball-a-grade (1).jpg,2,1,1
63525e5def2e155f0d1743f2-leather-cricket-ball-a-grade (1).jpg,2,2,1
63525e5def2e155f0d1743f2-leather-cricket-ball-a-grade (1).jpg,2,3,1
63525e5def2e155f0d1743f2-leather-cricket-ball-a-grade (1).jpg,2,4,1
63525e5def2e155f0d1743f2-leather-cricket-ball-a-grade (1).jpg,2,5,1
63525e5def2e155f0d1743f2-leather-cricket-ball-a-grade (1).jpg,2,6,1
63525e5def2e155f0d1743f2-leather-cricket-ball-a-grade (1).jpg,2,7,1
63525e5def2e155f0d1743f2-leather-cricket-ball-a-grade (1).jpg,2,8,1
63525e5def2e155f0d1743f2-leather-cricket-ball-a-grade (1).jpg,3,1,1
63525e5def2e155f0d1743f2-leather-cricket-ball-a-grade (1).jpg,3,2,1
63525e5def2e155f0d1743f2-leather-cricket-ball-a-grade (1).jpg,3,3,1
63525e5def2e155f0d1743f2-leather-cricket-ball-a-grade (1).jpg,3,4,1
63525e5def2e155f0d1743f2-leather-cricket-ball-a-grade (1).jpg,3,5,1
63525e5def2e155f0d1743f2-leather-cricket-ball-a-grade (1).jpg,3,6,1
63525e5def2e155f0d1743f2-leather-cricket-ball-a-grade (1).jpg,3,7,1
63525e5def2e155f0d1743f2-leather-cricket-ball-a-grade (1).jpg,3,8,1
63525e5def2e155f0d1743f2-leather-cricket-ball-a-grade (1).jpg,4,1,1
63525e5def2e155f0d1743f2-leather-cricket-ball-a-grade (1).jpg,4,2,1
63525e5def2e155f0d1743f2-leather-cricket-ball-a-grade (1).jpg,4,3,1
63525e5def2e155f0d1743f2-leather-cricket-ball-a-grade (1).jpg,4,4,1
63525e5def2e155f0d1743f2-leather-cricket-ball-a-grade (1).jpg,4,5,1
63525e5def2e155f0d1743f2-leather-cricket-ball-a-grade (1).jpg,4,6,1
63525e5def2e155f0d1743f2-leather-cricket-ball-a-grade (1).jpg,4,7,1
63525e5def2e155f0d1743f2-leather-cricket-ball-a-grade (1).jpg,4,8,1
63525e5def2e155f0d1743f2-leather-cricket-ball-a-grade (1).jpg,5,1,1
63525e5def2e155f0d1743f2-leather-cricket-ball-a-grade (1).jpg,5,2,1
63525e5def2e155f0d1743f2-leather-cricket-ball-a-grade (1).jpg,5,3,1
63525e5def2e155f0d1743f2-leather-cricket-ball-a-grade (1).jpg,5,4,1
63525e5def2e155f0d1743f2-leather-cricket-ball-a-grade (1).jpg,5,5,1
63525e5def2e155f0d1743f2-leather-cricket-ball-a-grade (1).jpg,5,6,1
63525e5def2e155f0d1743f2-leather-cricket-ball-a-grade (1).jpg,5,7,1
63525e5def2e155f0d1743f2-leather-cricket-ball-a-grade (1).jpg,5,8,1
63525e5def2e155f0d1743f2-leather-cricket-ball-a-grade (1).jpg,6,1,1
63525e5def2e155f0d1743f2-leather-cricket-ball-a-grade (1).jpg,6,2,1
63525e5def2e155f0d1743f2-leather-cricket-ball-a-grade (1).jpg,6,3,1
63525e5def2e155f0d1743f2-leather-cricket-ball-a-grade (1).jpg,6,4,1
63525e5def2e155f0d1743f2-leather-cricket-ball-a-grade (1).jpg,6,5,1
63525e5def2e155f0d1743f2-leather-cricket-ball-a-grade (1).jpg,6,6,1
63525e5def2e155f0d1743f2-leather-cricket-ball-a-grade (1).jpg,6,7,1
63525e5def2e155f0d1743f2-leather-cricket-ball-a-grade (1).jpg,6,8,1
63525e5def2e155f0d1743f2-leather-cricket-ball-a-grade (1).jpg,7,1,1
63525e5def2e155f0d1743f2-leather-cricket-ball-a-grade (1).jpg,7,2,1
63525e5def2e155f0d1743f2-leather-cricket-ball-a-grade (1).jpg,7,3,1
63525e5def2e155f0d1743f2-leather-cricket-ball-a-grade (1).jpg,7,4,1
63525e5def2e155f0d1743f2-leather-cricket-ball-a-grade (1).jpg,7,5,1
63525e5def2e155f0d1743f2-leather-cricket-ball-a-grade (1).jpg,7,6,1
63525e5def2e155f0d1743f2-leather-cricket-ball-a-grade (1).jpg,7,7,1
63525e5def2e155f0d1743f2-leather-cricket-ball-a-grade (1).jpg,7,8,1
63525e5def2e155f0d1743f2-leather-cricket-ball-a-grade (1).jpg,8,1,1
63525e5def2e155f0d1743f2-leather-cricket-ball-a-grade (1).jpg,8,2,1
63525e5def2e155f0d1743f2-leather-cricket-ball-a-grade (1).jpg,8,3,1
63525e5def2e155f0d1743f2-leather-cricket-ball-a-grade (1).jpg,8,4,1
63525e5def2e155f0d1743f2-leather-cricket-ball-a-grade (1).jpg,8,5,1
63525e5def2e155f0d1743f2-leather-cricket-ball-a-grade (1).jpg,8,6,1
63525e5def2e155f0d1743f2-leather-cricket-ball-a-grade (1).jpg,8,7,1
63525e5def2e155f0d1743f2-leather-cricket-ball-a-grade (1).jpg,8,8,1
635d5213a4406d5b2373ffe5-cricnix-cricket-ball-premier-red-leather (1).jpg,1,1,1
635d5213a4406d5b2373ffe5-cricnix-cricket-ball-premier-red-leather (1).jpg,1,2,1
635d5213a4406d5b2373ffe5-cricnix-cricket-ball-premier-red-leather (1).jpg,1,3,1
635d5213a4406d5b2373ffe5-cricnix-cricket-ball-premier-red-leather (1).jpg,1,4,1
635d5213a4406d5b2373ffe5-cricnix-cricket-ball-premier-red-leather (1).jpg,1,5,1
635d5213a4406d5b2373ffe5-cricnix-cricket-ball-premier-red-leather (1).jpg,1,6,1
635d5213a4406d5b2373ffe5-cricnix-cricket-ball-premier-red-leather (1).jpg,1,7,1
635d5213a4406d5b2373ffe5-cricnix-cricket-ball-premier-red-leather (1).jpg,1,8,1
635d5213a4406d5b2373ffe5-cricnix-cricket-ball-premier-red-leather (1).jpg,2,1,1
635d5213a4406d5b2373ffe5-cricnix-cricket-ball-premier-red-leather (1).jpg,2,2,1
635d5213a4406d5b2373ffe5-cricnix-cricket-ball-premier-red-leather (1).jpg,2,3,1
635d5213a4406d5b2373ffe5-cricnix-cricket-ball-premier-red-leather (1).jpg,2,4,1
635d5213a4406d5b2373ffe5-cricnix-cricket-ball-premier-red-leather (1).jpg,2,5,1
635d5213a4406d5b2373ffe5-cricnix-cricket-ball-premier-red-leather (1).jpg,2,6,1
635d5213a4406d5b2373ffe5-cricnix-cricket-ball-premier-red-leather (1).jpg,2,7,1
635d5213a4406d5b2373ffe5-cricnix-cricket-ball-premier-red-leather (1).jpg,2,8,1
635d5213a4406d5b2373ffe5-cricnix-cricket-ball-premier-red-leather (1).jpg,3,1,1
635d5213a4406d5b2373ffe5-cricnix-cricket-ball-premier-red-leather (1).jpg,3,2,1
635d5213a4406d5b2373ffe5-cricnix-cricket-ball-premier-red-leather (1).jpg,3,3,1
635d5213a4406d5b2373ffe5-cricnix-cricket-ball-premier-red-leather (1).jpg,3,4,1
635d5213a4406d5b2373ffe5-cricnix-cricket-ball-premier-red-leather (1).jpg,3,5,1
635d5213a4406d5b2373ffe5-cricnix-cricket-ball-premier-red-leather (1).jpg,3,6,1
635d5213a4406d5b2373ffe5-cricnix-cricket-ball-premier-red-leather (1).jpg,3,7,1
635d5213a4406d5b2373ffe5-cricnix-cricket-ball-premier-red-leather (1).jpg,3,8,1
635d5213a4406d5b2373ffe5-cricnix-cricket-ball-premier-red-leather (1).jpg,4,1,1
635d5213a4406d5b2373ffe5-cricnix-cricket-ball-premier-red-leather (1).jpg,4,2,1
635d5213a4406d5b2373ffe5-cricnix-cricket-ball-premier-red-leather (1).jpg,4,3,1
635d5213a4406d5b2373ffe5-cricnix-cricket-ball-premier-red-leather (1).jpg,4,4,1
635d5213a4406d5b2373ffe5-cricnix-cricket-ball-premier-red-leather (1).jpg,4,5,1
635d5213a4406d5b2373ffe5-cricnix-cricket-ball-premier-red-leather (1).jpg,4,6,1
635d5213a4406d5b2373ffe5-cricnix-cricket-ball-premier-red-leather (1).jpg,4,7,1
635d5213a4406d5b2373ffe5-cricnix-cricket-ball-premier-red-leather (1).jpg,4,8,1
635d5213a4406d5b2373ffe5-cricnix-cricket-ball-premier-red-leather (1).jpg,5,1,1
635d5213a4406d5b2373ffe5-cricnix-cricket-ball-premier-red-leather (1).jpg,5,2,1
635d5213a4406d5b2373ffe5-cricnix-cricket-ball-premier-red-leather (1).jpg,5,3,1
635d5213a4406d5b2373ffe5-cricnix-cricket-ball-premier-red-leather (1).jpg,5,4,1
635d5213a4406d5b2373ffe5-cricnix-cricket-ball-premier-red-leather (1).jpg,5,5,1
635d5213a4406d5b2373ffe5-cricnix-cricket-ball-premier-red-leather (1).jpg,5,6,1
635d5213a4406d5b2373ffe5-cricnix-cricket-ball-premier-red-leather (1).jpg,5,7,1
635d5213a4406d5b2373ffe5-cricnix-cricket-ball-premier-red-leather (1).jpg,5,8,1
635d5213a4406d5b2373ffe5-cricnix-cricket-ball-premier-red-leather (1).jpg,6,1,1
635d5213a4406d5b2373ffe5-cricnix-cricket-ball-premier-red-leather (1).jpg,6,2,1
635d5213a4406d5b2373ffe5-cricnix-cricket-ball-premier-red-leather (1).jpg,6,3,1
635d5213a4406d5b2373ffe5-cricnix-cricket-ball-premier-red-leather (1).jpg,6,4,1
635d5213a4406d5b2373ffe5-cricnix-cricket-ball-premier-red-leather (1).jpg,6,5,1
635d5213a4406d5b2373ffe5-cricnix-cricket-ball-premier-red-leather (1).jpg,6,6,1
635d5213a4406d5b2373ffe5-cricnix-cricket-ball-premier-red-leather (1).jpg,6,7,1
635d5213a4406d5b2373ffe5-cricnix-cricket-ball-premier-red-leather (1).jpg,6,8,1
635d5213a4406d5b2373ffe5-cricnix-cricket-ball-premier-red-leather (1).jpg,7,1,1
635d5213a4406d5b2373ffe5-cricnix-cricket-ball-premier-red-leather (1).jpg,7,2,1
635d5213a4406d5b2373ffe5-cricnix-cricket-ball-premier-red-leather (1).jpg,7,3,1
635d5213a4406d5b2373ffe5-cricnix-cricket-ball-premier-red-leather (1).jpg,7,4,1
635d5213a4406d5b2373ffe5-cricnix-cricket-ball-premier-red-leather (1).jpg,7,5,1
635d5213a4406d5b2373ffe5-cricnix-cricket-ball-premier-red-leather (1).jpg,7,6,1
635d5213a4406d5b2373ffe5-cricnix-cricket-ball-premier-red-leather (1).jpg,7,7,1
635d5213a4406d5b2373ffe5-cricnix-cricket-ball-premier-red-leather (1).jpg,7,8,1
635d5213a4406d5b2373ffe5-cricnix-cricket-ball-premier-red-leather (1).jpg,8,1,0
635d5213a4406d5b2373ffe5-cricnix-cricket-ball-premier-red-leather (1).jpg,8,2,1
635d5213a4406d5b2373ffe5-cricnix-cricket-ball-premier-red-leather (1).jpg,8,3,1
635d5213a4406d5b2373ffe5-cricnix-cricket-ball-premier-red-leather (1).jpg,8,4,1
635d5213a4406d5b2373ffe5-cricnix-cricket-ball-premier-red-leather (1).jpg,8,5,1
635d5213a4406d5b2373ffe5-cricnix-cricket-ball-premier-red-leather (1).jpg,8,6,1
635d5213a4406d5b2373ffe5-cricnix-cricket-ball-premier-red-leather (1).jpg,8,7,1
635d5213a4406d5b2373ffe5-cricnix-cricket-ball-premier-red-leather (1).jpg,8,8,0
63c11b978ed14a68cc0edeea-yoogi-all-in-one-plastic-stump-set.jpg,1,1,0
63c11b978ed14a68cc0edeea-yoogi-all-in-one-plastic-stump-set.jpg,1,2,0
63c11b978ed14a68cc0edeea-yoogi-all-in-one-plastic-stump-set.jpg,1,3,0
63c11b978ed14a68cc0edeea-yoogi-all-in-one-plastic-stump-set.jpg,1,4,3
63c11b978ed14a68cc0edeea-yoogi-all-in-one-plastic-stump-set.jpg,1,5,3
63c11b978ed14a68cc0edeea-yoogi-all-in-one-plastic-stump-set.jpg,1,6,3
63c11b978ed14a68cc0edeea-yoogi-all-in-one-plastic-stump-set.jpg,1,7,3
63c11b978ed14a68cc0edeea-yoogi-all-in-one-plastic-stump-set.jpg,1,8,2
63c11b978ed14a68cc0edeea-yoogi-all-in-one-plastic-stump-set.jpg,2,1,0
63c11b978ed14a68cc0edeea-yoogi-all-in-one-plastic-stump-set.jpg,2,2,0
63c11b978ed14a68cc0edeea-yoogi-all-in-one-plastic-stump-set.jpg,2,3,0
63c11b978ed14a68cc0edeea-yoogi-all-in-one-plastic-stump-set.jpg,2,4,3
63c11b978ed14a68cc0edeea-yoogi-all-in-one-plastic-stump-set.jpg,2,5,3
63c11b978ed14a68cc0edeea-yoogi-all-in-one-plastic-stump-set.jpg,2,6,3
63c11b978ed14a68cc0edeea-yoogi-all-in-one-plastic-stump-set.jpg,2,7,3
63c11b978ed14a68cc0edeea-yoogi-all-in-one-plastic-stump-set.jpg,2,8,2
63c11b978ed14a68cc0edeea-yoogi-all-in-one-plastic-stump-set.jpg,3,1,0
63c11b978ed14a68cc0edeea-yoogi-all-in-one-plastic-stump-set.jpg,3,2,0
63c11b978ed14a68cc0edeea-yoogi-all-in-one-plastic-stump-set.jpg,3,3,0
63c11b978ed14a68cc0edeea-yoogi-all-in-one-plastic-stump-set.jpg,3,4,3
63c11b978ed14a68cc0edeea-yoogi-all-in-one-plastic-stump-set.jpg,3,5,3
63c11b978ed14a68cc0edeea-yoogi-all-in-one-plastic-stump-set.jpg,3,6,3
63c11b978ed14a68cc0edeea-yoogi-all-in-one-plastic-stump-set.jpg,3,7,3
63c11b978ed14a68cc0edeea-yoogi-all-in-one-plastic-stump-set.jpg,3,8,2
63c11b978ed14a68cc0edeea-yoogi-all-in-one-plastic-stump-set.jpg,4,1,0
63c11b978ed14a68cc0edeea-yoogi-all-in-one-plastic-stump-set.jpg,4,2,0
63c11b978ed14a68cc0edeea-yoogi-all-in-one-plastic-stump-set.jpg,4,3,0
63c11b978ed14a68cc0edeea-yoogi-all-in-one-plastic-stump-set.jpg,4,4,3
63c11b978ed14a68cc0edeea-yoogi-all-in-one-plastic-stump-set.jpg,4,5,3
63c11b978ed14a68cc0edeea-yoogi-all-in-one-plastic-stump-set.jpg,4,6,3
63c11b978ed14a68cc0edeea-yoogi-all-in-one-plastic-stump-set.jpg,4,7,3
63c11b978ed14a68cc0edeea-yoogi-all-in-one-plastic-stump-set.jpg,4,8,2
63c11b978ed14a68cc0edeea-yoogi-all-in-one-plastic-stump-set.jpg,5,1,0
63c11b978ed14a68cc0edeea-yoogi-all-in-one-plastic-stump-set.jpg,5,2,0
63c11b978ed14a68cc0edeea-yoogi-all-in-one-plastic-stump-set.jpg,5,3,0
63c11b978ed14a68cc0edeea-yoogi-all-in-one-plastic-stump-set.jpg,5,4,3
63c11b978ed14a68cc0edeea-yoogi-all-in-one-plastic-stump-set.jpg,5,5,3
63c11b978ed14a68cc0edeea-yoogi-all-in-one-plastic-stump-set.jpg,5,6,3
63c11b978ed14a68cc0edeea-yoogi-all-in-one-plastic-stump-set.jpg,5,7,3
63c11b978ed14a68cc0edeea-yoogi-all-in-one-plastic-stump-set.jpg,5,8,2
63c11b978ed14a68cc0edeea-yoogi-all-in-one-plastic-stump-set.jpg,6,1,0
63c11b978ed14a68cc0edeea-yoogi-all-in-one-plastic-stump-set.jpg,6,2,0
63c11b978ed14a68cc0edeea-yoogi-all-in-one-plastic-stump-set.jpg,6,3,0
63c11b978ed14a68cc0edeea-yoogi-all-in-one-plastic-stump-set.jpg,6,4,3
63c11b978ed14a68cc0edeea-yoogi-all-in-one-plastic-stump-set.jpg,6,5,3
63c11b978ed14a68cc0edeea-yoogi-all-in-one-plastic-stump-set.jpg,6,6,3
63c11b978ed14a68cc0edeea-yoogi-all-in-one-plastic-stump-set.jpg,6,7,3
63c11b978ed14a68cc0edeea-yoogi-all-in-one-plastic-stump-set.jpg,6,8,2
63c11b978ed14a68cc0edeea-yoogi-all-in-one-plastic-stump-set.jpg,7,1,0
63c11b978ed14a68cc0edeea-yoogi-all-in-one-plastic-stump-set.jpg,7,2,0
63c11b978ed14a68cc0edeea-yoogi-all-in-one-plastic-stump-set.jpg,7,3,0
63c11b978ed14a68cc0edeea-yoogi-all-in-one-plastic-stump-set.jpg,7,4,3
63c11b978ed14a68cc0edeea-yoogi-all-in-one-plastic-stump-set.jpg,7,5,3
63c11b978ed14a68cc0edeea-yoogi-all-in-one-plastic-stump-set.jpg,7,6,3
63c11b978ed14a68cc0edeea-yoogi-all-in-one-plastic-stump-set.jpg,7,7,3
63c11b978ed14a68cc0edeea-yoogi-all-in-one-plastic-stump-set.jpg,7,8,2
63c11b978ed14a68cc0edeea-yoogi-all-in-one-plastic-stump-set.jpg,8,1,0
63c11b978ed14a68cc0edeea-yoogi-all-in-one-plastic-stump-set.jpg,8,2,0
63c11b978ed14a68cc0edeea-yoogi-all-in-one-plastic-stump-set.jpg,8,3,0
63c11b978ed14a68cc0edeea-yoogi-all-in-one-plastic-stump-set.jpg,8,4,0
63c11b978ed14a68cc0edeea-yoogi-all-in-one-plastic-stump-set.jpg,8,5,0
63c11b978ed14a68cc0edeea-yoogi-all-in-one-plastic-stump-set.jpg,8,6,0
63c11b978ed14a68cc0edeea-yoogi-all-in-one-plastic-stump-set.jpg,8,7,0
63c11b978ed14a68cc0edeea-yoogi-all-in-one-plastic-stump-set.jpg,8,8,0
64d8b8bf7904b412d52d8e46-sportaxis-wooden-cricket-stumps-wickets.jpg,1,1,3
64d8b8bf7904b412d52d8e46-sportaxis-wooden-cricket-stumps-wickets.jpg,1,2,3
64d8b8bf7904b412d52d8e46-sportaxis-wooden-cricket-stumps-wickets.jpg,1,3,3
64d8b8bf7904b412d52d8e46-sportaxis-wooden-cricket-stumps-wickets.jpg,1,4,3
64d8b8bf7904b412d52d8e46-sportaxis-wooden-cricket-stumps-wickets.jpg,1,5,0
64d8b8bf7904b412d52d8e46-sportaxis-wooden-cricket-stumps-wickets.jpg,1,6,0
64d8b8bf7904b412d52d8e46-sportaxis-wooden-cricket-stumps-wickets.jpg,1,7,0
64d8b8bf7904b412d52d8e46-sportaxis-wooden-cricket-stumps-wickets.jpg,1,8,0
64d8b8bf7904b412d52d8e46-sportaxis-wooden-cricket-stumps-wickets.jpg,2,1,3
64d8b8bf7904b412d52d8e46-sportaxis-wooden-cricket-stumps-wickets.jpg,2,2,3
64d8b8bf7904b412d52d8e46-sportaxis-wooden-cricket-stumps-wickets.jpg,2,3,3
64d8b8bf7904b412d52d8e46-sportaxis-wooden-cricket-stumps-wickets.jpg,2,4,3
64d8b8bf7904b412d52d8e46-sportaxis-wooden-cricket-stumps-wickets.jpg,2,5,0
64d8b8bf7904b412d52d8e46-sportaxis-wooden-cricket-stumps-wickets.jpg,2,6,0
64d8b8bf7904b412d52d8e46-sportaxis-wooden-cricket-stumps-wickets.jpg,2,7,0
64d8b8bf7904b412d52d8e46-sportaxis-wooden-cricket-stumps-wickets.jpg,2,8,0
64d8b8bf7904b412d52d8e46-sportaxis-wooden-cricket-stumps-wickets.jpg,3,1,3
64d8b8bf7904b412d52d8e46-sportaxis-wooden-cricket-stumps-wickets.jpg,3,2,3
64d8b8bf7904b412d52d8e46-sportaxis-wooden-cricket-stumps-wickets.jpg,3,3,3
64d8b8bf7904b412d52d8e46-sportaxis-wooden-cricket-stumps-wickets.jpg,3,4,3
64d8b8bf7904b412d52d8e46-sportaxis-wooden-cricket-stumps-wickets.jpg,3,5,0
64d8b8bf7904b412d52d8e46-sportaxis-wooden-cricket-stumps-wickets.jpg,3,6,0
64d8b8bf7904b412d52d8e46-sportaxis-wooden-cricket-stumps-wickets.jpg,3,7,0
64d8b8bf7904b412d52d8e46-sportaxis-wooden-cricket-stumps-wickets.jpg,3,8,0
64d8b8bf7904b412d52d8e46-sportaxis-wooden-cricket-stumps-wickets.jpg,4,1,3
64d8b8bf7904b412d52d8e46-sportaxis-wooden-cricket-stumps-wickets.jpg,4,2,3
64d8b8bf7904b412d52d8e46-sportaxis-wooden-cricket-stumps-wickets.jpg,4,3,3
64d8b8bf7904b412d52d8e46-sportaxis-wooden-cricket-stumps-wickets.jpg,4,4,3
64d8b8bf7904b412d52d8e46-sportaxis-wooden-cricket-stumps-wickets.jpg,4,5,3
64d8b8bf7904b412d52d8e46-sportaxis-wooden-cricket-stumps-wickets.jpg,4,6,0
64d8b8bf7904b412d52d8e46-sportaxis-wooden-cricket-stumps-wickets.jpg,4,7,0
64d8b8bf7904b412d52d8e46-sportaxis-wooden-cricket-stumps-wickets.jpg,4,8,0
64d8b8bf7904b412d52d8e46-sportaxis-wooden-cricket-stumps-wickets.jpg,5,1,3
64d8b8bf7904b412d52d8e46-sportaxis-wooden-cricket-stumps-wickets.jpg,5,2,3
64d8b8bf7904b412d52d8e46-sportaxis-wooden-cricket-stumps-wickets.jpg,5,3,3
64d8b8bf7904b412d52d8e46-sportaxis-wooden-cricket-stumps-wickets.jpg,5,4,3
64d8b8bf7904b412d52d8e46-sportaxis-wooden-cricket-stumps-wickets.jpg,5,5,0
64d8b8bf7904b412d52d8e46-sportaxis-wooden-cricket-stumps-wickets.jpg,5,6,0
64d8b8bf7904b412d52d8e46-sportaxis-wooden-cricket-stumps-wickets.jpg,5,7,0
64d8b8bf7904b412d52d8e46-sportaxis-wooden-cricket-stumps-wickets.jpg,5,8,0
64d8b8bf7904b412d52d8e46-sportaxis-wooden-cricket-stumps-wickets.jpg,6,1,3
64d8b8bf7904b412d52d8e46-sportaxis-wooden-cricket-stumps-wickets.jpg,6,2,3
64d8b8bf7904b412d52d8e46-sportaxis-wooden-cricket-stumps-wickets.jpg,6,3,3
64d8b8bf7904b412d52d8e46-sportaxis-wooden-cricket-stumps-wickets.jpg,6,4,3
64d8b8bf7904b412d52d8e46-sportaxis-wooden-cricket-stumps-wickets.jpg,6,5,0
64d8b8bf7904b412d52d8e46-sportaxis-wooden-cricket-stumps-wickets.jpg,6,6,0
64d8b8bf7904b412d52d8e46-sportaxis-wooden-cricket-stumps-wickets.jpg,6,7,0
64d8b8bf7904b412d52d8e46-sportaxis-wooden-cricket-stumps-wickets.jpg,6,8,0
64d8b8bf7904b412d52d8e46-sportaxis-wooden-cricket-stumps-wickets.jpg,7,1,3
64d8b8bf7904b412d52d8e46-sportaxis-wooden-cricket-stumps-wickets.jpg,7,2,3
64d8b8bf7904b412d52d8e46-sportaxis-wooden-cricket-stumps-wickets.jpg,7,3,3
64d8b8bf7904b412d52d8e46-sportaxis-wooden-cricket-stumps-wickets.jpg,7,4,3
64d8b8bf7904b412d52d8e46-sportaxis-wooden-cricket-stumps-wickets.jpg,7,5,0
64d8b8bf7904b412d52d8e46-sportaxis-wooden-cricket-stumps-wickets.jpg,7,6,0
64d8b8bf7904b412d52d8e46-sportaxis-wooden-cricket-stumps-wickets.jpg,7,7,0
64d8b8bf7904b412d52d8e46-sportaxis-wooden-cricket-stumps-wickets.jpg,7,8,0
64d8b8bf7904b412d52d8e46-sportaxis-wooden-cricket-stumps-wickets.jpg,8,1,3
64d8b8bf7904b412d52d8e46-sportaxis-wooden-cricket-stumps-wickets.jpg,8,2,3
64d8b8bf7904b412d52d8e46-sportaxis-wooden-cricket-stumps-wickets.jpg,8,3,3
64d8b8bf7904b412d52d8e46-sportaxis-wooden-cricket-stumps-wickets.jpg,8,4,3
64d8b8bf7904b412d52d8e46-sportaxis-wooden-cricket-stumps-wickets.jpg,8,5,0
64d8b8bf7904b412d52d8e46-sportaxis-wooden-cricket-stumps-wickets.jpg,8,6,0
64d8b8bf7904b412d52d8e46-sportaxis-wooden-cricket-stumps-wickets.jpg,8,7,0
64d8b8bf7904b412d52d8e46-sportaxis-wooden-cricket-stumps-wickets.jpg,8,8,0
669e095499b1b8614832a274-cricket-best-buy-cbb-stumps-for-cricket.jpg,1,1,0
669e095499b1b8614832a274-cricket-best-buy-cbb-stumps-for-cricket.jpg,1,2,3
669e095499b1b8614832a274-cricket-best-buy-cbb-stumps-for-cricket.jpg,1,3,3
669e095499b1b8614832a274-cricket-best-buy-cbb-stumps-for-cricket.jpg,1,4,3
669e095499b1b8614832a274-cricket-best-buy-cbb-stumps-for-cricket.jpg,1,5,3
669e095499b1b8614832a274-cricket-best-buy-cbb-stumps-for-cricket.jpg,1,6,0
669e095499b1b8614832a274-cricket-best-buy-cbb-stumps-for-cricket.jpg,1,7,3
669e095499b1b8614832a274-cricket-best-buy-cbb-stumps-for-cricket.jpg,1,8,3
669e095499b1b8614832a274-cricket-best-buy-cbb-stumps-for-cricket.jpg,2,1,0
669e095499b1b8614832a274-cricket-best-buy-cbb-stumps-for-cricket.jpg,2,2,3
669e095499b1b8614832a274-cricket-best-buy-cbb-stumps-for-cricket.jpg,2,3,3
669e095499b1b8614832a274-cricket-best-buy-cbb-stumps-for-cricket.jpg,2,4,3
669e095499b1b8614832a274-cricket-best-buy-cbb-stumps-for-cricket.jpg,2,5,3
669e095499b1b8614832a274-cricket-best-buy-cbb-stumps-for-cricket.jpg,2,6,0
669e095499b1b8614832a274-cricket-best-buy-cbb-stumps-for-cricket.jpg,2,7,3
669e095499b1b8614832a274-cricket-best-buy-cbb-stumps-for-cricket.jpg,2,8,3
669e095499b1b8614832a274-cricket-best-buy-cbb-stumps-for-cricket.jpg,3,1,0
669e095499b1b8614832a274-cricket-best-buy-cbb-stumps-for-cricket.jpg,3,2,3
669e095499b1b8614832a274-cricket-best-buy-cbb-stumps-for-cricket.jpg,3,3,3
669e095499b1b8614832a274-cricket-best-buy-cbb-stumps-for-cricket.jpg,3,4,3
669e095499b1b8614832a274-cricket-best-buy-cbb-stumps-for-cricket.jpg,3,5,0
669e095499b1b8614832a274-cricket-best-buy-cbb-stumps-for-cricket.jpg,3,6,0
669e095499b1b8614832a274-cricket-best-buy-cbb-stumps-for-cricket.jpg,3,7,3
669e095499b1b8614832a274-cricket-best-buy-cbb-stumps-for-cricket.jpg,3,8,3
669e095499b1b8614832a274-cricket-best-buy-cbb-stumps-for-cricket.jpg,4,1,0
669e095499b1b8614832a274-cricket-best-buy-cbb-stumps-for-cricket.jpg,4,2,3
669e095499b1b8614832a274-cricket-best-buy-cbb-stumps-for-cricket.jpg,4,3,3
669e095499b1b8614832a274-cricket-best-buy-cbb-stumps-for-cricket.jpg,4,4,3
669e095499b1b8614832a274-cricket-best-buy-cbb-stumps-for-cricket.jpg,4,5,3
669e095499b1b8614832a274-cricket-best-buy-cbb-stumps-for-cricket.jpg,4,6,0
669e095499b1b8614832a274-cricket-best-buy-cbb-stumps-for-cricket.jpg,4,7,3
669e095499b1b8614832a274-cricket-best-buy-cbb-stumps-for-cricket.jpg,4,8,0
669e095499b1b8614832a274-cricket-best-buy-cbb-stumps-for-cricket.jpg,5,1,0
669e095499b1b8614832a274-cricket-best-buy-cbb-stumps-for-cricket.jpg,5,2,3
669e095499b1b8614832a274-cricket-best-buy-cbb-stumps-for-cricket.jpg,5,3,3
669e095499b1b8614832a274-cricket-best-buy-cbb-stumps-for-cricket.jpg,5,4,3
669e095499b1b8614832a274-cricket-best-buy-cbb-stumps-for-cricket.jpg,5,5,0
669e095499b1b8614832a274-cricket-best-buy-cbb-stumps-for-cricket.jpg,5,6,0
669e095499b1b8614832a274-cricket-best-buy-cbb-stumps-for-cricket.jpg,5,7,3
669e095499b1b8614832a274-cricket-best-buy-cbb-stumps-for-cricket.jpg,5,8,3
669e095499b1b8614832a274-cricket-best-buy-cbb-stumps-for-cricket.jpg,6,1,0
669e095499b1b8614832a274-cricket-best-buy-cbb-stumps-for-cricket.jpg,6,2,3
669e095499b1b8614832a274-cricket-best-buy-cbb-stumps-for-cricket.jpg,6,3,3
669e095499b1b8614832a274-cricket-best-buy-cbb-stumps-for-cricket.jpg,6,4,3
669e095499b1b8614832a274-cricket-best-buy-cbb-stumps-for-cricket.jpg,6,5,0
669e095499b1b8614832a274-cricket-best-buy-cbb-stumps-for-cricket.jpg,6,6,0
669e095499b1b8614832a274-cricket-best-buy-cbb-stumps-for-cricket.jpg,6,7,3
669e095499b1b8614832a274-cricket-best-buy-cbb-stumps-for-cricket.jpg,6,8,3
669e095499b1b8614832a274-cricket-best-buy-cbb-stumps-for-cricket.jpg,7,1,0
669e095499b1b8614832a274-cricket-best-buy-cbb-stumps-for-cricket.jpg,7,2,3
669e095499b1b8614832a274-cricket-best-buy-cbb-stumps-for-cricket.jpg,7,3,3
669e095499b1b8614832a274-cricket-best-buy-cbb-stumps-for-cricket.jpg,7,4,3
669e095499b1b8614832a274-cricket-best-buy-cbb-stumps-for-cricket.jpg,7,5,0
669e095499b1b8614832a274-cricket-best-buy-cbb-stumps-for-cricket.jpg,7,6,0
669e095499b1b8614832a274-cricket-best-buy-cbb-stumps-for-cricket.jpg,7,7,3
669e095499b1b8614832a274-cricket-best-buy-cbb-stumps-for-cricket.jpg,7,8,3
669e095499b1b8614832a274-cricket-best-buy-cbb-stumps-for-cricket.jpg,8,1,0
669e095499b1b8614832a274-cricket-best-buy-cbb-stumps-for-cricket.jpg,8,2,3
669e095499b1b8614832a274-cricket-best-buy-cbb-stumps-for-cricket.jpg,8,3,3
669e095499b1b8614832a274-cricket-best-buy-cbb-stumps-for-cricket.jpg,8,4,3
669e095499b1b8614832a274-cricket-best-buy-cbb-stumps-for-cricket.jpg,8,5,0
669e095499b1b8614832a274-cricket-best-buy-cbb-stumps-for-cricket.jpg,8,6,0
669e095499b1b8614832a274-cricket-best-buy-cbb-stumps-for-cricket.jpg,8,7,3
669e095499b1b8614832a274-cricket-best-buy-cbb-stumps-for-cricket.jpg,8,8,3
712ACFfhWCL (1).jpg,1,1,0
712ACFfhWCL (1).jpg,1,2,1
712ACFfhWCL (1).jpg,1,3,1
712ACFfhWCL (1).jpg,1,4,1
712ACFfhWCL (1).jpg,1,5,1
712ACFfhWCL (1).jpg,1,6,1
712ACFfhWCL (1).jpg,1,7,1
712ACFfhWCL (1).jpg,1,8,0
712ACFfhWCL (1).jpg,2,1,1
712ACFfhWCL (1).jpg,2,2,1
712ACFfhWCL (1).jpg,2,3,1
712ACFfhWCL (1).jpg,2,4,1
712ACFfhWCL (1).jpg,2,5,1
712ACFfhWCL (1).jpg,2,6,1
712ACFfhWCL (1).jpg,2,7,1
712ACFfhWCL (1).jpg,2,8,1
712ACFfhWCL (1).jpg,3,1,1
712ACFfhWCL (1).jpg,3,2,1
712ACFfhWCL (1).jpg,3,3,1
712ACFfhWCL (1).jpg,3,4,1
712ACFfhWCL (1).jpg,3,5,1
712ACFfhWCL (1).jpg,3,6,1
712ACFfhWCL (1).jpg,3,7,1
712ACFfhWCL (1).jpg,3,8,1
712ACFfhWCL (1).jpg,4,1,1
712ACFfhWCL (1).jpg,4,2,1
712ACFfhWCL (1).jpg,4,3,1
712ACFfhWCL (1).jpg,4,4,1
712ACFfhWCL (1).jpg,4,5,1
712ACFfhWCL (1).jpg,4,6,1
712ACFfhWCL (1).jpg,4,7,1
712ACFfhWCL (1).jpg,4,8,1
712ACFfhWCL (1).jpg,5,1,1
712ACFfhWCL (1).jpg,5,2,1
712ACFfhWCL (1).jpg,5,3,1
712ACFfhWCL (1).jpg,5,4,1
712ACFfhWCL (1).jpg,5,5,1
712ACFfhWCL (1).jpg,5,6,1
712ACFfhWCL (1).jpg,5,7,1
712ACFfhWCL (1).jpg,5,8,1
712ACFfhWCL (1).jpg,6,1,1
712ACFfhWCL (1).jpg,6,2,1
712ACFfhWCL (1).jpg,6,3,1
712ACFfhWCL (1).jpg,6,4,1
712ACFfhWCL (1).jpg,6,5,1
712ACFfhWCL (1).jpg,6,6,1
712ACFfhWCL (1).jpg,6,7,1
712ACFfhWCL (1).jpg,6,8,1
712ACFfhWCL (1).jpg,7,1,1
712ACFfhWCL (1).jpg,7,2,1
712ACFfhWCL (1).jpg,7,3,1
712ACFfhWCL (1).jpg,7,4,1
712ACFfhWCL (1).jpg,7,5,1
712ACFfhWCL (1).jpg,7,6,1
712ACFfhWCL (1).jpg,7,7,1
712ACFfhWCL (1).jpg,7,8,1
712ACFfhWCL (1).jpg,8,1,0
712ACFfhWCL (1).jpg,8,2,1
712ACFfhWCL (1).jpg,8,3,1
712ACFfhWCL (1).jpg,8,4,1
712ACFfhWCL (1).jpg,8,5,1
712ACFfhWCL (1).jpg,8,6,1
712ACFfhWCL (1).jpg,8,7,1
712ACFfhWCL (1).jpg,8,8,0
81dVcsoYvcL._SL1500.jpg,1,1,0
81dVcsoYvcL._SL1500.jpg,1,2,3
81dVcsoYvcL._SL1500.jpg,1,3,3
81dVcsoYvcL._SL1500.jpg,1,4,0
81dVcsoYvcL._SL1500.jpg,1,5,0
81dVcsoYvcL._SL1500.jpg,1,6,0
81dVcsoYvcL._SL1500.jpg,1,7,0
81dVcsoYvcL._SL1500.jpg,1,8,0
81dVcsoYvcL._SL1500.jpg,2,1,3
81dVcsoYvcL._SL1500.jpg,2,2,3
81dVcsoYvcL._SL1500.jpg,2,3,3
81dVcsoYvcL._SL1500.jpg,2,4,0
81dVcsoYvcL._SL1500.jpg,2,5,0
81dVcsoYvcL._SL1500.jpg,2,6,0
81dVcsoYvcL._SL1500.jpg,2,7,0
81dVcsoYvcL._SL1500.jpg,2,8,0
81dVcsoYvcL._SL1500.jpg,3,1,3
81dVcsoYvcL._SL1500.jpg,3,2,3
81dVcsoYvcL._SL1500.jpg,3,3,3
81dVcsoYvcL._SL1500.jpg,3,4,0
81dVcsoYvcL._SL1500.jpg,3,5,0
81dVcsoYvcL._SL1500.jpg,3,6,0
81dVcsoYvcL._SL1500.jpg,3,7,0
81dVcsoYvcL._SL1500.jpg,3,8,0
81dVcsoYvcL._SL1500.jpg,4,1,3
81dVcsoYvcL._SL1500.jpg,4,2,3
81dVcsoYvcL._SL1500.jpg,4,3,3
81dVcsoYvcL._SL1500.jpg,4,4,0
81dVcsoYvcL._SL1500.jpg,4,5,0
81dVcsoYvcL._SL1500.jpg,4,6,3
81dVcsoYvcL._SL1500.jpg,4,7,3
81dVcsoYvcL._SL1500.jpg,4,8,0
81dVcsoYvcL._SL1500.jpg,5,1,3
81dVcsoYvcL._SL1500.jpg,5,2,3
81dVcsoYvcL._SL1500.jpg,5,3,3
81dVcsoYvcL._SL1500.jpg,5,4,0
81dVcsoYvcL._SL1500.jpg,5,5,0
81dVcsoYvcL._SL1500.jpg,5,6,3
81dVcsoYvcL._SL1500.jpg,5,7,3
81dVcsoYvcL._SL1500.jpg,5,8,0
81dVcsoYvcL._SL1500.jpg,6,1,3
81dVcsoYvcL._SL1500.jpg,6,2,3
81dVcsoYvcL._SL1500.jpg,6,3,3
81dVcsoYvcL._SL1500.jpg,6,4,0
81dVcsoYvcL._SL1500.jpg,6,5,0
81dVcsoYvcL._SL1500.jpg,6,6,3
81dVcsoYvcL._SL1500.jpg,6,7,3
81dVcsoYvcL._SL1500.jpg,6,8,0
81dVcsoYvcL._SL1500.jpg,7,1,3
81dVcsoYvcL._SL1500.jpg,7,2,3
81dVcsoYvcL._SL1500.jpg,7,3,3
81dVcsoYvcL._SL1500.jpg,7,4,0
81dVcsoYvcL._SL1500.jpg,7,5,0
81dVcsoYvcL._SL1500.jpg,7,6,3
81dVcsoYvcL._SL1500.jpg,7,7,3
81dVcsoYvcL._SL1500.jpg,7,8,0
81dVcsoYvcL._SL1500.jpg,8,1,3
81dVcsoYvcL._SL1500.jpg,8,2,3
81dVcsoYvcL._SL1500.jpg,8,3,3
81dVcsoYvcL._SL1500.jpg,8,4,0
81dVcsoYvcL._SL1500.jpg,8,5,0
81dVcsoYvcL._SL1500.jpg,8,6,3
81dVcsoYvcL._SL1500.jpg,8,7,3
81dVcsoYvcL._SL1500.jpg,8,8,3
81GoMm00IYL.jpg,1,1,0
81GoMm00IYL.jpg,1,2,0
81GoMm00IYL.jpg,1,3,0
81GoMm00IYL.jpg,1,4,0
81GoMm00IYL.jpg,1,5,0
81GoMm00IYL.jpg,1,6,3
81GoMm00IYL.jpg,1,7,3
81GoMm00IYL.jpg,1,8,3
81GoMm00IYL.jpg,2,1,0
81GoMm00IYL.jpg,2,2,0
81GoMm00IYL.jpg,2,3,0
81GoMm00IYL.jpg,2,4,0
81GoMm00IYL.jpg,2,5,0
81GoMm00IYL.jpg,2,6,3
81GoMm00IYL.jpg,2,7,3
81GoMm00IYL.jpg,2,8,3
81GoMm00IYL.jpg,3,1,0
81GoMm00IYL.jpg,3,2,0
81GoMm00IYL.jpg,3,3,0
81GoMm00IYL.jpg,3,4,0
81GoMm00IYL.jpg,3,5,0
81GoMm00IYL.jpg,3,6,3
81GoMm00IYL.jpg,3,7,3
81GoMm00IYL.jpg,3,8,3
81GoMm00IYL.jpg,4,1,0
81GoMm00IYL.jpg,4,2,2
81GoMm00IYL.jpg,4,3,2
81GoMm00IYL.jpg,4,4,2
81GoMm00IYL.jpg,4,5,2
81GoMm00IYL.jpg,4,6,3
81GoMm00IYL.jpg,4,7,3
81GoMm00IYL.jpg,4,8,3
81GoMm00IYL.jpg,5,1,0
81GoMm00IYL.jpg,5,2,0
81GoMm00IYL.jpg,5,3,0
81GoMm00IYL.jpg,5,4,0
81GoMm00IYL.jpg,5,5,2
81GoMm00IYL.jpg,5,6,3
81GoMm00IYL.jpg,5,7,3
81GoMm00IYL.jpg,5,8,3
81GoMm00IYL.jpg,6,1,0
81GoMm00IYL.jpg,6,2,0
81GoMm00IYL.jpg,6,3,0
81GoMm00IYL.jpg,6,4,0
81GoMm00IYL.jpg,6,5,0
81GoMm00IYL.jpg,6,6,3
81GoMm00IYL.jpg,6,7,3
81GoMm00IYL.jpg,6,8,3
81GoMm00IYL.jpg,7,1,0
81GoMm00IYL.jpg,7,2,0
81GoMm00IYL.jpg,7,3,0
81GoMm00IYL.jpg,7,4,0
81GoMm00IYL.jpg,7,5,0
81GoMm00IYL.jpg,7,6,3
81GoMm00IYL.jpg,7,7,3
81GoMm00IYL.jpg,7,8,3
81GoMm00IYL.jpg,8,1,0
81GoMm00IYL.jpg,8,2,0
81GoMm00IYL.jpg,8,3,0
81GoMm00IYL.jpg,8,4,0
81GoMm00IYL.jpg,8,5,0
81GoMm00IYL.jpg,8,6,3
81GoMm00IYL.jpg,8,7,3
81GoMm00IYL.jpg,8,8,3
81hdDSUIRsL.jpg,1,1,0
81hdDSUIRsL.jpg,1,2,0
81hdDSUIRsL.jpg,1,3,0
81hdDSUIRsL.jpg,1,4,0
81hdDSUIRsL.jpg,1,5,0
81hdDSUIRsL.jpg,1,6,0
81hdDSUIRsL.jpg,1,7,0
81hdDSUIRsL.jpg,1,8,0
81hdDSUIRsL.jpg,2,1,0
81hdDSUIRsL.jpg,2,2,0
81hdDSUIRsL.jpg,2,3,3
81hdDSUIRsL.jpg,2,4,0
81hdDSUIRsL.jpg,2,5,3
81hdDSUIRsL.jpg,2,6,3
81hdDSUIRsL.jpg,2,7,0
81hdDSUIRsL.jpg,2,8,0
81hdDSUIRsL.jpg,3,1,0
81hdDSUIRsL.jpg,3,2,0
81hdDSUIRsL.jpg,3,3,3
81hdDSUIRsL.jpg,3,4,0
81hdDSUIRsL.jpg,3,5,3
81hdDSUIRsL.jpg,3,6,3
81hdDSUIRsL.jpg,3,7,0
81hdDSUIRsL.jpg,3,8,0
81hdDSUIRsL.jpg,4,1,0
81hdDSUIRsL.jpg,4,2,0
81hdDSUIRsL.jpg,4,3,3
81hdDSUIRsL.jpg,4,4,0
81hdDSUIRsL.jpg,4,5,3
81hdDSUIRsL.jpg,4,6,3
81hdDSUIRsL.jpg,4,7,0
81hdDSUIRsL.jpg,4,8,0
81hdDSUIRsL.jpg,5,1,0
81hdDSUIRsL.jpg,5,2,0
81hdDSUIRsL.jpg,5,3,3
81hdDSUIRsL.jpg,5,4,0
81hdDSUIRsL.jpg,5,5,3
81hdDSUIRsL.jpg,5,6,3
81hdDSUIRsL.jpg,5,7,0
81hdDSUIRsL.jpg,5,8,0
81hdDSUIRsL.jpg,6,1,0
81hdDSUIRsL.jpg,6,2,0
81hdDSUIRsL.jpg,6,3,3
81hdDSUIRsL.jpg,6,4,0
81hdDSUIRsL.jpg,6,5,3
81hdDSUIRsL.jpg,6,6,3
81hdDSUIRsL.jpg,6,7,0
81hdDSUIRsL.jpg,6,8,0
81hdDSUIRsL.jpg,7,1,0
81hdDSUIRsL.jpg,7,2,0
81hdDSUIRsL.jpg,7,3,3
81hdDSUIRsL.jpg,7,4,3
81hdDSUIRsL.jpg,7,5,3
81hdDSUIRsL.jpg,7,6,3
81hdDSUIRsL.jpg,7,7,0
81hdDSUIRsL.jpg,7,8,0
81hdDSUIRsL.jpg,8,1,0
81hdDSUIRsL.jpg,8,2,0
81hdDSUIRsL.jpg,8,3,3
81hdDSUIRsL.jpg,8,4,3
81hdDSUIRsL.jpg,8,5,3
81hdDSUIRsL.jpg,8,6,3
81hdDSUIRsL.jpg,8,7,0
81hdDSUIRsL.jpg,8,8,0
8542-Vinex-Cricket-Ball-Match (1).jpg,1,1,0
8542-Vinex-Cricket-Ball-Match (1).jpg,1,2,0
8542-Vinex-Cricket-Ball-Match (1).jpg,1,3,1
8542-Vinex-Cricket-Ball-Match (1).jpg,1,4,1
8542-Vinex-Cricket-Ball-Match (1).jpg,1,5,1
8542-Vinex-Cricket-Ball-Match (1).jpg,1,6,1
8542-Vinex-Cricket-Ball-Match (1).jpg,1,7,0
8542-Vinex-Cricket-Ball-Match (1).jpg,1,8,0
8542-Vinex-Cricket-Ball-Match (1).jpg,2,1,0
8542-Vinex-Cricket-Ball-Match (1).jpg,2,2,1
8542-Vinex-Cricket-Ball-Match (1).jpg,2,3,1
8542-Vinex-Cricket-Ball-Match (1).jpg,2,4,1
8542-Vinex-Cricket-Ball-Match (1).jpg,2,5,1
8542-Vinex-Cricket-Ball-Match (1).jpg,2,6,1
8542-Vinex-Cricket-Ball-Match (1).jpg,2,7,0
8542-Vinex-Cricket-Ball-Match (1).jpg,2,8,0
8542-Vinex-Cricket-Ball-Match (1).jpg,3,1,0
8542-Vinex-Cricket-Ball-Match (1).jpg,3,2,1
8542-Vinex-Cricket-Ball-Match (1).jpg,3,3,1
8542-Vinex-Cricket-Ball-Match (1).jpg,3,4,1
8542-Vinex-Cricket-Ball-Match (1).jpg,3,5,1
8542-Vinex-Cricket-Ball-Match (1).jpg,3,6,1
8542-Vinex-Cricket-Ball-Match (1).jpg,3,7,1
8542-Vinex-Cricket-Ball-Match (1).jpg,3,8,0
8542-Vinex-Cricket-Ball-Match (1).jpg,4,1,0
8542-Vinex-Cricket-Ball-Match (1).jpg,4,2,1
8542-Vinex-Cricket-Ball-Match (1).jpg,4,3,1
8542-Vinex-Cricket-Ball-Match (1).jpg,4,4,1
8542-Vinex-Cricket-Ball-Match (1).jpg,4,5,1
8542-Vinex-Cricket-Ball-Match (1).jpg,4,6,1
8542-Vinex-Cricket-Ball-Match (1).jpg,4,7,1
8542-Vinex-Cricket-Ball-Match (1).jpg,4,8,0
8542-Vinex-Cricket-Ball-Match (1).jpg,5,1,0
8542-Vinex-Cricket-Ball-Match (1).jpg,5,2,1
8542-Vinex-Cricket-Ball-Match (1).jpg,5,3,1
8542-Vinex-Cricket-Ball-Match (1).jpg,5,4,1
8542-Vinex-Cricket-Ball-Match (1).jpg,5,5,1
8542-Vinex-Cricket-Ball-Match (1).jpg,5,6,1
8542-Vinex-Cricket-Ball-Match (1).jpg,5,7,1
8542-Vinex-Cricket-Ball-Match (1).jpg,5,8,0
8542-Vinex-Cricket-Ball-Match (1).jpg,6,1,0
8542-Vinex-Cricket-Ball-Match (1).jpg,6,2,1
8542-Vinex-Cricket-Ball-Match (1).jpg,6,3,1
8542-Vinex-Cricket-Ball-Match (1).jpg,6,4,1
8542-Vinex-Cricket-Ball-Match (1).jpg,6,5,1
8542-Vinex-Cricket-Ball-Match (1).jpg,6,6,1
8542-Vinex-Cricket-Ball-Match (1).jpg,6,7,0
8542-Vinex-Cricket-Ball-Match (1).jpg,6,8,0
8542-Vinex-Cricket-Ball-Match (1).jpg,7,1,0
8542-Vinex-Cricket-Ball-Match (1).jpg,7,2,0
8542-Vinex-Cricket-Ball-Match (1).jpg,7,3,1
8542-Vinex-Cricket-Ball-Match (1).jpg,7,4,1
8542-Vinex-Cricket-Ball-Match (1).jpg,7,5,1
8542-Vinex-Cricket-Ball-Match (1).jpg,7,6,1
8542-Vinex-Cricket-Ball-Match (1).jpg,7,7,0
8542-Vinex-Cricket-Ball-Match (1).jpg,7,8,0
8542-Vinex-Cricket-Ball-Match (1).jpg,8,1,0
8542-Vinex-Cricket-Ball-Match (1).jpg,8,2,0
8542-Vinex-Cricket-Ball-Match (1).jpg,8,3,0
8542-Vinex-Cricket-Ball-Match (1).jpg,8,4,0
8542-Vinex-Cricket-Ball-Match (1).jpg,8,5,0
8542-Vinex-Cricket-Ball-Match (1).jpg,8,6,0
8542-Vinex-Cricket-Ball-Match (1).jpg,8,7,0
8542-Vinex-Cricket-Ball-Match (1).jpg,8,8,0
9.jpg,1,1,0
9.jpg,1,2,0
9.jpg,1,3,0
9.jpg,1,4,0
9.jpg,1,5,0
9.jpg,1,6,0
9.jpg,1,7,0
9.jpg,1,8,0
9.jpg,2,1,0
9.jpg,2,2,0
9.jpg,2,3,0
9.jpg,2,4,0
9.jpg,2,5,0
9.jpg,2,6,0
9.jpg,2,7,0
9.jpg,2,8,0
9.jpg,3,1,0
9.jpg,3,2,0
9.jpg,3,3,2
9.jpg,3,4,2
9.jpg,3,5,2
9.jpg,3,6,2
9.jpg,3,7,0
9.jpg,3,8,0
9.jpg,4,1,0
9.jpg,4,2,0
9.jpg,4,3,0
9.jpg,4,4,2
9.jpg,4,5,2
9.jpg,4,6,0
9.jpg,4,7,0
9.jpg,4,8,0
9.jpg,5,1,0
9.jpg,5,2,0
9.jpg,5,3,0
9.jpg,5,4,0
9.jpg,5,5,0
9.jpg,5,6,0
9.jpg,5,7,0
9.jpg,5,8,0
9.jpg,6,1,0
9.jpg,6,2,0
9.jpg,6,3,0
9.jpg,6,4,0
9.jpg,6,5,0
9.jpg,6,6,2
9.jpg,6,7,0
9.jpg,6,8,0
9.jpg,7,1,0
9.jpg,7,2,0
9.jpg,7,3,0
9.jpg,7,4,0
9.jpg,7,5,0
9.jpg,7,6,2
9.jpg,7,7,0
9.jpg,7,8,0
9.jpg,8,1,0
9.jpg,8,2,0
9.jpg,8,3,0
9.jpg,8,4,0
9.jpg,8,5,0
9.jpg,8,6,2
9.jpg,8,7,0
9.jpg,8,8,0
a-batsman-is-clean-bowled-during-a-village-cricket-match-HAB059.jpg,1,1,0
a-batsman-is-clean-bowled-during-a-village-cricket-match-HAB059.jpg,1,2,0
a-batsman-is-clean-bowled-during-a-village-cricket-match-HAB059.jpg,1,3,0
a-batsman-is-clean-bowled-during-a-village-cricket-match-HAB059.jpg,1,4,0
a-batsman-is-clean-bowled-during-a-village-cricket-match-HAB059.jpg,1,5,0
a-batsman-is-clean-bowled-during-a-village-cricket-match-HAB059.jpg,1,6,0
a-batsman-is-clean-bowled-during-a-village-cricket-match-HAB059.jpg,1,7,0
a-batsman-is-clean-bowled-during-a-village-cricket-match-HAB059.jpg,1,8,0
a-batsman-is-clean-bowled-during-a-village-cricket-match-HAB059.jpg,2,1,0
a-batsman-is-clean-bowled-during-a-village-cricket-match-HAB059.jpg,2,2,0
a-batsman-is-clean-bowled-during-a-village-cricket-match-HAB059.jpg,2,3,0
a-batsman-is-clean-bowled-during-a-village-cricket-match-HAB059.jpg,2,4,0
a-batsman-is-clean-bowled-during-a-village-cricket-match-HAB059.jpg,2,5,0
a-batsman-is-clean-bowled-during-a-village-cricket-match-HAB059.jpg,2,6,0
a-batsman-is-clean-bowled-during-a-village-cricket-match-HAB059.jpg,2,7,0
a-batsman-is-clean-bowled-during-a-village-cricket-match-HAB059.jpg,2,8,0
a-batsman-is-clean-bowled-during-a-village-cricket-match-HAB059.jpg,3,1,0
a-batsman-is-clean-bowled-during-a-village-cricket-match-HAB059.jpg,3,2,0
a-batsman-is-clean-bowled-during-a-village-cricket-match-HAB059.jpg,3,3,0
a-batsman-is-clean-bowled-during-a-village-cricket-match-HAB059.jpg,3,4,0
a-batsman-is-clean-bowled-during-a-village-cricket-match-HAB059.jpg,3,5,0
a-batsman-is-clean-bowled-during-a-village-cricket-match-HAB059.jpg,3,6,0
a-batsman-is-clean-bowled-during-a-village-cricket-match-HAB059.jpg,3,7,0
a-batsman-is-clean-bowled-during-a-village-cricket-match-HAB059.jpg,3,8,0
a-batsman-is-clean-bowled-during-a-village-cricket-match-HAB059.jpg,4,1,0
a-batsman-is-clean-bowled-during-a-village-cricket-match-HAB059.jpg,4,2,0
a-batsman-is-clean-bowled-during-a-village-cricket-match-HAB059.jpg,4,3,0
a-batsman-is-clean-bowled-during-a-village-cricket-match-HAB059.jpg,4,4,0
a-batsman-is-clean-bowled-during-a-village-cricket-match-HAB059.jpg,4,5,0
a-batsman-is-clean-bowled-during-a-village-cricket-match-HAB059.jpg,4,6,0
a-batsman-is-clean-bowled-during-a-village-cricket-match-HAB059.jpg,4,7,0
a-batsman-is-clean-bowled-during-a-village-cricket-match-HAB059.jpg,4,8,0
a-batsman-is-clean-bowled-during-a-village-cricket-match-HAB059.jpg,5,1,0
a-batsman-is-clean-bowled-during-a-village-cricket-match-HAB059.jpg,5,2,0
a-batsman-is-clean-bowled-during-a-village-cricket-match-HAB059.jpg,5,3,0
a-batsman-is-clean-bowled-during-a-village-cricket-match-HAB059.jpg,5,4,0
a-batsman-is-clean-bowled-during-a-village-cricket-match-HAB059.jpg,5,5,0
a-batsman-is-clean-bowled-during-a-village-cricket-match-HAB059.jpg,5,6,3
a-batsman-is-clean-bowled-during-a-village-cricket-match-HAB059.jpg,5,7,3
a-batsman-is-clean-bowled-during-a-village-cricket-match-HAB059.jpg,5,8,0
a-batsman-is-clean-bowled-during-a-village-cricket-match-HAB059.jpg,6,1,0
a-batsman-is-clean-bowled-during-a-village-cricket-match-HAB059.jpg,6,2,0
a-batsman-is-clean-bowled-during-a-village-cricket-match-HAB059.jpg,6,3,0
a-batsman-is-clean-bowled-during-a-village-cricket-match-HAB059.jpg,6,4,0
a-batsman-is-clean-bowled-during-a-village-cricket-match-HAB059.jpg,6,5,0
a-batsman-is-clean-bowled-during-a-village-cricket-match-HAB059.jpg,6,6,3
a-batsman-is-clean-bowled-during-a-village-cricket-match-HAB059.jpg,6,7,3
a-batsman-is-clean-bowled-during-a-village-cricket-match-HAB059.jpg,6,8,0
a-batsman-is-clean-bowled-during-a-village-cricket-match-HAB059.jpg,7,1,0
a-batsman-is-clean-bowled-during-a-village-cricket-match-HAB059.jpg,7,2,0
a-batsman-is-clean-bowled-during-a-village-cricket-match-HAB059.jpg,7,3,0
a-batsman-is-clean-bowled-during-a-village-cricket-match-HAB059.jpg,7,4,0
a-batsman-is-clean-bowled-during-a-village-cricket-match-HAB059.jpg,7,5,0
a-batsman-is-clean-bowled-during-a-village-cricket-match-HAB059.jpg,7,6,3
a-batsman-is-clean-bowled-during-a-village-cricket-match-HAB059.jpg,7,7,3
a-batsman-is-clean-bowled-during-a-village-cricket-match-HAB059.jpg,7,8,0
a-batsman-is-clean-bowled-during-a-village-cricket-match-HAB059.jpg,8,1,0
a-batsman-is-clean-bowled-during-a-village-cricket-match-HAB059.jpg,8,2,0
a-batsman-is-clean-bowled-during-a-village-cricket-match-HAB059.jpg,8,3,0
a-batsman-is-clean-bowled-during-a-village-cricket-match-HAB059.jpg,8,4,0
a-batsman-is-clean-bowled-during-a-village-cricket-match-HAB059.jpg,8,5,0
a-batsman-is-clean-bowled-during-a-village-cricket-match-HAB059.jpg,8,6,0
a-batsman-is-clean-bowled-during-a-village-cricket-match-HAB059.jpg,8,7,0
a-batsman-is-clean-bowled-during-a-village-cricket-match-HAB059.jpg,8,8,0
Arshdeep-Singh-LED-Stumps.jpeg-1.jpg,1,1,0
Arshdeep-Singh-LED-Stumps.jpeg-1.jpg,1,2,0
Arshdeep-Singh-LED-Stumps.jpeg-1.jpg,1,3,0
Arshdeep-Singh-LED-Stumps.jpeg-1.jpg,1,4,0
Arshdeep-Singh-LED-Stumps.jpeg-1.jpg,1,5,0
Arshdeep-Singh-LED-Stumps.jpeg-1.jpg,1,6,0
Arshdeep-Singh-LED-Stumps.jpeg-1.jpg,1,7,0
Arshdeep-Singh-LED-Stumps.jpeg-1.jpg,1,8,0
Arshdeep-Singh-LED-Stumps.jpeg-1.jpg,2,1,0
Arshdeep-Singh-LED-Stumps.jpeg-1.jpg,2,2,0
Arshdeep-Singh-LED-Stumps.jpeg-1.jpg,2,3,0
Arshdeep-Singh-LED-Stumps.jpeg-1.jpg,2,4,0
Arshdeep-Singh-LED-Stumps.jpeg-1.jpg,2,5,0
Arshdeep-Singh-LED-Stumps.jpeg-1.jpg,2,6,0
Arshdeep-Singh-LED-Stumps.jpeg-1.jpg,2,7,0
Arshdeep-Singh-LED-Stumps.jpeg-1.jpg,2,8,0
Arshdeep-Singh-LED-Stumps.jpeg-1.jpg,3,1,0
Arshdeep-Singh-LED-Stumps.jpeg-1.jpg,3,2,0
Arshdeep-Singh-LED-Stumps.jpeg-1.jpg,3,3,0
Arshdeep-Singh-LED-Stumps.jpeg-1.jpg,3,4,0
Arshdeep-Singh-LED-Stumps.jpeg-1.jpg,3,5,3
Arshdeep-Singh-LED-Stumps.jpeg-1.jpg,3,6,0
Arshdeep-Singh-LED-Stumps.jpeg-1.jpg,3,7,3
Arshdeep-Singh-LED-Stumps.jpeg-1.jpg,3,8,0
Arshdeep-Singh-LED-Stumps.jpeg-1.jpg,4,1,0
Arshdeep-Singh-LED-Stumps.jpeg-1.jpg,4,2,0
Arshdeep-Singh-LED-Stumps.jpeg-1.jpg,4,3,0
Arshdeep-Singh-LED-Stumps.jpeg-1.jpg,4,4,0
Arshdeep-Singh-LED-Stumps.jpeg-1.jpg,4,5,3
Arshdeep-Singh-LED-Stumps.jpeg-1.jpg,4,6,0
Arshdeep-Singh-LED-Stumps.jpeg-1.jpg,4,7,3
Arshdeep-Singh-LED-Stumps.jpeg-1.jpg,4,8,0
Arshdeep-Singh-LED-Stumps.jpeg-1.jpg,5,1,3
Arshdeep-Singh-LED-Stumps.jpeg-1.jpg,5,2,0
Arshdeep-Singh-LED-Stumps.jpeg-1.jpg,5,3,0
Arshdeep-Singh-LED-Stumps.jpeg-1.jpg,5,4,0
Arshdeep-Singh-LED-Stumps.jpeg-1.jpg,5,5,3
Arshdeep-Singh-LED-Stumps.jpeg-1.jpg,5,6,0
Arshdeep-Singh-LED-Stumps.jpeg-1.jpg,5,7,3
Arshdeep-Singh-LED-Stumps.jpeg-1.jpg,5,8,0
Arshdeep-Singh-LED-Stumps.jpeg-1.jpg,6,1,3
Arshdeep-Singh-LED-Stumps.jpeg-1.jpg,6,2,0
Arshdeep-Singh-LED-Stumps.jpeg-1.jpg,6,3,0
Arshdeep-Singh-LED-Stumps.jpeg-1.jpg,6,4,0
Arshdeep-Singh-LED-Stumps.jpeg-1.jpg,6,5,3
Arshdeep-Singh-LED-Stumps.jpeg-1.jpg,6,6,0
Arshdeep-Singh-LED-Stumps.jpeg-1.jpg,6,7,3
Arshdeep-Singh-LED-Stumps.jpeg-1.jpg,6,8,0
Arshdeep-Singh-LED-Stumps.jpeg-1.jpg,7,1,0
Arshdeep-Singh-LED-Stumps.jpeg-1.jpg,7,2,3
Arshdeep-Singh-LED-Stumps.jpeg-1.jpg,7,3,0
Arshdeep-Singh-LED-Stumps.jpeg-1.jpg,7,4,0
Arshdeep-Singh-LED-Stumps.jpeg-1.jpg,7,5,3
Arshdeep-Singh-LED-Stumps.jpeg-1.jpg,7,6,0
Arshdeep-Singh-LED-Stumps.jpeg-1.jpg,7,7,3
Arshdeep-Singh-LED-Stumps.jpeg-1.jpg,7,8,0
Arshdeep-Singh-LED-Stumps.jpeg-1.jpg,8,1,0
Arshdeep-Singh-LED-Stumps.jpeg-1.jpg,8,2,3
Arshdeep-Singh-LED-Stumps.jpeg-1.jpg,8,3,0
Arshdeep-Singh-LED-Stumps.jpeg-1.jpg,8,4,0
Arshdeep-Singh-LED-Stumps.jpeg-1.jpg,8,5,3
Arshdeep-Singh-LED-Stumps.jpeg-1.jpg,8,6,3
Arshdeep-Singh-LED-Stumps.jpeg-1.jpg,8,7,3
Arshdeep-Singh-LED-Stumps.jpeg-1.jpg,8,8,0
Artboard_1_7 (1).jpg,1,1,0
Artboard_1_7 (1).jpg,1,2,0
Artboard_1_7 (1).jpg,1,3,0
Artboard_1_7 (1).jpg,1,4,0
Artboard_1_7 (1).jpg,1,5,0
Artboard_1_7 (1).jpg,1,6,0
Artboard_1_7 (1).jpg,1,7,0
Artboard_1_7 (1).jpg,1,8,0
Artboard_1_7 (1).jpg,2,1,0
Artboard_1_7 (1).jpg,2,2,0
Artboard_1_7 (1).jpg,2,3,0
Artboard_1_7 (1).jpg,2,4,0
Artboard_1_7 (1).jpg,2,5,0
Artboard_1_7 (1).jpg,2,6,0
Artboard_1_7 (1).jpg,2,7,0
Artboard_1_7 (1).jpg,2,8,0
Artboard_1_7 (1).jpg,3,1,0
Artboard_1_7 (1).jpg,3,2,0
Artboard_1_7 (1).jpg,3,3,1
Artboard_1_7 (1).jpg,3,4,1
Artboard_1_7 (1).jpg,3,5,1
Artboard_1_7 (1).jpg,3,6,1
Artboard_1_7 (1).jpg,3,7,0
Artboard_1_7 (1).jpg,3,8,0
Artboard_1_7 (1).jpg,4,1,0
Artboard_1_7 (1).jpg,4,2,0
Artboard_1_7 (1).jpg,4,3,1
Artboard_1_7 (1).jpg,4,4,1
Artboard_1_7 (1).jpg,4,5,1
Artboard_1_7 (1).jpg,4,6,1
Artboard_1_7 (1).jpg,4,7,0
Artboard_1_7 (1).jpg,4,8,0
Artboard_1_7 (1).jpg,5,1,0
Artboard_1_7 (1).jpg,5,2,0
Artboard_1_7 (1).jpg,5,3,1
Artboard_1_7 (1).jpg,5,4,1
Artboard_1_7 (1).jpg,5,5,1
Artboard_1_7 (1).jpg,5,6,1
Artboard_1_7 (1).jpg,5,7,0
Artboard_1_7 (1).jpg,5,8,0
Artboard_1_7 (1).jpg,6,1,0
Artboard_1_7 (1).jpg,6,2,0
Artboard_1_7 (1).jpg,6,3,1
Artboard_1_7 (1).jpg,6,4,1
Artboard_1_7 (1).jpg,6,5,1
Artboard_1_7 (1).jpg,6,6,1
Artboard_1_7 (1).jpg,6,7,0
Artboard_1_7 (1).jpg,6,8,0
Artboard_1_7 (1).jpg,7,1,0
Artboard_1_7 (1).jpg,7,2,0
Artboard_1_7 (1).jpg,7,3,0
Artboard_1_7 (1).jpg,7,4,1
Artboard_1_7 (1).jpg,7,5,1
Artboard_1_7 (1).jpg,7,6,0
Artboard_1_7 (1).jpg,7,7,0
Artboard_1_7 (1).jpg,7,8,0
Artboard_1_7 (1).jpg,8,1,0
Artboard_1_7 (1).jpg,8,2,0
Artboard_1_7 (1).jpg,8,3,0
Artboard_1_7 (1).jpg,8,4,0
Artboard_1_7 (1).jpg,8,5,0
Artboard_1_7 (1).jpg,8,6,0
Artboard_1_7 (1).jpg,8,7,0
Artboard_1_7 (1).jpg,8,8,0
BLASTERSTUMPSET_5.jpg,1,1,0
BLASTERSTUMPSET_5.jpg,1,2,0
BLASTERSTUMPSET_5.jpg,1,3,0
BLASTERSTUMPSET_5.jpg,1,4,0
BLASTERSTUMPSET_5.jpg,1,5,0
BLASTERSTUMPSET_5.jpg,1,6,0
BLASTERSTUMPSET_5.jpg,1,7,0
BLASTERSTUMPSET_5.jpg,1,8,0
BLASTERSTUMPSET_5.jpg,2,1,3
BLASTERSTUMPSET_5.jpg,2,2,3
BLASTERSTUMPSET_5.jpg,2,3,3
BLASTERSTUMPSET_5.jpg,2,4,0
BLASTERSTUMPSET_5.jpg,2,5,0
BLASTERSTUMPSET_5.jpg,2,6,0
BLASTERSTUMPSET_5.jpg,2,7,3
BLASTERSTUMPSET_5.jpg,2,8,3
BLASTERSTUMPSET_5.jpg,3,1,3
BLASTERSTUMPSET_5.jpg,3,2,3
BLASTERSTUMPSET_5.jpg,3,3,0
BLASTERSTUMPSET_5.jpg,3,4,3
BLASTERSTUMPSET_5.jpg,3,5,3
BLASTERSTUMPSET_5.jpg,3,6,0
BLASTERSTUMPSET_5.jpg,3,7,3
BLASTERSTUMPSET_5.jpg,3,8,3
BLASTERSTUMPSET_5.jpg,4,1,3
BLASTERSTUMPSET_5.jpg,4,2,3
BLASTERSTUMPSET_5.jpg,4,3,0
BLASTERSTUMPSET_5.jpg,4,4,3
BLASTERSTUMPSET_5.jpg,4,5,3
BLASTERSTUMPSET_5.jpg,4,6,0
BLASTERSTUMPSET_5.jpg,4,7,3
BLASTERSTUMPSET_5.jpg,4,8,3
BLASTERSTUMPSET_5.jpg,5,1,3
BLASTERSTUMPSET_5.jpg,5,2,3
BLASTERSTUMPSET_5.jpg,5,3,0
BLASTERSTUMPSET_5.jpg,5,4,3
BLASTERSTUMPSET_5.jpg,5,5,0
BLASTERSTUMPSET_5.jpg,5,6,0
BLASTERSTUMPSET_5.jpg,5,7,3
BLASTERSTUMPSET_5.jpg,5,8,3
BLASTERSTUMPSET_5.jpg,6,1,3
BLASTERSTUMPSET_5.jpg,6,2,3
BLASTERSTUMPSET_5.jpg,6,3,0
BLASTERSTUMPSET_5.jpg,6,4,3
BLASTERSTUMPSET_5.jpg,6,5,0
BLASTERSTUMPSET_5.jpg,6,6,0
BLASTERSTUMPSET_5.jpg,6,7,0
BLASTERSTUMPSET_5.jpg,6,8,0
BLASTERSTUMPSET_5.jpg,7,1,3
BLASTERSTUMPSET_5.jpg,7,2,3
BLASTERSTUMPSET_5.jpg,7,3,0
BLASTERSTUMPSET_5.jpg,7,4,3
BLASTERSTUMPSET_5.jpg,7,5,3
BLASTERSTUMPSET_5.jpg,7,6,0
BLASTERSTUMPSET_5.jpg,7,7,0
BLASTERSTUMPSET_5.jpg,7,8,0
BLASTERSTUMPSET_5.jpg,8,1,3
BLASTERSTUMPSET_5.jpg,8,2,3
BLASTERSTUMPSET_5.jpg,8,3,0
BLASTERSTUMPSET_5.jpg,8,4,3
BLASTERSTUMPSET_5.jpg,8,5,3
BLASTERSTUMPSET_5.jpg,8,6,0
BLASTERSTUMPSET_5.jpg,8,7,0
BLASTERSTUMPSET_5.jpg,8,8,0
bleached-polished-cricket-6-stumps-4-bails-3.jpg,1,1,0
bleached-polished-cricket-6-stumps-4-bails-3.jpg,1,2,3
bleached-polished-cricket-6-stumps-4-bails-3.jpg,1,3,3
bleached-polished-cricket-6-stumps-4-bails-3.jpg,1,4,3
bleached-polished-cricket-6-stumps-4-bails-3.jpg,1,5,3
bleached-polished-cricket-6-stumps-4-bails-3.jpg,1,6,3
bleached-polished-cricket-6-stumps-4-bails-3.jpg,1,7,3
bleached-polished-cricket-6-stumps-4-bails-3.jpg,1,8,0
bleached-polished-cricket-6-stumps-4-bails-3.jpg,2,1,0
bleached-polished-cricket-6-stumps-4-bails-3.jpg,2,2,3
bleached-polished-cricket-6-stumps-4-bails-3.jpg,2,3,3
bleached-polished-cricket-6-stumps-4-bails-3.jpg,2,4,3
bleached-polished-cricket-6-stumps-4-bails-3.jpg,2,5,3
bleached-polished-cricket-6-stumps-4-bails-3.jpg,2,6,3
bleached-polished-cricket-6-stumps-4-bails-3.jpg,2,7,3
bleached-polished-cricket-6-stumps-4-bails-3.jpg,2,8,0
bleached-polished-cricket-6-stumps-4-bails-3.jpg,3,1,0
bleached-polished-cricket-6-stumps-4-bails-3.jpg,3,2,3
bleached-polished-cricket-6-stumps-4-bails-3.jpg,3,3,3
bleached-polished-cricket-6-stumps-4-bails-3.jpg,3,4,3
bleached-polished-cricket-6-stumps-4-bails-3.jpg,3,5,3
bleached-polished-cricket-6-stumps-4-bails-3.jpg,3,6,3
bleached-polished-cricket-6-stumps-4-bails-3.jpg,3,7,3
bleached-polished-cricket-6-stumps-4-bails-3.jpg,3,8,0
bleached-polished-cricket-6-stumps-4-bails-3.jpg,4,1,0
bleached-polished-cricket-6-stumps-4-bails-3.jpg,4,2,3
bleached-polished-cricket-6-stumps-4-bails-3.jpg,4,3,3
bleached-polished-cricket-6-stumps-4-bails-3.jpg,4,4,3
bleached-polished-cricket-6-stumps-4-bails-3.jpg,4,5,3
bleached-polished-cricket-6-stumps-4-bails-3.jpg,4,6,3
bleached-polished-cricket-6-stumps-4-bails-3.jpg,4,7,3
bleached-polished-cricket-6-stumps-4-bails-3.jpg,4,8,0
bleached-polished-cricket-6-stumps-4-bails-3.jpg,5,1,0
bleached-polished-cricket-6-stumps-4-bails-3.jpg,5,2,3
bleached-polished-cricket-6-stumps-4-bails-3.jpg,5,3,3
bleached-polished-cricket-6-stumps-4-bails-3.jpg,5,4,3
bleached-polished-cricket-6-stumps-4-bails-3.jpg,5,5,3
bleached-polished-cricket-6-stumps-4-bails-3.jpg,5,6,3
bleached-polished-cricket-6-stumps-4-bails-3.jpg,5,7,3
bleached-polished-cricket-6-stumps-4-bails-3.jpg,5,8,0
bleached-polished-cricket-6-stumps-4-bails-3.jpg,6,1,0
bleached-polished-cricket-6-stumps-4-bails-3.jpg,6,2,3
bleached-polished-cricket-6-stumps-4-bails-3.jpg,6,3,3
bleached-polished-cricket-6-stumps-4-bails-3.jpg,6,4,3
bleached-polished-cricket-6-stumps-4-bails-3.jpg,6,5,3
bleached-polished-cricket-6-stumps-4-bails-3.jpg,6,6,3
bleached-polished-cricket-6-stumps-4-bails-3.jpg,6,7,3
bleached-polished-cricket-6-stumps-4-bails-3.jpg,6,8,0
bleached-polished-cricket-6-stumps-4-bails-3.jpg,7,1,0
bleached-polished-cricket-6-stumps-4-bails-3.jpg,7,2,3
bleached-polished-cricket-6-stumps-4-bails-3.jpg,7,3,3
bleached-polished-cricket-6-stumps-4-bails-3.jpg,7,4,3
bleached-polished-cricket-6-stumps-4-bails-3.jpg,7,5,3
bleached-polished-cricket-6-stumps-4-bails-3.jpg,7,6,3
bleached-polished-cricket-6-stumps-4-bails-3.jpg,7,7,3
bleached-polished-cricket-6-stumps-4-bails-3.jpg,7,8,0
bleached-polished-cricket-6-stumps-4-bails-3.jpg,8,1,0
bleached-polished-cricket-6-stumps-4-bails-3.jpg,8,2,3
bleached-polished-cricket-6-stumps-4-bails-3.jpg,8,3,3
bleached-polished-cricket-6-stumps-4-bails-3.jpg,8,4,3
bleached-polished-cricket-6-stumps-4-bails-3.jpg,8,5,3
bleached-polished-cricket-6-stumps-4-bails-3.jpg,8,6,3
bleached-polished-cricket-6-stumps-4-bails-3.jpg,8,7,3
bleached-polished-cricket-6-stumps-4-bails-3.jpg,8,8,0
CANNON-500-RED_1-ECOM (1).jpg,1,1,0
CANNON-500-RED_1-ECOM (1).jpg,1,2,0
CANNON-500-RED_1-ECOM (1).jpg,1,3,0
CANNON-500-RED_1-ECOM (1).jpg,1,4,1
CANNON-500-RED_1-ECOM (1).jpg,1,5,1
CANNON-500-RED_1-ECOM (1).jpg,1,6,1
CANNON-500-RED_1-ECOM (1).jpg,1,7,0
CANNON-500-RED_1-ECOM (1).jpg,1,8,0
CANNON-500-RED_1-ECOM (1).jpg,2,1,0
CANNON-500-RED_1-ECOM (1).jpg,2,2,0
CANNON-500-RED_1-ECOM (1).jpg,2,3,1
CANNON-500-RED_1-ECOM (1).jpg,2,4,1
CANNON-500-RED_1-ECOM (1).jpg,2,5,1
CANNON-500-RED_1-ECOM (1).jpg,2,6,1
CANNON-500-RED_1-ECOM (1).jpg,2,7,0
CANNON-500-RED_1-ECOM (1).jpg,2,8,0
CANNON-500-RED_1-ECOM (1).jpg,3,1,0
CANNON-500-RED_1-ECOM (1).jpg,3,2,1
CANNON-500-RED_1-ECOM (1).jpg,3,3,1
CANNON-500-RED_1-ECOM (1).jpg,3,4,1
CANNON-500-RED_1-ECOM (1).jpg,3,5,1
CANNON-500-RED_1-ECOM (1).jpg,3,6,1
CANNON-500-RED_1-ECOM (1).jpg,3,7,1
CANNON-500-RED_1-ECOM (1).jpg,3,8,0
CANNON-500-RED_1-ECOM (1).jpg,4,1,0
CANNON-500-RED_1-ECOM (1).jpg,4,2,1
CANNON-500-RED_1-ECOM (1).jpg,4,3,1
CANNON-500-RED_1-ECOM (1).jpg,4,4,1
CANNON-500-RED_1-ECOM (1).jpg,4,5,1
CANNON-500-RED_1-ECOM (1).jpg,4,6,1
CANNON-500-RED_1-ECOM (1).jpg,4,7,1
CANNON-500-RED_1-ECOM (1).jpg,4,8,0
CANNON-500-RED_1-ECOM (1).jpg,5,1,0
CANNON-500-RED_1-ECOM (1).jpg,5,2,1
CANNON-500-RED_1-ECOM (1).jpg,5,3,1
CANNON-500-RED_1-ECOM (1).jpg,5,4,1
CANNON-500-RED_1-ECOM (1).jpg,5,5,1
CANNON-500-RED_1-ECOM (1).jpg,5,6,1
CANNON-500-RED_1-ECOM (1).jpg,5,7,1
CANNON-500-RED_1-ECOM (1).jpg,5,8,0
CANNON-500-RED_1-ECOM (1).jpg,6,1,0
CANNON-500-RED_1-ECOM (1).jpg,6,2,1
CANNON-500-RED_1-ECOM (1).jpg,6,3,1
CANNON-500-RED_1-ECOM (1).jpg,6,4,1
CANNON-500-RED_1-ECOM (1).jpg,6,5,1
CANNON-500-RED_1-ECOM (1).jpg,6,6,1
CANNON-500-RED_1-ECOM (1).jpg,6,7,1
CANNON-500-RED_1-ECOM (1).jpg,6,8,0
CANNON-500-RED_1-ECOM (1).jpg,7,1,0
CANNON-500-RED_1-ECOM (1).jpg,7,2,1
CANNON-500-RED_1-ECOM (1).jpg,7,3,1
CANNON-500-RED_1-ECOM (1).jpg,7,4,1
CANNON-500-RED_1-ECOM (1).jpg,7,5,1
CANNON-500-RED_1-ECOM (1).jpg,7,6,1
CANNON-500-RED_1-ECOM (1).jpg,7,7,1
CANNON-500-RED_1-ECOM (1).jpg,7,8,0
CANNON-500-RED_1-ECOM (1).jpg,8,1,0
CANNON-500-RED_1-ECOM (1).jpg,8,2,0
CANNON-500-RED_1-ECOM (1).jpg,8,3,1
CANNON-500-RED_1-ECOM (1).jpg,8,4,1
CANNON-500-RED_1-ECOM (1).jpg,8,5,1
CANNON-500-RED_1-ECOM (1).jpg,8,6,1
CANNON-500-RED_1-ECOM (1).jpg,8,7,0
CANNON-500-RED_1-ECOM (1).jpg,8,8,0
close-up-cricket-player-bowled-out-batsman-bails-his-stump-flying-air-53720985.jpg,1,1,0
close-up-cricket-player-bowled-out-batsman-bails-his-stump-flying-air-53720985.jpg,1,2,0
close-up-cricket-player-bowled-out-batsman-bails-his-stump-flying-air-53720985.jpg,1,3,0
close-up-cricket-player-bowled-out-batsman-bails-his-stump-flying-air-53720985.jpg,1,4,0
close-up-cricket-player-bowled-out-batsman-bails-his-stump-flying-air-53720985.jpg,1,5,0
close-up-cricket-player-bowled-out-batsman-bails-his-stump-flying-air-53720985.jpg,1,6,0
close-up-cricket-player-bowled-out-batsman-bails-his-stump-flying-air-53720985.jpg,1,7,0
close-up-cricket-player-bowled-out-batsman-bails-his-stump-flying-air-53720985.jpg,1,8,0
close-up-cricket-player-bowled-out-batsman-bails-his-stump-flying-air-53720985.jpg,2,1,0
close-up-cricket-player-bowled-out-batsman-bails-his-stump-flying-air-53720985.jpg,2,2,0
close-up-cricket-player-bowled-out-batsman-bails-his-stump-flying-air-53720985.jpg,2,3,0
close-up-cricket-player-bowled-out-batsman-bails-his-stump-flying-air-53720985.jpg,2,4,0
close-up-cricket-player-bowled-out-batsman-bails-his-stump-flying-air-53720985.jpg,2,5,0
close-up-cricket-player-bowled-out-batsman-bails-his-stump-flying-air-53720985.jpg,2,6,0
close-up-cricket-player-bowled-out-batsman-bails-his-stump-flying-air-53720985.jpg,2,7,0
close-up-cricket-player-bowled-out-batsman-bails-his-stump-flying-air-53720985.jpg,2,8,0
close-up-cricket-player-bowled-out-batsman-bails-his-stump-flying-air-53720985.jpg,3,1,0
close-up-cricket-player-bowled-out-batsman-bails-his-stump-flying-air-53720985.jpg,3,2,0
close-up-cricket-player-bowled-out-batsman-bails-his-stump-flying-air-53720985.jpg,3,3,0
close-up-cricket-player-bowled-out-batsman-bails-his-stump-flying-air-53720985.jpg,3,4,0
close-up-cricket-player-bowled-out-batsman-bails-his-stump-flying-air-53720985.jpg,3,5,0
close-up-cricket-player-bowled-out-batsman-bails-his-stump-flying-air-53720985.jpg,3,6,0
close-up-cricket-player-bowled-out-batsman-bails-his-stump-flying-air-53720985.jpg,3,7,0
close-up-cricket-player-bowled-out-batsman-bails-his-stump-flying-air-53720985.jpg,3,8,0
close-up-cricket-player-bowled-out-batsman-bails-his-stump-flying-air-53720985.jpg,4,1,0
close-up-cricket-player-bowled-out-batsman-bails-his-stump-flying-air-53720985.jpg,4,2,3
close-up-cricket-player-bowled-out-batsman-bails-his-stump-flying-air-53720985.jpg,4,3,3
close-up-cricket-player-bowled-out-batsman-bails-his-stump-flying-air-53720985.jpg,4,4,0
close-up-cricket-player-bowled-out-batsman-bails-his-stump-flying-air-53720985.jpg,4,5,0
close-up-cricket-player-bowled-out-batsman-bails-his-stump-flying-air-53720985.jpg,4,6,0
close-up-cricket-player-bowled-out-batsman-bails-his-stump-flying-air-53720985.jpg,4,7,2
close-up-cricket-player-bowled-out-batsman-bails-his-stump-flying-air-53720985.jpg,4,8,0
close-up-cricket-player-bowled-out-batsman-bails-his-stump-flying-air-53720985.jpg,5,1,0
close-up-cricket-player-bowled-out-batsman-bails-his-stump-flying-air-53720985.jpg,5,2,3
close-up-cricket-player-bowled-out-batsman-bails-his-stump-flying-air-53720985.jpg,5,3,3
close-up-cricket-player-bowled-out-batsman-bails-his-stump-flying-air-53720985.jpg,5,4,0
close-up-cricket-player-bowled-out-batsman-bails-his-stump-flying-air-53720985.jpg,5,5,0
close-up-cricket-player-bowled-out-batsman-bails-his-stump-flying-air-53720985.jpg,5,6,0
close-up-cricket-player-bowled-out-batsman-bails-his-stump-flying-air-53720985.jpg,5,7,2
close-up-cricket-player-bowled-out-batsman-bails-his-stump-flying-air-53720985.jpg,5,8,0
close-up-cricket-player-bowled-out-batsman-bails-his-stump-flying-air-53720985.jpg,6,1,0
close-up-cricket-player-bowled-out-batsman-bails-his-stump-flying-air-53720985.jpg,6,2,3
close-up-cricket-player-bowled-out-batsman-bails-his-stump-flying-air-53720985.jpg,6,3,3
close-up-cricket-player-bowled-out-batsman-bails-his-stump-flying-air-53720985.jpg,6,4,0
close-up-cricket-player-bowled-out-batsman-bails-his-stump-flying-air-53720985.jpg,6,5,0
close-up-cricket-player-bowled-out-batsman-bails-his-stump-flying-air-53720985.jpg,6,6,0
close-up-cricket-player-bowled-out-batsman-bails-his-stump-flying-air-53720985.jpg,6,7,2
close-up-cricket-player-bowled-out-batsman-bails-his-stump-flying-air-53720985.jpg,6,8,0
close-up-cricket-player-bowled-out-batsman-bails-his-stump-flying-air-53720985.jpg,7,1,0
close-up-cricket-player-bowled-out-batsman-bails-his-stump-flying-air-53720985.jpg,7,2,3
close-up-cricket-player-bowled-out-batsman-bails-his-stump-flying-air-53720985.jpg,7,3,3
close-up-cricket-player-bowled-out-batsman-bails-his-stump-flying-air-53720985.jpg,7,4,0
close-up-cricket-player-bowled-out-batsman-bails-his-stump-flying-air-53720985.jpg,7,5,0
close-up-cricket-player-bowled-out-batsman-bails-his-stump-flying-air-53720985.jpg,7,6,0
close-up-cricket-player-bowled-out-batsman-bails-his-stump-flying-air-53720985.jpg,7,7,2
close-up-cricket-player-bowled-out-batsman-bails-his-stump-flying-air-53720985.jpg,7,8,0
close-up-cricket-player-bowled-out-batsman-bails-his-stump-flying-air-53720985.jpg,8,1,0
close-up-cricket-player-bowled-out-batsman-bails-his-stump-flying-air-53720985.jpg,8,2,0
close-up-cricket-player-bowled-out-batsman-bails-his-stump-flying-air-53720985.jpg,8,3,0
close-up-cricket-player-bowled-out-batsman-bails-his-stump-flying-air-53720985.jpg,8,4,0
close-up-cricket-player-bowled-out-batsman-bails-his-stump-flying-air-53720985.jpg,8,5,0
close-up-cricket-player-bowled-out-batsman-bails-his-stump-flying-air-53720985.jpg,8,6,0
close-up-cricket-player-bowled-out-batsman-bails-his-stump-flying-air-53720985.jpg,8,7,0
close-up-cricket-player-bowled-out-batsman-bails-his-stump-flying-air-53720985.jpg,8,8,0
close-up-of-cricket-stumps-D2E9CF.jpg,1,1,0
close-up-of-cricket-stumps-D2E9CF.jpg,1,2,0
close-up-of-cricket-stumps-D2E9CF.jpg,1,3,0
close-up-of-cricket-stumps-D2E9CF.jpg,1,4,0
close-up-of-cricket-stumps-D2E9CF.jpg,1,5,0
close-up-of-cricket-stumps-D2E9CF.jpg,1,6,0
close-up-of-cricket-stumps-D2E9CF.jpg,1,7,0
close-up-of-cricket-stumps-D2E9CF.jpg,1,8,0
close-up-of-cricket-stumps-D2E9CF.jpg,2,1,0
close-up-of-cricket-stumps-D2E9CF.jpg,2,2,3
close-up-of-cricket-stumps-D2E9CF.jpg,2,3,3
close-up-of-cricket-stumps-D2E9CF.jpg,2,4,0
close-up-of-cricket-stumps-D2E9CF.jpg,2,5,0
close-up-of-cricket-stumps-D2E9CF.jpg,2,6,0
close-up-of-cricket-stumps-D2E9CF.jpg,2,7,0
close-up-of-cricket-stumps-D2E9CF.jpg,2,8,0
close-up-of-cricket-stumps-D2E9CF.jpg,3,1,0
close-up-of-cricket-stumps-D2E9CF.jpg,3,2,3
close-up-of-cricket-stumps-D2E9CF.jpg,3,3,3
close-up-of-cricket-stumps-D2E9CF.jpg,3,4,3
close-up-of-cricket-stumps-D2E9CF.jpg,3,5,3
close-up-of-cricket-stumps-D2E9CF.jpg,3,6,0
close-up-of-cricket-stumps-D2E9CF.jpg,3,7,0
close-up-of-cricket-stumps-D2E9CF.jpg,3,8,0
close-up-of-cricket-stumps-D2E9CF.jpg,4,1,0
close-up-of-cricket-stumps-D2E9CF.jpg,4,2,3
close-up-of-cricket-stumps-D2E9CF.jpg,4,3,3
close-up-of-cricket-stumps-D2E9CF.jpg,4,4,3
close-up-of-cricket-stumps-D2E9CF.jpg,4,5,3
close-up-of-cricket-stumps-D2E9CF.jpg,4,6,3
close-up-of-cricket-stumps-D2E9CF.jpg,4,7,0
close-up-of-cricket-stumps-D2E9CF.jpg,4,8,0
close-up-of-cricket-stumps-D2E9CF.jpg,5,1,0
close-up-of-cricket-stumps-D2E9CF.jpg,5,2,0
close-up-of-cricket-stumps-D2E9CF.jpg,5,3,0
close-up-of-cricket-stumps-D2E9CF.jpg,5,4,3
close-up-of-cricket-stumps-D2E9CF.jpg,5,5,3
close-up-of-cricket-stumps-D2E9CF.jpg,5,6,3
close-up-of-cricket-stumps-D2E9CF.jpg,5,7,3
close-up-of-cricket-stumps-D2E9CF.jpg,5,8,0
close-up-of-cricket-stumps-D2E9CF.jpg,6,1,0
close-up-of-cricket-stumps-D2E9CF.jpg,6,2,0
close-up-of-cricket-stumps-D2E9CF.jpg,6,3,0
close-up-of-cricket-stumps-D2E9CF.jpg,6,4,0
close-up-of-cricket-stumps-D2E9CF.jpg,6,5,3
close-up-of-cricket-stumps-D2E9CF.jpg,6,6,3
close-up-of-cricket-stumps-D2E9CF.jpg,6,7,3
close-up-of-cricket-stumps-D2E9CF.jpg,6,8,3
close-up-of-cricket-stumps-D2E9CF.jpg,7,1,0
close-up-of-cricket-stumps-D2E9CF.jpg,7,2,0
close-up-of-cricket-stumps-D2E9CF.jpg,7,3,0
close-up-of-cricket-stumps-D2E9CF.jpg,7,4,0
close-up-of-cricket-stumps-D2E9CF.jpg,7,5,0
close-up-of-cricket-stumps-D2E9CF.jpg,7,6,3
close-up-of-cricket-stumps-D2E9CF.jpg,7,7,3
close-up-of-cricket-stumps-D2E9CF.jpg,7,8,0
close-up-of-cricket-stumps-D2E9CF.jpg,8,1,0
close-up-of-cricket-stumps-D2E9CF.jpg,8,2,0
close-up-of-cricket-stumps-D2E9CF.jpg,8,3,0
close-up-of-cricket-stumps-D2E9CF.jpg,8,4,0
close-up-of-cricket-stumps-D2E9CF.jpg,8,5,0
close-up-of-cricket-stumps-D2E9CF.jpg,8,6,0
close-up-of-cricket-stumps-D2E9CF.jpg,8,7,0
close-up-of-cricket-stumps-D2E9CF.jpg,8,8,0
close-up-of-cricket-stumps-on-a-traditional-grass-pitch-GPA28R (1).jpg,1,1,0
close-up-of-cricket-stumps-on-a-traditional-grass-pitch-GPA28R (1).jpg,1,2,0
close-up-of-cricket-stumps-on-a-traditional-grass-pitch-GPA28R (1).jpg,1,3,3
close-up-of-cricket-stumps-on-a-traditional-grass-pitch-GPA28R (1).jpg,1,4,3
close-up-of-cricket-stumps-on-a-traditional-grass-pitch-GPA28R (1).jpg,1,5,3
close-up-of-cricket-stumps-on-a-traditional-grass-pitch-GPA28R (1).jpg,1,6,3
close-up-of-cricket-stumps-on-a-traditional-grass-pitch-GPA28R (1).jpg,1,7,3
close-up-of-cricket-stumps-on-a-traditional-grass-pitch-GPA28R (1).jpg,1,8,0
close-up-of-cricket-stumps-on-a-traditional-grass-pitch-GPA28R (1).jpg,2,1,0
close-up-of-cricket-stumps-on-a-traditional-grass-pitch-GPA28R (1).jpg,2,2,0
close-up-of-cricket-stumps-on-a-traditional-grass-pitch-GPA28R (1).jpg,2,3,3
close-up-of-cricket-stumps-on-a-traditional-grass-pitch-GPA28R (1).jpg,2,4,3
close-up-of-cricket-stumps-on-a-traditional-grass-pitch-GPA28R (1).jpg,2,5,3
close-up-of-cricket-stumps-on-a-traditional-grass-pitch-GPA28R (1).jpg,2,6,3
close-up-of-cricket-stumps-on-a-traditional-grass-pitch-GPA28R (1).jpg,2,7,3
close-up-of-cricket-stumps-on-a-traditional-grass-pitch-GPA28R (1).jpg,2,8,0
close-up-of-cricket-stumps-on-a-traditional-grass-pitch-GPA28R (1).jpg,3,1,0
close-up-of-cricket-stumps-on-a-traditional-grass-pitch-GPA28R (1).jpg,3,2,0
close-up-of-cricket-stumps-on-a-traditional-grass-pitch-GPA28R (1).jpg,3,3,3
close-up-of-cricket-stumps-on-a-traditional-grass-pitch-GPA28R (1).jpg,3,4,3
close-up-of-cricket-stumps-on-a-traditional-grass-pitch-GPA28R (1).jpg,3,5,3
close-up-of-cricket-stumps-on-a-traditional-grass-pitch-GPA28R (1).jpg,3,6,3
close-up-of-cricket-stumps-on-a-traditional-grass-pitch-GPA28R (1).jpg,3,7,3
close-up-of-cricket-stumps-on-a-traditional-grass-pitch-GPA28R (1).jpg,3,8,0
close-up-of-cricket-stumps-on-a-traditional-grass-pitch-GPA28R (1).jpg,4,1,0
close-up-of-cricket-stumps-on-a-traditional-grass-pitch-GPA28R (1).jpg,4,2,0
close-up-of-cricket-stumps-on-a-traditional-grass-pitch-GPA28R (1).jpg,4,3,3
close-up-of-cricket-stumps-on-a-traditional-grass-pitch-GPA28R (1).jpg,4,4,3
close-up-of-cricket-stumps-on-a-traditional-grass-pitch-GPA28R (1).jpg,4,5,3
close-up-of-cricket-stumps-on-a-traditional-grass-pitch-GPA28R (1).jpg,4,6,3
close-up-of-cricket-stumps-on-a-traditional-grass-pitch-GPA28R (1).jpg,4,7,3
close-up-of-cricket-stumps-on-a-traditional-grass-pitch-GPA28R (1).jpg,4,8,0
close-up-of-cricket-stumps-on-a-traditional-grass-pitch-GPA28R (1).jpg,5,1,0
close-up-of-cricket-stumps-on-a-traditional-grass-pitch-GPA28R (1).jpg,5,2,0
close-up-of-cricket-stumps-on-a-traditional-grass-pitch-GPA28R (1).jpg,5,3,3
close-up-of-cricket-stumps-on-a-traditional-grass-pitch-GPA28R (1).jpg,5,4,3
close-up-of-cricket-stumps-on-a-traditional-grass-pitch-GPA28R (1).jpg,5,5,3
close-up-of-cricket-stumps-on-a-traditional-grass-pitch-GPA28R (1).jpg,5,6,3
close-up-of-cricket-stumps-on-a-traditional-grass-pitch-GPA28R (1).jpg,5,7,3
close-up-of-cricket-stumps-on-a-traditional-grass-pitch-GPA28R (1).jpg,5,8,0
close-up-of-cricket-stumps-on-a-traditional-grass-pitch-GPA28R (1).jpg,6,1,0
close-up-of-cricket-stumps-on-a-traditional-grass-pitch-GPA28R (1).jpg,6,2,0
close-up-of-cricket-stumps-on-a-traditional-grass-pitch-GPA28R (1).jpg,6,3,3
close-up-of-cricket-stumps-on-a-traditional-grass-pitch-GPA28R (1).jpg,6,4,3
close-up-of-cricket-stumps-on-a-traditional-grass-pitch-GPA28R (1).jpg,6,5,3
close-up-of-cricket-stumps-on-a-traditional-grass-pitch-GPA28R (1).jpg,6,6,3
close-up-of-cricket-stumps-on-a-traditional-grass-pitch-GPA28R (1).jpg,6,7,3
close-up-of-cricket-stumps-on-a-traditional-grass-pitch-GPA28R (1).jpg,6,8,0
close-up-of-cricket-stumps-on-a-traditional-grass-pitch-GPA28R (1).jpg,7,1,0
close-up-of-cricket-stumps-on-a-traditional-grass-pitch-GPA28R (1).jpg,7,2,0
close-up-of-cricket-stumps-on-a-traditional-grass-pitch-GPA28R (1).jpg,7,3,3
close-up-of-cricket-stumps-on-a-traditional-grass-pitch-GPA28R (1).jpg,7,4,3
close-up-of-cricket-stumps-on-a-traditional-grass-pitch-GPA28R (1).jpg,7,5,3
close-up-of-cricket-stumps-on-a-traditional-grass-pitch-GPA28R (1).jpg,7,6,3
close-up-of-cricket-stumps-on-a-traditional-grass-pitch-GPA28R (1).jpg,7,7,3
close-up-of-cricket-stumps-on-a-traditional-grass-pitch-GPA28R (1).jpg,7,8,0
close-up-of-cricket-stumps-on-a-traditional-grass-pitch-GPA28R (1).jpg,8,1,0
close-up-of-cricket-stumps-on-a-traditional-grass-pitch-GPA28R (1).jpg,8,2,0
close-up-of-cricket-stumps-on-a-traditional-grass-pitch-GPA28R (1).jpg,8,3,3
close-up-of-cricket-stumps-on-a-traditional-grass-pitch-GPA28R (1).jpg,8,4,3
close-up-of-cricket-stumps-on-a-traditional-grass-pitch-GPA28R (1).jpg,8,5,3
close-up-of-cricket-stumps-on-a-traditional-grass-pitch-GPA28R (1).jpg,8,6,3
close-up-of-cricket-stumps-on-a-traditional-grass-pitch-GPA28R (1).jpg,8,7,3
close-up-of-cricket-stumps-on-a-traditional-grass-pitch-GPA28R (1).jpg,8,8,0
close-up-of-wicket-keeper-standing-by-stumps-during-match-on-sunny-J84HCB (1).jpg,1,1,0
close-up-of-wicket-keeper-standing-by-stumps-during-match-on-sunny-J84HCB (1).jpg,1,2,0
close-up-of-wicket-keeper-standing-by-stumps-during-match-on-sunny-J84HCB (1).jpg,1,3,0
close-up-of-wicket-keeper-standing-by-stumps-during-match-on-sunny-J84HCB (1).jpg,1,4,0
close-up-of-wicket-keeper-standing-by-stumps-during-match-on-sunny-J84HCB (1).jpg,1,5,0
close-up-of-wicket-keeper-standing-by-stumps-during-match-on-sunny-J84HCB (1).jpg,1,6,0
close-up-of-wicket-keeper-standing-by-stumps-during-match-on-sunny-J84HCB (1).jpg,1,7,0
close-up-of-wicket-keeper-standing-by-stumps-during-match-on-sunny-J84HCB (1).jpg,1,8,0
close-up-of-wicket-keeper-standing-by-stumps-during-match-on-sunny-J84HCB (1).jpg,2,1,0
close-up-of-wicket-keeper-standing-by-stumps-during-match-on-sunny-J84HCB (1).jpg,2,2,0
close-up-of-wicket-keeper-standing-by-stumps-during-match-on-sunny-J84HCB (1).jpg,2,3,0
close-up-of-wicket-keeper-standing-by-stumps-during-match-on-sunny-J84HCB (1).jpg,2,4,0
close-up-of-wicket-keeper-standing-by-stumps-during-match-on-sunny-J84HCB (1).jpg,2,5,0
close-up-of-wicket-keeper-standing-by-stumps-during-match-on-sunny-J84HCB (1).jpg,2,6,0
close-up-of-wicket-keeper-standing-by-stumps-during-match-on-sunny-J84HCB (1).jpg,2,7,0
close-up-of-wicket-keeper-standing-by-stumps-during-match-on-sunny-J84HCB (1).jpg,2,8,0
close-up-of-wicket-keeper-standing-by-stumps-during-match-on-sunny-J84HCB (1).jpg,3,1,0
close-up-of-wicket-keeper-standing-by-stumps-during-match-on-sunny-J84HCB (1).jpg,3,2,0
close-up-of-wicket-keeper-standing-by-stumps-during-match-on-sunny-J84HCB (1).jpg,3,3,0
close-up-of-wicket-keeper-standing-by-stumps-during-match-on-sunny-J84HCB (1).jpg,3,4,3
close-up-of-wicket-keeper-standing-by-stumps-during-match-on-sunny-J84HCB (1).jpg,3,5,3
close-up-of-wicket-keeper-standing-by-stumps-during-match-on-sunny-J84HCB (1).jpg,3,6,3
close-up-of-wicket-keeper-standing-by-stumps-during-match-on-sunny-J84HCB (1).jpg,3,7,3
close-up-of-wicket-keeper-standing-by-stumps-during-match-on-sunny-J84HCB (1).jpg,3,8,0
close-up-of-wicket-keeper-standing-by-stumps-during-match-on-sunny-J84HCB (1).jpg,4,1,0
close-up-of-wicket-keeper-standing-by-stumps-during-match-on-sunny-J84HCB (1).jpg,4,2,0
close-up-of-wicket-keeper-standing-by-stumps-during-match-on-sunny-J84HCB (1).jpg,4,3,0
close-up-of-wicket-keeper-standing-by-stumps-during-match-on-sunny-J84HCB (1).jpg,4,4,3
close-up-of-wicket-keeper-standing-by-stumps-during-match-on-sunny-J84HCB (1).jpg,4,5,3
close-up-of-wicket-keeper-standing-by-stumps-during-match-on-sunny-J84HCB (1).jpg,4,6,3
close-up-of-wicket-keeper-standing-by-stumps-during-match-on-sunny-J84HCB (1).jpg,4,7,3
close-up-of-wicket-keeper-standing-by-stumps-during-match-on-sunny-J84HCB (1).jpg,4,8,0
close-up-of-wicket-keeper-standing-by-stumps-during-match-on-sunny-J84HCB (1).jpg,5,1,0
close-up-of-wicket-keeper-standing-by-stumps-during-match-on-sunny-J84HCB (1).jpg,5,2,0
close-up-of-wicket-keeper-standing-by-stumps-during-match-on-sunny-J84HCB (1).jpg,5,3,0
close-up-of-wicket-keeper-standing-by-stumps-during-match-on-sunny-J84HCB (1).jpg,5,4,3
close-up-of-wicket-keeper-standing-by-stumps-during-match-on-sunny-J84HCB (1).jpg,5,5,3
close-up-of-wicket-keeper-standing-by-stumps-during-match-on-sunny-J84HCB (1).jpg,5,6,3
close-up-of-wicket-keeper-standing-by-stumps-during-match-on-sunny-J84HCB (1).jpg,5,7,3
close-up-of-wicket-keeper-standing-by-stumps-during-match-on-sunny-J84HCB (1).jpg,5,8,0
close-up-of-wicket-keeper-standing-by-stumps-during-match-on-sunny-J84HCB (1).jpg,6,1,0
close-up-of-wicket-keeper-standing-by-stumps-during-match-on-sunny-J84HCB (1).jpg,6,2,0
close-up-of-wicket-keeper-standing-by-stumps-during-match-on-sunny-J84HCB (1).jpg,6,3,0
close-up-of-wicket-keeper-standing-by-stumps-during-match-on-sunny-J84HCB (1).jpg,6,4,3
close-up-of-wicket-keeper-standing-by-stumps-during-match-on-sunny-J84HCB (1).jpg,6,5,3
close-up-of-wicket-keeper-standing-by-stumps-during-match-on-sunny-J84HCB (1).jpg,6,6,3
close-up-of-wicket-keeper-standing-by-stumps-during-match-on-sunny-J84HCB (1).jpg,6,7,3
close-up-of-wicket-keeper-standing-by-stumps-during-match-on-sunny-J84HCB (1).jpg,6,8,0
close-up-of-wicket-keeper-standing-by-stumps-during-match-on-sunny-J84HCB (1).jpg,7,1,0
close-up-of-wicket-keeper-standing-by-stumps-during-match-on-sunny-J84HCB (1).jpg,7,2,0
close-up-of-wicket-keeper-standing-by-stumps-during-match-on-sunny-J84HCB (1).jpg,7,3,0
close-up-of-wicket-keeper-standing-by-stumps-during-match-on-sunny-J84HCB (1).jpg,7,4,3
close-up-of-wicket-keeper-standing-by-stumps-during-match-on-sunny-J84HCB (1).jpg,7,5,3
close-up-of-wicket-keeper-standing-by-stumps-during-match-on-sunny-J84HCB (1).jpg,7,6,3
close-up-of-wicket-keeper-standing-by-stumps-during-match-on-sunny-J84HCB (1).jpg,7,7,3
close-up-of-wicket-keeper-standing-by-stumps-during-match-on-sunny-J84HCB (1).jpg,7,8,0
close-up-of-wicket-keeper-standing-by-stumps-during-match-on-sunny-J84HCB (1).jpg,8,1,0
close-up-of-wicket-keeper-standing-by-stumps-during-match-on-sunny-J84HCB (1).jpg,8,2,0
close-up-of-wicket-keeper-standing-by-stumps-during-match-on-sunny-J84HCB (1).jpg,8,3,0
close-up-of-wicket-keeper-standing-by-stumps-during-match-on-sunny-J84HCB (1).jpg,8,4,3
close-up-of-wicket-keeper-standing-by-stumps-during-match-on-sunny-J84HCB (1).jpg,8,5,3
close-up-of-wicket-keeper-standing-by-stumps-during-match-on-sunny-J84HCB (1).jpg,8,6,3
close-up-of-wicket-keeper-standing-by-stumps-during-match-on-sunny-J84HCB (1).jpg,8,7,3
close-up-of-wicket-keeper-standing-by-stumps-during-match-on-sunny-J84HCB (1).jpg,8,8,0
close-up-view-of-cricket-stumps-on-a-cricket-pitch-2AY0MWK (1).jpg,1,1,0
close-up-view-of-cricket-stumps-on-a-cricket-pitch-2AY0MWK (1).jpg,1,2,0
close-up-view-of-cricket-stumps-on-a-cricket-pitch-2AY0MWK (1).jpg,1,3,0
close-up-view-of-cricket-stumps-on-a-cricket-pitch-2AY0MWK (1).jpg,1,4,0
close-up-view-of-cricket-stumps-on-a-cricket-pitch-2AY0MWK (1).jpg,1,5,0
close-up-view-of-cricket-stumps-on-a-cricket-pitch-2AY0MWK (1).jpg,1,6,0
close-up-view-of-cricket-stumps-on-a-cricket-pitch-2AY0MWK (1).jpg,1,7,0
close-up-view-of-cricket-stumps-on-a-cricket-pitch-2AY0MWK (1).jpg,1,8,0
close-up-view-of-cricket-stumps-on-a-cricket-pitch-2AY0MWK (1).jpg,2,1,0
close-up-view-of-cricket-stumps-on-a-cricket-pitch-2AY0MWK (1).jpg,2,2,0
close-up-view-of-cricket-stumps-on-a-cricket-pitch-2AY0MWK (1).jpg,2,3,0
close-up-view-of-cricket-stumps-on-a-cricket-pitch-2AY0MWK (1).jpg,2,4,0
close-up-view-of-cricket-stumps-on-a-cricket-pitch-2AY0MWK (1).jpg,2,5,0
close-up-view-of-cricket-stumps-on-a-cricket-pitch-2AY0MWK (1).jpg,2,6,0
close-up-view-of-cricket-stumps-on-a-cricket-pitch-2AY0MWK (1).jpg,2,7,0
close-up-view-of-cricket-stumps-on-a-cricket-pitch-2AY0MWK (1).jpg,2,8,0
close-up-view-of-cricket-stumps-on-a-cricket-pitch-2AY0MWK (1).jpg,3,1,0
close-up-view-of-cricket-stumps-on-a-cricket-pitch-2AY0MWK (1).jpg,3,2,0
close-up-view-of-cricket-stumps-on-a-cricket-pitch-2AY0MWK (1).jpg,3,3,0
close-up-view-of-cricket-stumps-on-a-cricket-pitch-2AY0MWK (1).jpg,3,4,0
close-up-view-of-cricket-stumps-on-a-cricket-pitch-2AY0MWK (1).jpg,3,5,0
close-up-view-of-cricket-stumps-on-a-cricket-pitch-2AY0MWK (1).jpg,3,6,0
close-up-view-of-cricket-stumps-on-a-cricket-pitch-2AY0MWK (1).jpg,3,7,0
close-up-view-of-cricket-stumps-on-a-cricket-pitch-2AY0MWK (1).jpg,3,8,0
close-up-view-of-cricket-stumps-on-a-cricket-pitch-2AY0MWK (1).jpg,4,1,0
close-up-view-of-cricket-stumps-on-a-cricket-pitch-2AY0MWK (1).jpg,4,2,3
close-up-view-of-cricket-stumps-on-a-cricket-pitch-2AY0MWK (1).jpg,4,3,3
close-up-view-of-cricket-stumps-on-a-cricket-pitch-2AY0MWK (1).jpg,4,4,3
close-up-view-of-cricket-stumps-on-a-cricket-pitch-2AY0MWK (1).jpg,4,5,3
close-up-view-of-cricket-stumps-on-a-cricket-pitch-2AY0MWK (1).jpg,4,6,0
close-up-view-of-cricket-stumps-on-a-cricket-pitch-2AY0MWK (1).jpg,4,7,0
close-up-view-of-cricket-stumps-on-a-cricket-pitch-2AY0MWK (1).jpg,4,8,0
close-up-view-of-cricket-stumps-on-a-cricket-pitch-2AY0MWK (1).jpg,5,1,0
close-up-view-of-cricket-stumps-on-a-cricket-pitch-2AY0MWK (1).jpg,5,2,3
close-up-view-of-cricket-stumps-on-a-cricket-pitch-2AY0MWK (1).jpg,5,3,3
close-up-view-of-cricket-stumps-on-a-cricket-pitch-2AY0MWK (1).jpg,5,4,3
close-up-view-of-cricket-stumps-on-a-cricket-pitch-2AY0MWK (1).jpg,5,5,3
close-up-view-of-cricket-stumps-on-a-cricket-pitch-2AY0MWK (1).jpg,5,6,0
close-up-view-of-cricket-stumps-on-a-cricket-pitch-2AY0MWK (1).jpg,5,7,0
close-up-view-of-cricket-stumps-on-a-cricket-pitch-2AY0MWK (1).jpg,5,8,0
close-up-view-of-cricket-stumps-on-a-cricket-pitch-2AY0MWK (1).jpg,6,1,0
close-up-view-of-cricket-stumps-on-a-cricket-pitch-2AY0MWK (1).jpg,6,2,3
close-up-view-of-cricket-stumps-on-a-cricket-pitch-2AY0MWK (1).jpg,6,3,3
close-up-view-of-cricket-stumps-on-a-cricket-pitch-2AY0MWK (1).jpg,6,4,3
close-up-view-of-cricket-stumps-on-a-cricket-pitch-2AY0MWK (1).jpg,6,5,3
close-up-view-of-cricket-stumps-on-a-cricket-pitch-2AY0MWK (1).jpg,6,6,0
close-up-view-of-cricket-stumps-on-a-cricket-pitch-2AY0MWK (1).jpg,6,7,0
close-up-view-of-cricket-stumps-on-a-cricket-pitch-2AY0MWK (1).jpg,6,8,0
close-up-view-of-cricket-stumps-on-a-cricket-pitch-2AY0MWK (1).jpg,7,1,0
close-up-view-of-cricket-stumps-on-a-cricket-pitch-2AY0MWK (1).jpg,7,2,3
close-up-view-of-cricket-stumps-on-a-cricket-pitch-2AY0MWK (1).jpg,7,3,3
close-up-view-of-cricket-stumps-on-a-cricket-pitch-2AY0MWK (1).jpg,7,4,3
close-up-view-of-cricket-stumps-on-a-cricket-pitch-2AY0MWK (1).jpg,7,5,3
close-up-view-of-cricket-stumps-on-a-cricket-pitch-2AY0MWK (1).jpg,7,6,0
close-up-view-of-cricket-stumps-on-a-cricket-pitch-2AY0MWK (1).jpg,7,7,0
close-up-view-of-cricket-stumps-on-a-cricket-pitch-2AY0MWK (1).jpg,7,8,0
close-up-view-of-cricket-stumps-on-a-cricket-pitch-2AY0MWK (1).jpg,8,1,0
close-up-view-of-cricket-stumps-on-a-cricket-pitch-2AY0MWK (1).jpg,8,2,3
close-up-view-of-cricket-stumps-on-a-cricket-pitch-2AY0MWK (1).jpg,8,3,3
close-up-view-of-cricket-stumps-on-a-cricket-pitch-2AY0MWK (1).jpg,8,4,3
close-up-view-of-cricket-stumps-on-a-cricket-pitch-2AY0MWK (1).jpg,8,5,3
close-up-view-of-cricket-stumps-on-a-cricket-pitch-2AY0MWK (1).jpg,8,6,0
close-up-view-of-cricket-stumps-on-a-cricket-pitch-2AY0MWK (1).jpg,8,7,0
close-up-view-of-cricket-stumps-on-a-cricket-pitch-2AY0MWK (1).jpg,8,8,0
CountySpecial.jpg,1,1,0
CountySpecial.jpg,1,2,1
CountySpecial.jpg,1,3,1
CountySpecial.jpg,1,4,1
CountySpecial.jpg,1,5,1
CountySpecial.jpg,1,6,1
CountySpecial.jpg,1,7,1
CountySpecial.jpg,1,8,0
CountySpecial.jpg,2,1,1
CountySpecial.jpg,2,2,1
CountySpecial.jpg,2,3,1
CountySpecial.jpg,2,4,1
CountySpecial.jpg,2,5,1
CountySpecial.jpg,2,6,1
CountySpecial.jpg,2,7,1
CountySpecial.jpg,2,8,1
CountySpecial.jpg,3,1,1
CountySpecial.jpg,3,2,1
CountySpecial.jpg,3,3,1
CountySpecial.jpg,3,4,1
CountySpecial.jpg,3,5,1
CountySpecial.jpg,3,6,1
CountySpecial.jpg,3,7,1
CountySpecial.jpg,3,8,1
CountySpecial.jpg,4,1,1
CountySpecial.jpg,4,2,1
CountySpecial.jpg,4,3,1
CountySpecial.jpg,4,4,1
CountySpecial.jpg,4,5,1
CountySpecial.jpg,4,6,1
CountySpecial.jpg,4,7,1
CountySpecial.jpg,4,8,1
CountySpecial.jpg,5,1,1
CountySpecial.jpg,5,2,1
CountySpecial.jpg,5,3,1
CountySpecial.jpg,5,4,1
CountySpecial.jpg,5,5,1
CountySpecial.jpg,5,6,1
CountySpecial.jpg,5,7,1
CountySpecial.jpg,5,8,1
CountySpecial.jpg,6,1,1
CountySpecial.jpg,6,2,1
CountySpecial.jpg,6,3,1
CountySpecial.jpg,6,4,1
CountySpecial.jpg,6,5,1
CountySpecial.jpg,6,6,1
CountySpecial.jpg,6,7,1
CountySpecial.jpg,6,8,1
CountySpecial.jpg,7,1,1
CountySpecial.jpg,7,2,1
CountySpecial.jpg,7,3,1
CountySpecial.jpg,7,4,1
CountySpecial.jpg,7,5,1
CountySpecial.jpg,7,6,1
CountySpecial.jpg,7,7,1
CountySpecial.jpg,7,8,1
CountySpecial.jpg,8,1,0
CountySpecial.jpg,8,2,1
CountySpecial.jpg,8,3,1
CountySpecial.jpg,8,4,1
CountySpecial.jpg,8,5,1
CountySpecial.jpg,8,6,1
CountySpecial.jpg,8,7,1
CountySpecial.jpg,8,8,0
CPPlasticStumps1CricketerPro.jpg,1,1,0
CPPlasticStumps1CricketerPro.jpg,1,2,0
CPPlasticStumps1CricketerPro.jpg,1,3,0
CPPlasticStumps1CricketerPro.jpg,1,4,3
CPPlasticStumps1CricketerPro.jpg,1,5,3
CPPlasticStumps1CricketerPro.jpg,1,6,3
CPPlasticStumps1CricketerPro.jpg,1,7,0
CPPlasticStumps1CricketerPro.jpg,1,8,0
CPPlasticStumps1CricketerPro.jpg,2,1,0
CPPlasticStumps1CricketerPro.jpg,2,2,0
CPPlasticStumps1CricketerPro.jpg,2,3,0
CPPlasticStumps1CricketerPro.jpg,2,4,3
CPPlasticStumps1CricketerPro.jpg,2,5,3
CPPlasticStumps1CricketerPro.jpg,2,6,3
CPPlasticStumps1CricketerPro.jpg,2,7,0
CPPlasticStumps1CricketerPro.jpg,2,8,0
CPPlasticStumps1CricketerPro.jpg,3,1,0
CPPlasticStumps1CricketerPro.jpg,3,2,0
CPPlasticStumps1CricketerPro.jpg,3,3,0
CPPlasticStumps1CricketerPro.jpg,3,4,3
CPPlasticStumps1CricketerPro.jpg,3,5,3
CPPlasticStumps1CricketerPro.jpg,3,6,3
CPPlasticStumps1CricketerPro.jpg,3,7,0
CPPlasticStumps1CricketerPro.jpg,3,8,0
CPPlasticStumps1CricketerPro.jpg,4,1,0
CPPlasticStumps1CricketerPro.jpg,4,2,0
CPPlasticStumps1CricketerPro.jpg,4,3,0
CPPlasticStumps1CricketerPro.jpg,4,4,3
CPPlasticStumps1CricketerPro.jpg,4,5,3
CPPlasticStumps1CricketerPro.jpg,4,6,3
CPPlasticStumps1CricketerPro.jpg,4,7,0
CPPlasticStumps1CricketerPro.jpg,4,8,0
CPPlasticStumps1CricketerPro.jpg,5,1,0
CPPlasticStumps1CricketerPro.jpg,5,2,0
CPPlasticStumps1CricketerPro.jpg,5,3,0
CPPlasticStumps1CricketerPro.jpg,5,4,3
CPPlasticStumps1CricketerPro.jpg,5,5,3
CPPlasticStumps1CricketerPro.jpg,5,6,3
CPPlasticStumps1CricketerPro.jpg,5,7,0
CPPlasticStumps1CricketerPro.jpg,5,8,0
CPPlasticStumps1CricketerPro.jpg,6,1,0
CPPlasticStumps1CricketerPro.jpg,6,2,0
CPPlasticStumps1CricketerPro.jpg,6,3,0
CPPlasticStumps1CricketerPro.jpg,6,4,3
CPPlasticStumps1CricketerPro.jpg,6,5,3
CPPlasticStumps1CricketerPro.jpg,6,6,3
CPPlasticStumps1CricketerPro.jpg,6,7,0
CPPlasticStumps1CricketerPro.jpg,6,8,0
CPPlasticStumps1CricketerPro.jpg,7,1,0
CPPlasticStumps1CricketerPro.jpg,7,2,0
CPPlasticStumps1CricketerPro.jpg,7,3,0
CPPlasticStumps1CricketerPro.jpg,7,4,3
CPPlasticStumps1CricketerPro.jpg,7,5,3
CPPlasticStumps1CricketerPro.jpg,7,6,3
CPPlasticStumps1CricketerPro.jpg,7,7,0
CPPlasticStumps1CricketerPro.jpg,7,8,0
CPPlasticStumps1CricketerPro.jpg,8,1,0
CPPlasticStumps1CricketerPro.jpg,8,2,0
CPPlasticStumps1CricketerPro.jpg,8,3,0
CPPlasticStumps1CricketerPro.jpg,8,4,3
CPPlasticStumps1CricketerPro.jpg,8,5,3
CPPlasticStumps1CricketerPro.jpg,8,6,3
CPPlasticStumps1CricketerPro.jpg,8,7,0
CPPlasticStumps1CricketerPro.jpg,8,8,0
CPPlasticStumps1CricketerPro_1200x.jpg,1,1,0
CPPlasticStumps1CricketerPro_1200x.jpg,1,2,0
CPPlasticStumps1CricketerPro_1200x.jpg,1,3,0
CPPlasticStumps1CricketerPro_1200x.jpg,1,4,3
CPPlasticStumps1CricketerPro_1200x.jpg,1,5,3
CPPlasticStumps1CricketerPro_1200x.jpg,1,6,3
CPPlasticStumps1CricketerPro_1200x.jpg,1,7,0
CPPlasticStumps1CricketerPro_1200x.jpg,1,8,0
CPPlasticStumps1CricketerPro_1200x.jpg,2,1,0
CPPlasticStumps1CricketerPro_1200x.jpg,2,2,0
CPPlasticStumps1CricketerPro_1200x.jpg,2,3,0
CPPlasticStumps1CricketerPro_1200x.jpg,2,4,3
CPPlasticStumps1CricketerPro_1200x.jpg,2,5,3
CPPlasticStumps1CricketerPro_1200x.jpg,2,6,3
CPPlasticStumps1CricketerPro_1200x.jpg,2,7,0
CPPlasticStumps1CricketerPro_1200x.jpg,2,8,0
CPPlasticStumps1CricketerPro_1200x.jpg,3,1,0
CPPlasticStumps1CricketerPro_1200x.jpg,3,2,0
CPPlasticStumps1CricketerPro_1200x.jpg,3,3,0
CPPlasticStumps1CricketerPro_1200x.jpg,3,4,3
CPPlasticStumps1CricketerPro_1200x.jpg,3,5,3
CPPlasticStumps1CricketerPro_1200x.jpg,3,6,3
CPPlasticStumps1CricketerPro_1200x.jpg,3,7,0
CPPlasticStumps1CricketerPro_1200x.jpg,3,8,0
CPPlasticStumps1CricketerPro_1200x.jpg,4,1,0
CPPlasticStumps1CricketerPro_1200x.jpg,4,2,0
CPPlasticStumps1CricketerPro_1200x.jpg,4,3,0
CPPlasticStumps1CricketerPro_1200x.jpg,4,4,3
CPPlasticStumps1CricketerPro_1200x.jpg,4,5,3
CPPlasticStumps1CricketerPro_1200x.jpg,4,6,3
CPPlasticStumps1CricketerPro_1200x.jpg,4,7,0
CPPlasticStumps1CricketerPro_1200x.jpg,4,8,0
CPPlasticStumps1CricketerPro_1200x.jpg,5,1,0
CPPlasticStumps1CricketerPro_1200x.jpg,5,2,0
CPPlasticStumps1CricketerPro_1200x.jpg,5,3,0
CPPlasticStumps1CricketerPro_1200x.jpg,5,4,3
CPPlasticStumps1CricketerPro_1200x.jpg,5,5,3
CPPlasticStumps1CricketerPro_1200x.jpg,5,6,3
CPPlasticStumps1CricketerPro_1200x.jpg,5,7,0
CPPlasticStumps1CricketerPro_1200x.jpg,5,8,0
CPPlasticStumps1CricketerPro_1200x.jpg,6,1,0
CPPlasticStumps1CricketerPro_1200x.jpg,6,2,0
CPPlasticStumps1CricketerPro_1200x.jpg,6,3,0
CPPlasticStumps1CricketerPro_1200x.jpg,6,4,3
CPPlasticStumps1CricketerPro_1200x.jpg,6,5,3
CPPlasticStumps1CricketerPro_1200x.jpg,6,6,3
CPPlasticStumps1CricketerPro_1200x.jpg,6,7,0
CPPlasticStumps1CricketerPro_1200x.jpg,6,8,0
CPPlasticStumps1CricketerPro_1200x.jpg,7,1,0
CPPlasticStumps1CricketerPro_1200x.jpg,7,2,0
CPPlasticStumps1CricketerPro_1200x.jpg,7,3,0
CPPlasticStumps1CricketerPro_1200x.jpg,7,4,3
CPPlasticStumps1CricketerPro_1200x.jpg,7,5,3
CPPlasticStumps1CricketerPro_1200x.jpg,7,6,3
CPPlasticStumps1CricketerPro_1200x.jpg,7,7,0
CPPlasticStumps1CricketerPro_1200x.jpg,7,8,0
CPPlasticStumps1CricketerPro_1200x.jpg,8,1,0
CPPlasticStumps1CricketerPro_1200x.jpg,8,2,0
CPPlasticStumps1CricketerPro_1200x.jpg,8,3,0
CPPlasticStumps1CricketerPro_1200x.jpg,8,4,3
CPPlasticStumps1CricketerPro_1200x.jpg,8,5,3
CPPlasticStumps1CricketerPro_1200x.jpg,8,6,3
CPPlasticStumps1CricketerPro_1200x.jpg,8,7,0
CPPlasticStumps1CricketerPro_1200x.jpg,8,8,0
cr-2025102368f9f696735c2.jpg,1,1,0
cr-2025102368f9f696735c2.jpg,1,2,0
cr-2025102368f9f696735c2.jpg,1,3,0
cr-2025102368f9f696735c2.jpg,1,4,0
cr-2025102368f9f696735c2.jpg,1,5,0
cr-2025102368f9f696735c2.jpg,1,6,0
cr-2025102368f9f696735c2.jpg,1,7,0
cr-2025102368f9f696735c2.jpg,1,8,0
cr-2025102368f9f696735c2.jpg,2,1,0
cr-2025102368f9f696735c2.jpg,2,2,0
cr-2025102368f9f696735c2.jpg,2,3,0
cr-2025102368f9f696735c2.jpg,2,4,0
cr-2025102368f9f696735c2.jpg,2,5,0
cr-2025102368f9f696735c2.jpg,2,6,0
cr-2025102368f9f696735c2.jpg,2,7,0
cr-2025102368f9f696735c2.jpg,2,8,0
cr-2025102368f9f696735c2.jpg,3,1,0
cr-2025102368f9f696735c2.jpg,3,2,0
cr-2025102368f9f696735c2.jpg,3,3,0
cr-2025102368f9f696735c2.jpg,3,4,0
cr-2025102368f9f696735c2.jpg,3,5,0
cr-2025102368f9f696735c2.jpg,3,6,0
cr-2025102368f9f696735c2.jpg,3,7,0
cr-2025102368f9f696735c2.jpg,3,8,0
cr-2025102368f9f696735c2.jpg,4,1,0
cr-2025102368f9f696735c2.jpg,4,2,0
cr-2025102368f9f696735c2.jpg,4,3,0
cr-2025102368f9f696735c2.jpg,4,4,0
cr-2025102368f9f696735c2.jpg,4,5,0
cr-2025102368f9f696735c2.jpg,4,6,0
cr-2025102368f9f696735c2.jpg,4,7,0
cr-2025102368f9f696735c2.jpg,4,8,0
cr-2025102368f9f696735c2.jpg,5,1,0
cr-2025102368f9f696735c2.jpg,5,2,0
cr-2025102368f9f696735c2.jpg,5,3,0
cr-2025102368f9f696735c2.jpg,5,4,2
cr-2025102368f9f696735c2.jpg,5,5,0
cr-2025102368f9f696735c2.jpg,5,6,0
cr-2025102368f9f696735c2.jpg,5,7,0
cr-2025102368f9f696735c2.jpg,5,8,0
cr-2025102368f9f696735c2.jpg,6,1,0
cr-2025102368f9f696735c2.jpg,6,2,0
cr-2025102368f9f696735c2.jpg,6,3,0
cr-2025102368f9f696735c2.jpg,6,4,2
cr-2025102368f9f696735c2.jpg,6,5,0
cr-2025102368f9f696735c2.jpg,6,6,0
cr-2025102368f9f696735c2.jpg,6,7,0
cr-2025102368f9f696735c2.jpg,6,8,0
cr-2025102368f9f696735c2.jpg,7,1,0
cr-2025102368f9f696735c2.jpg,7,2,0
cr-2025102368f9f696735c2.jpg,7,3,0
cr-2025102368f9f696735c2.jpg,7,4,2
cr-2025102368f9f696735c2.jpg,7,5,0
cr-2025102368f9f696735c2.jpg,7,6,2
cr-2025102368f9f696735c2.jpg,7,7,0
cr-2025102368f9f696735c2.jpg,7,8,0
cr-2025102368f9f696735c2.jpg,8,1,0
cr-2025102368f9f696735c2.jpg,8,2,0
cr-2025102368f9f696735c2.jpg,8,3,0
cr-2025102368f9f696735c2.jpg,8,4,2
cr-2025102368f9f696735c2.jpg,8,5,0
cr-2025102368f9f696735c2.jpg,8,6,2
cr-2025102368f9f696735c2.jpg,8,7,0
cr-2025102368f9f696735c2.jpg,8,8,0
cricket-A63B4Y (1).jpg,1,1,0
cricket-A63B4Y (1).jpg,1,2,3
cricket-A63B4Y (1).jpg,1,3,3
cricket-A63B4Y (1).jpg,1,4,0
cricket-A63B4Y (1).jpg,1,5,3
cricket-A63B4Y (1).jpg,1,6,0
cricket-A63B4Y (1).jpg,1,7,0
cricket-A63B4Y (1).jpg,1,8,0
cricket-A63B4Y (1).jpg,2,1,0
cricket-A63B4Y (1).jpg,2,2,0
cricket-A63B4Y (1).jpg,2,3,3
cricket-A63B4Y (1).jpg,2,4,1
cricket-A63B4Y (1).jpg,2,5,1
cricket-A63B4Y (1).jpg,2,6,3
cricket-A63B4Y (1).jpg,2,7,0
cricket-A63B4Y (1).jpg,2,8,0
cricket-A63B4Y (1).jpg,3,1,0
cricket-A63B4Y (1).jpg,3,2,0
cricket-A63B4Y (1).jpg,3,3,3
cricket-A63B4Y (1).jpg,3,4,1
cricket-A63B4Y (1).jpg,3,5,1
cricket-A63B4Y (1).jpg,3,6,3
cricket-A63B4Y (1).jpg,3,7,0
cricket-A63B4Y (1).jpg,3,8,0
cricket-A63B4Y (1).jpg,4,1,0
cricket-A63B4Y (1).jpg,4,2,0
cricket-A63B4Y (1).jpg,4,3,3
cricket-A63B4Y (1).jpg,4,4,3
cricket-A63B4Y (1).jpg,4,5,0
cricket-A63B4Y (1).jpg,4,6,3
cricket-A63B4Y (1).jpg,4,7,0
cricket-A63B4Y (1).jpg,4,8,0
cricket-A63B4Y (1).jpg,5,1,0
cricket-A63B4Y (1).jpg,5,2,0
cricket-A63B4Y (1).jpg,5,3,0
cricket-A63B4Y (1).jpg,5,4,3
cricket-A63B4Y (1).jpg,5,5,3
cricket-A63B4Y (1).jpg,5,6,3
cricket-A63B4Y (1).jpg,5,7,3
cricket-A63B4Y (1).jpg,5,8,0
cricket-A63B4Y (1).jpg,6,1,0
cricket-A63B4Y (1).jpg,6,2,0
cricket-A63B4Y (1).jpg,6,3,0
cricket-A63B4Y (1).jpg,6,4,3
cricket-A63B4Y (1).jpg,6,5,3
cricket-A63B4Y (1).jpg,6,6,0
cricket-A63B4Y (1).jpg,6,7,3
cricket-A63B4Y (1).jpg,6,8,0
cricket-A63B4Y (1).jpg,7,1,0
cricket-A63B4Y (1).jpg,7,2,0
cricket-A63B4Y (1).jpg,7,3,0
cricket-A63B4Y (1).jpg,7,4,3
cricket-A63B4Y (1).jpg,7,5,3
cricket-A63B4Y (1).jpg,7,6,3
cricket-A63B4Y (1).jpg,7,7,3
cricket-A63B4Y (1).jpg,7,8,0
cricket-A63B4Y (1).jpg,8,1,0
cricket-A63B4Y (1).jpg,8,2,0
cricket-A63B4Y (1).jpg,8,3,0
cricket-A63B4Y (1).jpg,8,4,0
cricket-A63B4Y (1).jpg,8,5,3
cricket-A63B4Y (1).jpg,8,6,3
cricket-A63B4Y (1).jpg,8,7,3
cricket-A63B4Y (1).jpg,8,8,3
cricket-background-7k8utxnst1k196aa.jpg,1,1,0
cricket-background-7k8utxnst1k196aa.jpg,1,2,0
cricket-background-7k8utxnst1k196aa.jpg,1,3,0
cricket-background-7k8utxnst1k196aa.jpg,1,4,1
cricket-background-7k8utxnst1k196aa.jpg,1,5,1
cricket-background-7k8utxnst1k196aa.jpg,1,6,1
cricket-background-7k8utxnst1k196aa.jpg,1,7,1
cricket-background-7k8utxnst1k196aa.jpg,1,8,0
cricket-background-7k8utxnst1k196aa.jpg,2,1,0
cricket-background-7k8utxnst1k196aa.jpg,2,2,0
cricket-background-7k8utxnst1k196aa.jpg,2,3,0
cricket-background-7k8utxnst1k196aa.jpg,2,4,1
cricket-background-7k8utxnst1k196aa.jpg,2,5,1
cricket-background-7k8utxnst1k196aa.jpg,2,6,1
cricket-background-7k8utxnst1k196aa.jpg,2,7,1
cricket-background-7k8utxnst1k196aa.jpg,2,8,1
cricket-background-7k8utxnst1k196aa.jpg,3,1,1
cricket-background-7k8utxnst1k196aa.jpg,3,2,1
cricket-background-7k8utxnst1k196aa.jpg,3,3,1
cricket-background-7k8utxnst1k196aa.jpg,3,4,1
cricket-background-7k8utxnst1k196aa.jpg,3,5,1
cricket-background-7k8utxnst1k196aa.jpg,3,6,1
cricket-background-7k8utxnst1k196aa.jpg,3,7,1
cricket-background-7k8utxnst1k196aa.jpg,3,8,1
cricket-background-7k8utxnst1k196aa.jpg,4,1,0
cricket-background-7k8utxnst1k196aa.jpg,4,2,0
cricket-background-7k8utxnst1k196aa.jpg,4,3,1
cricket-background-7k8utxnst1k196aa.jpg,4,4,1
cricket-background-7k8utxnst1k196aa.jpg,4,5,1
cricket-background-7k8utxnst1k196aa.jpg,4,6,1
cricket-background-7k8utxnst1k196aa.jpg,4,7,1
cricket-background-7k8utxnst1k196aa.jpg,4,8,1
cricket-background-7k8utxnst1k196aa.jpg,5,1,0
cricket-background-7k8utxnst1k196aa.jpg,5,2,0
cricket-background-7k8utxnst1k196aa.jpg,5,3,1
cricket-background-7k8utxnst1k196aa.jpg,5,4,1
cricket-background-7k8utxnst1k196aa.jpg,5,5,1
cricket-background-7k8utxnst1k196aa.jpg,5,6,1
cricket-background-7k8utxnst1k196aa.jpg,5,7,1
cricket-background-7k8utxnst1k196aa.jpg,5,8,1
cricket-background-7k8utxnst1k196aa.jpg,6,1,0
cricket-background-7k8utxnst1k196aa.jpg,6,2,0
cricket-background-7k8utxnst1k196aa.jpg,6,3,1
cricket-background-7k8utxnst1k196aa.jpg,6,4,1
cricket-background-7k8utxnst1k196aa.jpg,6,5,1
cricket-background-7k8utxnst1k196aa.jpg,6,6,1
cricket-background-7k8utxnst1k196aa.jpg,6,7,1
cricket-background-7k8utxnst1k196aa.jpg,6,8,1
cricket-background-7k8utxnst1k196aa.jpg,7,1,0
cricket-background-7k8utxnst1k196aa.jpg,7,2,0
cricket-background-7k8utxnst1k196aa.jpg,7,3,0
cricket-background-7k8utxnst1k196aa.jpg,7,4,1
cricket-background-7k8utxnst1k196aa.jpg,7,5,1
cricket-background-7k8utxnst1k196aa.jpg,7,6,1
cricket-background-7k8utxnst1k196aa.jpg,7,7,1
cricket-background-7k8utxnst1k196aa.jpg,7,8,1
cricket-background-7k8utxnst1k196aa.jpg,8,1,0
cricket-background-7k8utxnst1k196aa.jpg,8,2,0
cricket-background-7k8utxnst1k196aa.jpg,8,3,0
cricket-background-7k8utxnst1k196aa.jpg,8,4,1
cricket-background-7k8utxnst1k196aa.jpg,8,5,1
cricket-background-7k8utxnst1k196aa.jpg,8,6,1
cricket-background-7k8utxnst1k196aa.jpg,8,7,1
cricket-background-7k8utxnst1k196aa.jpg,8,8,0
cricket-ball (1).jpg,1,1,0
cricket-ball (1).jpg,1,2,0
cricket-ball (1).jpg,1,3,0
cricket-ball (1).jpg,1,4,1
cricket-ball (1).jpg,1,5,1
cricket-ball (1).jpg,1,6,1
cricket-ball (1).jpg,1,7,1
cricket-ball (1).jpg,1,8,0
cricket-ball (1).jpg,2,1,0
cricket-ball (1).jpg,2,2,0
cricket-ball (1).jpg,2,3,1
cricket-ball (1).jpg,2,4,1
cricket-ball (1).jpg,2,5,1
cricket-ball (1).jpg,2,6,1
cricket-ball (1).jpg,2,7,1
cricket-ball (1).jpg,2,8,1
cricket-ball (1).jpg,3,1,0
cricket-ball (1).jpg,3,2,0
cricket-ball (1).jpg,3,3,1
cricket-ball (1).jpg,3,4,1
cricket-ball (1).jpg,3,5,1
cricket-ball (1).jpg,3,6,1
cricket-ball (1).jpg,3,7,1
cricket-ball (1).jpg,3,8,1
cricket-ball (1).jpg,4,1,0
cricket-ball (1).jpg,4,2,0
cricket-ball (1).jpg,4,3,1
cricket-ball (1).jpg,4,4,1
cricket-ball (1).jpg,4,5,1
cricket-ball (1).jpg,4,6,1
cricket-ball (1).jpg,4,7,1
cricket-ball (1).jpg,4,8,1
cricket-ball (1).jpg,5,1,0
cricket-ball (1).jpg,5,2,0
cricket-ball (1).jpg,5,3,1
cricket-ball (1).jpg,5,4,1
cricket-ball (1).jpg,5,5,1
cricket-ball (1).jpg,5,6,1
cricket-ball (1).jpg,5,7,1
cricket-ball (1).jpg,5,8,1
cricket-ball (1).jpg,6,1,0
cricket-ball (1).jpg,6,2,0
cricket-ball (1).jpg,6,3,1
cricket-ball (1).jpg,6,4,1
cricket-ball (1).jpg,6,5,1
cricket-ball (1).jpg,6,6,1
cricket-ball (1).jpg,6,7,1
cricket-ball (1).jpg,6,8,1
cricket-ball (1).jpg,7,1,0
cricket-ball (1).jpg,7,2,0
cricket-ball (1).jpg,7,3,1
cricket-ball (1).jpg,7,4,1
cricket-ball (1).jpg,7,5,1
cricket-ball (1).jpg,7,6,1
cricket-ball (1).jpg,7,7,1
cricket-ball (1).jpg,7,8,0
cricket-ball (1).jpg,8,1,0
cricket-ball (1).jpg,8,2,0
cricket-ball (1).jpg,8,3,0
cricket-ball (1).jpg,8,4,1
cricket-ball (1).jpg,8,5,1
cricket-ball (1).jpg,8,6,1
cricket-ball (1).jpg,8,7,0
cricket-ball (1).jpg,8,8,0
cricket-ball-and-stumps-on-grass-pitch-england-uk-CXKR9J (1).jpg,1,1,0
cricket-ball-and-stumps-on-grass-pitch-england-uk-CXKR9J (1).jpg,1,2,0
cricket-ball-and-stumps-on-grass-pitch-england-uk-CXKR9J (1).jpg,1,3,0
cricket-ball-and-stumps-on-grass-pitch-england-uk-CXKR9J (1).jpg,1,4,0
cricket-ball-and-stumps-on-grass-pitch-england-uk-CXKR9J (1).jpg,1,5,0
cricket-ball-and-stumps-on-grass-pitch-england-uk-CXKR9J (1).jpg,1,6,3
cricket-ball-and-stumps-on-grass-pitch-england-uk-CXKR9J (1).jpg,1,7,3
cricket-ball-and-stumps-on-grass-pitch-england-uk-CXKR9J (1).jpg,1,8,0
cricket-ball-and-stumps-on-grass-pitch-england-uk-CXKR9J (1).jpg,2,1,0
cricket-ball-and-stumps-on-grass-pitch-england-uk-CXKR9J (1).jpg,2,2,0
cricket-ball-and-stumps-on-grass-pitch-england-uk-CXKR9J (1).jpg,2,3,0
cricket-ball-and-stumps-on-grass-pitch-england-uk-CXKR9J (1).jpg,2,4,0
cricket-ball-and-stumps-on-grass-pitch-england-uk-CXKR9J (1).jpg,2,5,0
cricket-ball-and-stumps-on-grass-pitch-england-uk-CXKR9J (1).jpg,2,6,3
cricket-ball-and-stumps-on-grass-pitch-england-uk-CXKR9J (1).jpg,2,7,3
cricket-ball-and-stumps-on-grass-pitch-england-uk-CXKR9J (1).jpg,2,8,0
cricket-ball-and-stumps-on-grass-pitch-england-uk-CXKR9J (1).jpg,3,1,0
cricket-ball-and-stumps-on-grass-pitch-england-uk-CXKR9J (1).jpg,3,2,0
cricket-ball-and-stumps-on-grass-pitch-england-uk-CXKR9J (1).jpg,3,3,0
cricket-ball-and-stumps-on-grass-pitch-england-uk-CXKR9J (1).jpg,3,4,0
cricket-ball-and-stumps-on-grass-pitch-england-uk-CXKR9J (1).jpg,3,5,0
cricket-ball-and-stumps-on-grass-pitch-england-uk-CXKR9J (1).jpg,3,6,3
cricket-ball-and-stumps-on-grass-pitch-england-uk-CXKR9J (1).jpg,3,7,3
cricket-ball-and-stumps-on-grass-pitch-england-uk-CXKR9J (1).jpg,3,8,0
cricket-ball-and-stumps-on-grass-pitch-england-uk-CXKR9J (1).jpg,4,1,0
cricket-ball-and-stumps-on-grass-pitch-england-uk-CXKR9J (1).jpg,4,2,0
cricket-ball-and-stumps-on-grass-pitch-england-uk-CXKR9J (1).jpg,4,3,0
cricket-ball-and-stumps-on-grass-pitch-england-uk-CXKR9J (1).jpg,4,4,0
cricket-ball-and-stumps-on-grass-pitch-england-uk-CXKR9J (1).jpg,4,5,0
cricket-ball-and-stumps-on-grass-pitch-england-uk-CXKR9J (1).jpg,4,6,3
cricket-ball-and-stumps-on-grass-pitch-england-uk-CXKR9J (1).jpg,4,7,3
cricket-ball-and-stumps-on-grass-pitch-england-uk-CXKR9J (1).jpg,4,8,0
cricket-ball-and-stumps-on-grass-pitch-england-uk-CXKR9J (1).jpg,5,1,0
cricket-ball-and-stumps-on-grass-pitch-england-uk-CXKR9J (1).jpg,5,2,0
cricket-ball-and-stumps-on-grass-pitch-england-uk-CXKR9J (1).jpg,5,3,0
cricket-ball-and-stumps-on-grass-pitch-england-uk-CXKR9J (1).jpg,5,4,0
cricket-ball-and-stumps-on-grass-pitch-england-uk-CXKR9J (1).jpg,5,5,0
cricket-ball-and-stumps-on-grass-pitch-england-uk-CXKR9J (1).jpg,5,6,3
cricket-ball-and-stumps-on-grass-pitch-england-uk-CXKR9J (1).jpg,5,7,3
cricket-ball-and-stumps-on-grass-pitch-england-uk-CXKR9J (1).jpg,5,8,0
cricket-ball-and-stumps-on-grass-pitch-england-uk-CXKR9J (1).jpg,6,1,0
cricket-ball-and-stumps-on-grass-pitch-england-uk-CXKR9J (1).jpg,6,2,0
cricket-ball-and-stumps-on-grass-pitch-england-uk-CXKR9J (1).jpg,6,3,0
cricket-ball-and-stumps-on-grass-pitch-england-uk-CXKR9J (1).jpg,6,4,0
cricket-ball-and-stumps-on-grass-pitch-england-uk-CXKR9J (1).jpg,6,5,0
cricket-ball-and-stumps-on-grass-pitch-england-uk-CXKR9J (1).jpg,6,6,0
cricket-ball-and-stumps-on-grass-pitch-england-uk-CXKR9J (1).jpg,6,7,1
cricket-ball-and-stumps-on-grass-pitch-england-uk-CXKR9J (1).jpg,6,8,0
cricket-ball-and-stumps-on-grass-pitch-england-uk-CXKR9J (1).jpg,7,1,0
cricket-ball-and-stumps-on-grass-pitch-england-uk-CXKR9J (1).jpg,7,2,0
cricket-ball-and-stumps-on-grass-pitch-england-uk-CXKR9J (1).jpg,7,3,0
cricket-ball-and-stumps-on-grass-pitch-england-uk-CXKR9J (1).jpg,7,4,0
cricket-ball-and-stumps-on-grass-pitch-england-uk-CXKR9J (1).jpg,7,5,0
cricket-ball-and-stumps-on-grass-pitch-england-uk-CXKR9J (1).jpg,7,6,0
cricket-ball-and-stumps-on-grass-pitch-england-uk-CXKR9J (1).jpg,7,7,0
cricket-ball-and-stumps-on-grass-pitch-england-uk-CXKR9J (1).jpg,7,8,0
cricket-ball-and-stumps-on-grass-pitch-england-uk-CXKR9J (1).jpg,8,1,0
cricket-ball-and-stumps-on-grass-pitch-england-uk-CXKR9J (1).jpg,8,2,0
cricket-ball-and-stumps-on-grass-pitch-england-uk-CXKR9J (1).jpg,8,3,0
cricket-ball-and-stumps-on-grass-pitch-england-uk-CXKR9J (1).jpg,8,4,0
cricket-ball-and-stumps-on-grass-pitch-england-uk-CXKR9J (1).jpg,8,5,0
cricket-ball-and-stumps-on-grass-pitch-england-uk-CXKR9J (1).jpg,8,6,0
cricket-ball-and-stumps-on-grass-pitch-england-uk-CXKR9J (1).jpg,8,7,0
cricket-ball-and-stumps-on-grass-pitch-england-uk-CXKR9J (1).jpg,8,8,0
cricket-ball-hitting-wicket-stumps-knocking-bails-out-against-blue-sky-background-bails-fly-from-cricket-stumps-as-ball-hits-on-grass-field-close-up-2WNX75J.jpg,1,1,0
cricket-ball-hitting-wicket-stumps-knocking-bails-out-against-blue-sky-background-bails-fly-from-cricket-stumps-as-ball-hits-on-grass-field-close-up-2WNX75J.jpg,1,2,0
cricket-ball-hitting-wicket-stumps-knocking-bails-out-against-blue-sky-background-bails-fly-from-cricket-stumps-as-ball-hits-on-grass-field-close-up-2WNX75J.jpg,1,3,0
cricket-ball-hitting-wicket-stumps-knocking-bails-out-against-blue-sky-background-bails-fly-from-cricket-stumps-as-ball-hits-on-grass-field-close-up-2WNX75J.jpg,1,4,0
cricket-ball-hitting-wicket-stumps-knocking-bails-out-against-blue-sky-background-bails-fly-from-cricket-stumps-as-ball-hits-on-grass-field-close-up-2WNX75J.jpg,1,5,0
cricket-ball-hitting-wicket-stumps-knocking-bails-out-against-blue-sky-background-bails-fly-from-cricket-stumps-as-ball-hits-on-grass-field-close-up-2WNX75J.jpg,1,6,0
cricket-ball-hitting-wicket-stumps-knocking-bails-out-against-blue-sky-background-bails-fly-from-cricket-stumps-as-ball-hits-on-grass-field-close-up-2WNX75J.jpg,1,7,0
cricket-ball-hitting-wicket-stumps-knocking-bails-out-against-blue-sky-background-bails-fly-from-cricket-stumps-as-ball-hits-on-grass-field-close-up-2WNX75J.jpg,1,8,0
cricket-ball-hitting-wicket-stumps-knocking-bails-out-against-blue-sky-background-bails-fly-from-cricket-stumps-as-ball-hits-on-grass-field-close-up-2WNX75J.jpg,2,1,0
cricket-ball-hitting-wicket-stumps-knocking-bails-out-against-blue-sky-background-bails-fly-from-cricket-stumps-as-ball-hits-on-grass-field-close-up-2WNX75J.jpg,2,2,0
cricket-ball-hitting-wicket-stumps-knocking-bails-out-against-blue-sky-background-bails-fly-from-cricket-stumps-as-ball-hits-on-grass-field-close-up-2WNX75J.jpg,2,3,0
cricket-ball-hitting-wicket-stumps-knocking-bails-out-against-blue-sky-background-bails-fly-from-cricket-stumps-as-ball-hits-on-grass-field-close-up-2WNX75J.jpg,2,4,0
cricket-ball-hitting-wicket-stumps-knocking-bails-out-against-blue-sky-background-bails-fly-from-cricket-stumps-as-ball-hits-on-grass-field-close-up-2WNX75J.jpg,2,5,0
cricket-ball-hitting-wicket-stumps-knocking-bails-out-against-blue-sky-background-bails-fly-from-cricket-stumps-as-ball-hits-on-grass-field-close-up-2WNX75J.jpg,2,6,0
cricket-ball-hitting-wicket-stumps-knocking-bails-out-against-blue-sky-background-bails-fly-from-cricket-stumps-as-ball-hits-on-grass-field-close-up-2WNX75J.jpg,2,7,0
cricket-ball-hitting-wicket-stumps-knocking-bails-out-against-blue-sky-background-bails-fly-from-cricket-stumps-as-ball-hits-on-grass-field-close-up-2WNX75J.jpg,2,8,0
cricket-ball-hitting-wicket-stumps-knocking-bails-out-against-blue-sky-background-bails-fly-from-cricket-stumps-as-ball-hits-on-grass-field-close-up-2WNX75J.jpg,3,1,0
cricket-ball-hitting-wicket-stumps-knocking-bails-out-against-blue-sky-background-bails-fly-from-cricket-stumps-as-ball-hits-on-grass-field-close-up-2WNX75J.jpg,3,2,0
cricket-ball-hitting-wicket-stumps-knocking-bails-out-against-blue-sky-background-bails-fly-from-cricket-stumps-as-ball-hits-on-grass-field-close-up-2WNX75J.jpg,3,3,0
cricket-ball-hitting-wicket-stumps-knocking-bails-out-against-blue-sky-background-bails-fly-from-cricket-stumps-as-ball-hits-on-grass-field-close-up-2WNX75J.jpg,3,4,0
cricket-ball-hitting-wicket-stumps-knocking-bails-out-against-blue-sky-background-bails-fly-from-cricket-stumps-as-ball-hits-on-grass-field-close-up-2WNX75J.jpg,3,5,0
cricket-ball-hitting-wicket-stumps-knocking-bails-out-against-blue-sky-background-bails-fly-from-cricket-stumps-as-ball-hits-on-grass-field-close-up-2WNX75J.jpg,3,6,0
cricket-ball-hitting-wicket-stumps-knocking-bails-out-against-blue-sky-background-bails-fly-from-cricket-stumps-as-ball-hits-on-grass-field-close-up-2WNX75J.jpg,3,7,0
cricket-ball-hitting-wicket-stumps-knocking-bails-out-against-blue-sky-background-bails-fly-from-cricket-stumps-as-ball-hits-on-grass-field-close-up-2WNX75J.jpg,3,8,0
cricket-ball-hitting-wicket-stumps-knocking-bails-out-against-blue-sky-background-bails-fly-from-cricket-stumps-as-ball-hits-on-grass-field-close-up-2WNX75J.jpg,4,1,0
cricket-ball-hitting-wicket-stumps-knocking-bails-out-against-blue-sky-background-bails-fly-from-cricket-stumps-as-ball-hits-on-grass-field-close-up-2WNX75J.jpg,4,2,0
cricket-ball-hitting-wicket-stumps-knocking-bails-out-against-blue-sky-background-bails-fly-from-cricket-stumps-as-ball-hits-on-grass-field-close-up-2WNX75J.jpg,4,3,0
cricket-ball-hitting-wicket-stumps-knocking-bails-out-against-blue-sky-background-bails-fly-from-cricket-stumps-as-ball-hits-on-grass-field-close-up-2WNX75J.jpg,4,4,3
cricket-ball-hitting-wicket-stumps-knocking-bails-out-against-blue-sky-background-bails-fly-from-cricket-stumps-as-ball-hits-on-grass-field-close-up-2WNX75J.jpg,4,5,3
cricket-ball-hitting-wicket-stumps-knocking-bails-out-against-blue-sky-background-bails-fly-from-cricket-stumps-as-ball-hits-on-grass-field-close-up-2WNX75J.jpg,4,6,3
cricket-ball-hitting-wicket-stumps-knocking-bails-out-against-blue-sky-background-bails-fly-from-cricket-stumps-as-ball-hits-on-grass-field-close-up-2WNX75J.jpg,4,7,0
cricket-ball-hitting-wicket-stumps-knocking-bails-out-against-blue-sky-background-bails-fly-from-cricket-stumps-as-ball-hits-on-grass-field-close-up-2WNX75J.jpg,4,8,0
cricket-ball-hitting-wicket-stumps-knocking-bails-out-against-blue-sky-background-bails-fly-from-cricket-stumps-as-ball-hits-on-grass-field-close-up-2WNX75J.jpg,5,1,0
cricket-ball-hitting-wicket-stumps-knocking-bails-out-against-blue-sky-background-bails-fly-from-cricket-stumps-as-ball-hits-on-grass-field-close-up-2WNX75J.jpg,5,2,0
cricket-ball-hitting-wicket-stumps-knocking-bails-out-against-blue-sky-background-bails-fly-from-cricket-stumps-as-ball-hits-on-grass-field-close-up-2WNX75J.jpg,5,3,0
cricket-ball-hitting-wicket-stumps-knocking-bails-out-against-blue-sky-background-bails-fly-from-cricket-stumps-as-ball-hits-on-grass-field-close-up-2WNX75J.jpg,5,4,3
cricket-ball-hitting-wicket-stumps-knocking-bails-out-against-blue-sky-background-bails-fly-from-cricket-stumps-as-ball-hits-on-grass-field-close-up-2WNX75J.jpg,5,5,3
cricket-ball-hitting-wicket-stumps-knocking-bails-out-against-blue-sky-background-bails-fly-from-cricket-stumps-as-ball-hits-on-grass-field-close-up-2WNX75J.jpg,5,6,3
cricket-ball-hitting-wicket-stumps-knocking-bails-out-against-blue-sky-background-bails-fly-from-cricket-stumps-as-ball-hits-on-grass-field-close-up-2WNX75J.jpg,5,7,0
cricket-ball-hitting-wicket-stumps-knocking-bails-out-against-blue-sky-background-bails-fly-from-cricket-stumps-as-ball-hits-on-grass-field-close-up-2WNX75J.jpg,5,8,0
cricket-ball-hitting-wicket-stumps-knocking-bails-out-against-blue-sky-background-bails-fly-from-cricket-stumps-as-ball-hits-on-grass-field-close-up-2WNX75J.jpg,6,1,0
cricket-ball-hitting-wicket-stumps-knocking-bails-out-against-blue-sky-background-bails-fly-from-cricket-stumps-as-ball-hits-on-grass-field-close-up-2WNX75J.jpg,6,2,0
cricket-ball-hitting-wicket-stumps-knocking-bails-out-against-blue-sky-background-bails-fly-from-cricket-stumps-as-ball-hits-on-grass-field-close-up-2WNX75J.jpg,6,3,0
cricket-ball-hitting-wicket-stumps-knocking-bails-out-against-blue-sky-background-bails-fly-from-cricket-stumps-as-ball-hits-on-grass-field-close-up-2WNX75J.jpg,6,4,3
cricket-ball-hitting-wicket-stumps-knocking-bails-out-against-blue-sky-background-bails-fly-from-cricket-stumps-as-ball-hits-on-grass-field-close-up-2WNX75J.jpg,6,5,3
cricket-ball-hitting-wicket-stumps-knocking-bails-out-against-blue-sky-background-bails-fly-from-cricket-stumps-as-ball-hits-on-grass-field-close-up-2WNX75J.jpg,6,6,3
cricket-ball-hitting-wicket-stumps-knocking-bails-out-against-blue-sky-background-bails-fly-from-cricket-stumps-as-ball-hits-on-grass-field-close-up-2WNX75J.jpg,6,7,0
cricket-ball-hitting-wicket-stumps-knocking-bails-out-against-blue-sky-background-bails-fly-from-cricket-stumps-as-ball-hits-on-grass-field-close-up-2WNX75J.jpg,6,8,0
cricket-ball-hitting-wicket-stumps-knocking-bails-out-against-blue-sky-background-bails-fly-from-cricket-stumps-as-ball-hits-on-grass-field-close-up-2WNX75J.jpg,7,1,0
cricket-ball-hitting-wicket-stumps-knocking-bails-out-against-blue-sky-background-bails-fly-from-cricket-stumps-as-ball-hits-on-grass-field-close-up-2WNX75J.jpg,7,2,0
cricket-ball-hitting-wicket-stumps-knocking-bails-out-against-blue-sky-background-bails-fly-from-cricket-stumps-as-ball-hits-on-grass-field-close-up-2WNX75J.jpg,7,3,0
cricket-ball-hitting-wicket-stumps-knocking-bails-out-against-blue-sky-background-bails-fly-from-cricket-stumps-as-ball-hits-on-grass-field-close-up-2WNX75J.jpg,7,4,3
cricket-ball-hitting-wicket-stumps-knocking-bails-out-against-blue-sky-background-bails-fly-from-cricket-stumps-as-ball-hits-on-grass-field-close-up-2WNX75J.jpg,7,5,3
cricket-ball-hitting-wicket-stumps-knocking-bails-out-against-blue-sky-background-bails-fly-from-cricket-stumps-as-ball-hits-on-grass-field-close-up-2WNX75J.jpg,7,6,3
cricket-ball-hitting-wicket-stumps-knocking-bails-out-against-blue-sky-background-bails-fly-from-cricket-stumps-as-ball-hits-on-grass-field-close-up-2WNX75J.jpg,7,7,0
cricket-ball-hitting-wicket-stumps-knocking-bails-out-against-blue-sky-background-bails-fly-from-cricket-stumps-as-ball-hits-on-grass-field-close-up-2WNX75J.jpg,7,8,0
cricket-ball-hitting-wicket-stumps-knocking-bails-out-against-blue-sky-background-bails-fly-from-cricket-stumps-as-ball-hits-on-grass-field-close-up-2WNX75J.jpg,8,1,0
cricket-ball-hitting-wicket-stumps-knocking-bails-out-against-blue-sky-background-bails-fly-from-cricket-stumps-as-ball-hits-on-grass-field-close-up-2WNX75J.jpg,8,2,0
cricket-ball-hitting-wicket-stumps-knocking-bails-out-against-blue-sky-background-bails-fly-from-cricket-stumps-as-ball-hits-on-grass-field-close-up-2WNX75J.jpg,8,3,0
cricket-ball-hitting-wicket-stumps-knocking-bails-out-against-blue-sky-background-bails-fly-from-cricket-stumps-as-ball-hits-on-grass-field-close-up-2WNX75J.jpg,8,4,3
cricket-ball-hitting-wicket-stumps-knocking-bails-out-against-blue-sky-background-bails-fly-from-cricket-stumps-as-ball-hits-on-grass-field-close-up-2WNX75J.jpg,8,5,3
cricket-ball-hitting-wicket-stumps-knocking-bails-out-against-blue-sky-background-bails-fly-from-cricket-stumps-as-ball-hits-on-grass-field-close-up-2WNX75J.jpg,8,6,3
cricket-ball-hitting-wicket-stumps-knocking-bails-out-against-blue-sky-background-bails-fly-from-cricket-stumps-as-ball-hits-on-grass-field-close-up-2WNX75J.jpg,8,7,0
cricket-ball-hitting-wicket-stumps-knocking-bails-out-against-blue-sky-background-bails-fly-from-cricket-stumps-as-ball-hits-on-grass-field-close-up-2WNX75J.jpg,8,8,0
cricket-ball-hitting-wicket-stumps-knocking-bails-out-against-blue-sky-background-bails-fly-from-cricket-stumps-as-ball-hits-on-grass-field-close-up-2WNX762.jpg,1,1,0
cricket-ball-hitting-wicket-stumps-knocking-bails-out-against-blue-sky-background-bails-fly-from-cricket-stumps-as-ball-hits-on-grass-field-close-up-2WNX762.jpg,1,2,0
cricket-ball-hitting-wicket-stumps-knocking-bails-out-against-blue-sky-background-bails-fly-from-cricket-stumps-as-ball-hits-on-grass-field-close-up-2WNX762.jpg,1,3,0
cricket-ball-hitting-wicket-stumps-knocking-bails-out-against-blue-sky-background-bails-fly-from-cricket-stumps-as-ball-hits-on-grass-field-close-up-2WNX762.jpg,1,4,0
cricket-ball-hitting-wicket-stumps-knocking-bails-out-against-blue-sky-background-bails-fly-from-cricket-stumps-as-ball-hits-on-grass-field-close-up-2WNX762.jpg,1,5,0
cricket-ball-hitting-wicket-stumps-knocking-bails-out-against-blue-sky-background-bails-fly-from-cricket-stumps-as-ball-hits-on-grass-field-close-up-2WNX762.jpg,1,6,0
cricket-ball-hitting-wicket-stumps-knocking-bails-out-against-blue-sky-background-bails-fly-from-cricket-stumps-as-ball-hits-on-grass-field-close-up-2WNX762.jpg,1,7,0
cricket-ball-hitting-wicket-stumps-knocking-bails-out-against-blue-sky-background-bails-fly-from-cricket-stumps-as-ball-hits-on-grass-field-close-up-2WNX762.jpg,1,8,0
cricket-ball-hitting-wicket-stumps-knocking-bails-out-against-blue-sky-background-bails-fly-from-cricket-stumps-as-ball-hits-on-grass-field-close-up-2WNX762.jpg,2,1,0
cricket-ball-hitting-wicket-stumps-knocking-bails-out-against-blue-sky-background-bails-fly-from-cricket-stumps-as-ball-hits-on-grass-field-close-up-2WNX762.jpg,2,2,3
cricket-ball-hitting-wicket-stumps-knocking-bails-out-against-blue-sky-background-bails-fly-from-cricket-stumps-as-ball-hits-on-grass-field-close-up-2WNX762.jpg,2,3,3
cricket-ball-hitting-wicket-stumps-knocking-bails-out-against-blue-sky-background-bails-fly-from-cricket-stumps-as-ball-hits-on-grass-field-close-up-2WNX762.jpg,2,4,3
cricket-ball-hitting-wicket-stumps-knocking-bails-out-against-blue-sky-background-bails-fly-from-cricket-stumps-as-ball-hits-on-grass-field-close-up-2WNX762.jpg,2,5,0
cricket-ball-hitting-wicket-stumps-knocking-bails-out-against-blue-sky-background-bails-fly-from-cricket-stumps-as-ball-hits-on-grass-field-close-up-2WNX762.jpg,2,6,0
cricket-ball-hitting-wicket-stumps-knocking-bails-out-against-blue-sky-background-bails-fly-from-cricket-stumps-as-ball-hits-on-grass-field-close-up-2WNX762.jpg,2,7,0
cricket-ball-hitting-wicket-stumps-knocking-bails-out-against-blue-sky-background-bails-fly-from-cricket-stumps-as-ball-hits-on-grass-field-close-up-2WNX762.jpg,2,8,0
cricket-ball-hitting-wicket-stumps-knocking-bails-out-against-blue-sky-background-bails-fly-from-cricket-stumps-as-ball-hits-on-grass-field-close-up-2WNX762.jpg,3,1,0
cricket-ball-hitting-wicket-stumps-knocking-bails-out-against-blue-sky-background-bails-fly-from-cricket-stumps-as-ball-hits-on-grass-field-close-up-2WNX762.jpg,3,2,3
cricket-ball-hitting-wicket-stumps-knocking-bails-out-against-blue-sky-background-bails-fly-from-cricket-stumps-as-ball-hits-on-grass-field-close-up-2WNX762.jpg,3,3,3
cricket-ball-hitting-wicket-stumps-knocking-bails-out-against-blue-sky-background-bails-fly-from-cricket-stumps-as-ball-hits-on-grass-field-close-up-2WNX762.jpg,3,4,3
cricket-ball-hitting-wicket-stumps-knocking-bails-out-against-blue-sky-background-bails-fly-from-cricket-stumps-as-ball-hits-on-grass-field-close-up-2WNX762.jpg,3,5,3
cricket-ball-hitting-wicket-stumps-knocking-bails-out-against-blue-sky-background-bails-fly-from-cricket-stumps-as-ball-hits-on-grass-field-close-up-2WNX762.jpg,3,6,3
cricket-ball-hitting-wicket-stumps-knocking-bails-out-against-blue-sky-background-bails-fly-from-cricket-stumps-as-ball-hits-on-grass-field-close-up-2WNX762.jpg,3,7,3
cricket-ball-hitting-wicket-stumps-knocking-bails-out-against-blue-sky-background-bails-fly-from-cricket-stumps-as-ball-hits-on-grass-field-close-up-2WNX762.jpg,3,8,0
cricket-ball-hitting-wicket-stumps-knocking-bails-out-against-blue-sky-background-bails-fly-from-cricket-stumps-as-ball-hits-on-grass-field-close-up-2WNX762.jpg,4,1,0
cricket-ball-hitting-wicket-stumps-knocking-bails-out-against-blue-sky-background-bails-fly-from-cricket-stumps-as-ball-hits-on-grass-field-close-up-2WNX762.jpg,4,2,3
cricket-ball-hitting-wicket-stumps-knocking-bails-out-against-blue-sky-background-bails-fly-from-cricket-stumps-as-ball-hits-on-grass-field-close-up-2WNX762.jpg,4,3,3
cricket-ball-hitting-wicket-stumps-knocking-bails-out-against-blue-sky-background-bails-fly-from-cricket-stumps-as-ball-hits-on-grass-field-close-up-2WNX762.jpg,4,4,3
cricket-ball-hitting-wicket-stumps-knocking-bails-out-against-blue-sky-background-bails-fly-from-cricket-stumps-as-ball-hits-on-grass-field-close-up-2WNX762.jpg,4,5,3
cricket-ball-hitting-wicket-stumps-knocking-bails-out-against-blue-sky-background-bails-fly-from-cricket-stumps-as-ball-hits-on-grass-field-close-up-2WNX762.jpg,4,6,3
cricket-ball-hitting-wicket-stumps-knocking-bails-out-against-blue-sky-background-bails-fly-from-cricket-stumps-as-ball-hits-on-grass-field-close-up-2WNX762.jpg,4,7,3
cricket-ball-hitting-wicket-stumps-knocking-bails-out-against-blue-sky-background-bails-fly-from-cricket-stumps-as-ball-hits-on-grass-field-close-up-2WNX762.jpg,4,8,0
cricket-ball-hitting-wicket-stumps-knocking-bails-out-against-blue-sky-background-bails-fly-from-cricket-stumps-as-ball-hits-on-grass-field-close-up-2WNX762.jpg,5,1,0
cricket-ball-hitting-wicket-stumps-knocking-bails-out-against-blue-sky-background-bails-fly-from-cricket-stumps-as-ball-hits-on-grass-field-close-up-2WNX762.jpg,5,2,3
cricket-ball-hitting-wicket-stumps-knocking-bails-out-against-blue-sky-background-bails-fly-from-cricket-stumps-as-ball-hits-on-grass-field-close-up-2WNX762.jpg,5,3,3
cricket-ball-hitting-wicket-stumps-knocking-bails-out-against-blue-sky-background-bails-fly-from-cricket-stumps-as-ball-hits-on-grass-field-close-up-2WNX762.jpg,5,4,3
cricket-ball-hitting-wicket-stumps-knocking-bails-out-against-blue-sky-background-bails-fly-from-cricket-stumps-as-ball-hits-on-grass-field-close-up-2WNX762.jpg,5,5,0
cricket-ball-hitting-wicket-stumps-knocking-bails-out-against-blue-sky-background-bails-fly-from-cricket-stumps-as-ball-hits-on-grass-field-close-up-2WNX762.jpg,5,6,3
cricket-ball-hitting-wicket-stumps-knocking-bails-out-against-blue-sky-background-bails-fly-from-cricket-stumps-as-ball-hits-on-grass-field-close-up-2WNX762.jpg,5,7,3
cricket-ball-hitting-wicket-stumps-knocking-bails-out-against-blue-sky-background-bails-fly-from-cricket-stumps-as-ball-hits-on-grass-field-close-up-2WNX762.jpg,5,8,3
cricket-ball-hitting-wicket-stumps-knocking-bails-out-against-blue-sky-background-bails-fly-from-cricket-stumps-as-ball-hits-on-grass-field-close-up-2WNX762.jpg,6,1,0
cricket-ball-hitting-wicket-stumps-knocking-bails-out-against-blue-sky-background-bails-fly-from-cricket-stumps-as-ball-hits-on-grass-field-close-up-2WNX762.jpg,6,2,3
cricket-ball-hitting-wicket-stumps-knocking-bails-out-against-blue-sky-background-bails-fly-from-cricket-stumps-as-ball-hits-on-grass-field-close-up-2WNX762.jpg,6,3,3
cricket-ball-hitting-wicket-stumps-knocking-bails-out-against-blue-sky-background-bails-fly-from-cricket-stumps-as-ball-hits-on-grass-field-close-up-2WNX762.jpg,6,4,3
cricket-ball-hitting-wicket-stumps-knocking-bails-out-against-blue-sky-background-bails-fly-from-cricket-stumps-as-ball-hits-on-grass-field-close-up-2WNX762.jpg,6,5,3
cricket-ball-hitting-wicket-stumps-knocking-bails-out-against-blue-sky-background-bails-fly-from-cricket-stumps-as-ball-hits-on-grass-field-close-up-2WNX762.jpg,6,6,3
cricket-ball-hitting-wicket-stumps-knocking-bails-out-against-blue-sky-background-bails-fly-from-cricket-stumps-as-ball-hits-on-grass-field-close-up-2WNX762.jpg,6,7,3
cricket-ball-hitting-wicket-stumps-knocking-bails-out-against-blue-sky-background-bails-fly-from-cricket-stumps-as-ball-hits-on-grass-field-close-up-2WNX762.jpg,6,8,0
cricket-ball-hitting-wicket-stumps-knocking-bails-out-against-blue-sky-background-bails-fly-from-cricket-stumps-as-ball-hits-on-grass-field-close-up-2WNX762.jpg,7,1,0
cricket-ball-hitting-wicket-stumps-knocking-bails-out-against-blue-sky-background-bails-fly-from-cricket-stumps-as-ball-hits-on-grass-field-close-up-2WNX762.jpg,7,2,3
cricket-ball-hitting-wicket-stumps-knocking-bails-out-against-blue-sky-background-bails-fly-from-cricket-stumps-as-ball-hits-on-grass-field-close-up-2WNX762.jpg,7,3,3
cricket-ball-hitting-wicket-stumps-knocking-bails-out-against-blue-sky-background-bails-fly-from-cricket-stumps-as-ball-hits-on-grass-field-close-up-2WNX762.jpg,7,4,3
cricket-ball-hitting-wicket-stumps-knocking-bails-out-against-blue-sky-background-bails-fly-from-cricket-stumps-as-ball-hits-on-grass-field-close-up-2WNX762.jpg,7,5,3
cricket-ball-hitting-wicket-stumps-knocking-bails-out-against-blue-sky-background-bails-fly-from-cricket-stumps-as-ball-hits-on-grass-field-close-up-2WNX762.jpg,7,6,3
cricket-ball-hitting-wicket-stumps-knocking-bails-out-against-blue-sky-background-bails-fly-from-cricket-stumps-as-ball-hits-on-grass-field-close-up-2WNX762.jpg,7,7,3
cricket-ball-hitting-wicket-stumps-knocking-bails-out-against-blue-sky-background-bails-fly-from-cricket-stumps-as-ball-hits-on-grass-field-close-up-2WNX762.jpg,7,8,0
cricket-ball-hitting-wicket-stumps-knocking-bails-out-against-blue-sky-background-bails-fly-from-cricket-stumps-as-ball-hits-on-grass-field-close-up-2WNX762.jpg,8,1,0
cricket-ball-hitting-wicket-stumps-knocking-bails-out-against-blue-sky-background-bails-fly-from-cricket-stumps-as-ball-hits-on-grass-field-close-up-2WNX762.jpg,8,2,3
cricket-ball-hitting-wicket-stumps-knocking-bails-out-against-blue-sky-background-bails-fly-from-cricket-stumps-as-ball-hits-on-grass-field-close-up-2WNX762.jpg,8,3,3
cricket-ball-hitting-wicket-stumps-knocking-bails-out-against-blue-sky-background-bails-fly-from-cricket-stumps-as-ball-hits-on-grass-field-close-up-2WNX762.jpg,8,4,0
cricket-ball-hitting-wicket-stumps-knocking-bails-out-against-blue-sky-background-bails-fly-from-cricket-stumps-as-ball-hits-on-grass-field-close-up-2WNX762.jpg,8,5,3
cricket-ball-hitting-wicket-stumps-knocking-bails-out-against-blue-sky-background-bails-fly-from-cricket-stumps-as-ball-hits-on-grass-field-close-up-2WNX762.jpg,8,6,3
cricket-ball-hitting-wicket-stumps-knocking-bails-out-against-blue-sky-background-bails-fly-from-cricket-stumps-as-ball-hits-on-grass-field-close-up-2WNX762.jpg,8,7,3
cricket-ball-hitting-wicket-stumps-knocking-bails-out-against-blue-sky-background-bails-fly-from-cricket-stumps-as-ball-hits-on-grass-field-close-up-2WNX762.jpg,8,8,0
cricket-ball-hitting-wicket-stumps-knocking-bails-out-against-blue-sky-background-bails-fly-from-cricket-stumps-as-ball-hits-on-grass-field-close-up-2WNX76P (1).jpg,1,1,0
cricket-ball-hitting-wicket-stumps-knocking-bails-out-against-blue-sky-background-bails-fly-from-cricket-stumps-as-ball-hits-on-grass-field-close-up-2WNX76P (1).jpg,1,2,0
cricket-ball-hitting-wicket-stumps-knocking-bails-out-against-blue-sky-background-bails-fly-from-cricket-stumps-as-ball-hits-on-grass-field-close-up-2WNX76P (1).jpg,1,3,0
cricket-ball-hitting-wicket-stumps-knocking-bails-out-against-blue-sky-background-bails-fly-from-cricket-stumps-as-ball-hits-on-grass-field-close-up-2WNX76P (1).jpg,1,4,0
cricket-ball-hitting-wicket-stumps-knocking-bails-out-against-blue-sky-background-bails-fly-from-cricket-stumps-as-ball-hits-on-grass-field-close-up-2WNX76P (1).jpg,1,5,0
cricket-ball-hitting-wicket-stumps-knocking-bails-out-against-blue-sky-background-bails-fly-from-cricket-stumps-as-ball-hits-on-grass-field-close-up-2WNX76P (1).jpg,1,6,0
cricket-ball-hitting-wicket-stumps-knocking-bails-out-against-blue-sky-background-bails-fly-from-cricket-stumps-as-ball-hits-on-grass-field-close-up-2WNX76P (1).jpg,1,7,0
cricket-ball-hitting-wicket-stumps-knocking-bails-out-against-blue-sky-background-bails-fly-from-cricket-stumps-as-ball-hits-on-grass-field-close-up-2WNX76P (1).jpg,1,8,0
cricket-ball-hitting-wicket-stumps-knocking-bails-out-against-blue-sky-background-bails-fly-from-cricket-stumps-as-ball-hits-on-grass-field-close-up-2WNX76P (1).jpg,2,1,0
cricket-ball-hitting-wicket-stumps-knocking-bails-out-against-blue-sky-background-bails-fly-from-cricket-stumps-as-ball-hits-on-grass-field-close-up-2WNX76P (1).jpg,2,2,0
cricket-ball-hitting-wicket-stumps-knocking-bails-out-against-blue-sky-background-bails-fly-from-cricket-stumps-as-ball-hits-on-grass-field-close-up-2WNX76P (1).jpg,2,3,0
cricket-ball-hitting-wicket-stumps-knocking-bails-out-against-blue-sky-background-bails-fly-from-cricket-stumps-as-ball-hits-on-grass-field-close-up-2WNX76P (1).jpg,2,4,0
cricket-ball-hitting-wicket-stumps-knocking-bails-out-against-blue-sky-background-bails-fly-from-cricket-stumps-as-ball-hits-on-grass-field-close-up-2WNX76P (1).jpg,2,5,0
cricket-ball-hitting-wicket-stumps-knocking-bails-out-against-blue-sky-background-bails-fly-from-cricket-stumps-as-ball-hits-on-grass-field-close-up-2WNX76P (1).jpg,2,6,0
cricket-ball-hitting-wicket-stumps-knocking-bails-out-against-blue-sky-background-bails-fly-from-cricket-stumps-as-ball-hits-on-grass-field-close-up-2WNX76P (1).jpg,2,7,0
cricket-ball-hitting-wicket-stumps-knocking-bails-out-against-blue-sky-background-bails-fly-from-cricket-stumps-as-ball-hits-on-grass-field-close-up-2WNX76P (1).jpg,2,8,0
cricket-ball-hitting-wicket-stumps-knocking-bails-out-against-blue-sky-background-bails-fly-from-cricket-stumps-as-ball-hits-on-grass-field-close-up-2WNX76P (1).jpg,3,1,0
cricket-ball-hitting-wicket-stumps-knocking-bails-out-against-blue-sky-background-bails-fly-from-cricket-stumps-as-ball-hits-on-grass-field-close-up-2WNX76P (1).jpg,3,2,0
cricket-ball-hitting-wicket-stumps-knocking-bails-out-against-blue-sky-background-bails-fly-from-cricket-stumps-as-ball-hits-on-grass-field-close-up-2WNX76P (1).jpg,3,3,3
cricket-ball-hitting-wicket-stumps-knocking-bails-out-against-blue-sky-background-bails-fly-from-cricket-stumps-as-ball-hits-on-grass-field-close-up-2WNX76P (1).jpg,3,4,0
cricket-ball-hitting-wicket-stumps-knocking-bails-out-against-blue-sky-background-bails-fly-from-cricket-stumps-as-ball-hits-on-grass-field-close-up-2WNX76P (1).jpg,3,5,3
cricket-ball-hitting-wicket-stumps-knocking-bails-out-against-blue-sky-background-bails-fly-from-cricket-stumps-as-ball-hits-on-grass-field-close-up-2WNX76P (1).jpg,3,6,0
cricket-ball-hitting-wicket-stumps-knocking-bails-out-against-blue-sky-background-bails-fly-from-cricket-stumps-as-ball-hits-on-grass-field-close-up-2WNX76P (1).jpg,3,7,0
cricket-ball-hitting-wicket-stumps-knocking-bails-out-against-blue-sky-background-bails-fly-from-cricket-stumps-as-ball-hits-on-grass-field-close-up-2WNX76P (1).jpg,3,8,0
cricket-ball-hitting-wicket-stumps-knocking-bails-out-against-blue-sky-background-bails-fly-from-cricket-stumps-as-ball-hits-on-grass-field-close-up-2WNX76P (1).jpg,4,1,0
cricket-ball-hitting-wicket-stumps-knocking-bails-out-against-blue-sky-background-bails-fly-from-cricket-stumps-as-ball-hits-on-grass-field-close-up-2WNX76P (1).jpg,4,2,0
cricket-ball-hitting-wicket-stumps-knocking-bails-out-against-blue-sky-background-bails-fly-from-cricket-stumps-as-ball-hits-on-grass-field-close-up-2WNX76P (1).jpg,4,3,3
cricket-ball-hitting-wicket-stumps-knocking-bails-out-against-blue-sky-background-bails-fly-from-cricket-stumps-as-ball-hits-on-grass-field-close-up-2WNX76P (1).jpg,4,4,0
cricket-ball-hitting-wicket-stumps-knocking-bails-out-against-blue-sky-background-bails-fly-from-cricket-stumps-as-ball-hits-on-grass-field-close-up-2WNX76P (1).jpg,4,5,3
cricket-ball-hitting-wicket-stumps-knocking-bails-out-against-blue-sky-background-bails-fly-from-cricket-stumps-as-ball-hits-on-grass-field-close-up-2WNX76P (1).jpg,4,6,3
cricket-ball-hitting-wicket-stumps-knocking-bails-out-against-blue-sky-background-bails-fly-from-cricket-stumps-as-ball-hits-on-grass-field-close-up-2WNX76P (1).jpg,4,7,3
cricket-ball-hitting-wicket-stumps-knocking-bails-out-against-blue-sky-background-bails-fly-from-cricket-stumps-as-ball-hits-on-grass-field-close-up-2WNX76P (1).jpg,4,8,0
cricket-ball-hitting-wicket-stumps-knocking-bails-out-against-blue-sky-background-bails-fly-from-cricket-stumps-as-ball-hits-on-grass-field-close-up-2WNX76P (1).jpg,5,1,0
cricket-ball-hitting-wicket-stumps-knocking-bails-out-against-blue-sky-background-bails-fly-from-cricket-stumps-as-ball-hits-on-grass-field-close-up-2WNX76P (1).jpg,5,2,0
cricket-ball-hitting-wicket-stumps-knocking-bails-out-against-blue-sky-background-bails-fly-from-cricket-stumps-as-ball-hits-on-grass-field-close-up-2WNX76P (1).jpg,5,3,3
cricket-ball-hitting-wicket-stumps-knocking-bails-out-against-blue-sky-background-bails-fly-from-cricket-stumps-as-ball-hits-on-grass-field-close-up-2WNX76P (1).jpg,5,4,1
cricket-ball-hitting-wicket-stumps-knocking-bails-out-against-blue-sky-background-bails-fly-from-cricket-stumps-as-ball-hits-on-grass-field-close-up-2WNX76P (1).jpg,5,5,1
cricket-ball-hitting-wicket-stumps-knocking-bails-out-against-blue-sky-background-bails-fly-from-cricket-stumps-as-ball-hits-on-grass-field-close-up-2WNX76P (1).jpg,5,6,3
cricket-ball-hitting-wicket-stumps-knocking-bails-out-against-blue-sky-background-bails-fly-from-cricket-stumps-as-ball-hits-on-grass-field-close-up-2WNX76P (1).jpg,5,7,3
cricket-ball-hitting-wicket-stumps-knocking-bails-out-against-blue-sky-background-bails-fly-from-cricket-stumps-as-ball-hits-on-grass-field-close-up-2WNX76P (1).jpg,5,8,0
cricket-ball-hitting-wicket-stumps-knocking-bails-out-against-blue-sky-background-bails-fly-from-cricket-stumps-as-ball-hits-on-grass-field-close-up-2WNX76P (1).jpg,6,1,0
cricket-ball-hitting-wicket-stumps-knocking-bails-out-against-blue-sky-background-bails-fly-from-cricket-stumps-as-ball-hits-on-grass-field-close-up-2WNX76P (1).jpg,6,2,0
cricket-ball-hitting-wicket-stumps-knocking-bails-out-against-blue-sky-background-bails-fly-from-cricket-stumps-as-ball-hits-on-grass-field-close-up-2WNX76P (1).jpg,6,3,3
cricket-ball-hitting-wicket-stumps-knocking-bails-out-against-blue-sky-background-bails-fly-from-cricket-stumps-as-ball-hits-on-grass-field-close-up-2WNX76P (1).jpg,6,4,1
cricket-ball-hitting-wicket-stumps-knocking-bails-out-against-blue-sky-background-bails-fly-from-cricket-stumps-as-ball-hits-on-grass-field-close-up-2WNX76P (1).jpg,6,5,1
cricket-ball-hitting-wicket-stumps-knocking-bails-out-against-blue-sky-background-bails-fly-from-cricket-stumps-as-ball-hits-on-grass-field-close-up-2WNX76P (1).jpg,6,6,3
cricket-ball-hitting-wicket-stumps-knocking-bails-out-against-blue-sky-background-bails-fly-from-cricket-stumps-as-ball-hits-on-grass-field-close-up-2WNX76P (1).jpg,6,7,0
cricket-ball-hitting-wicket-stumps-knocking-bails-out-against-blue-sky-background-bails-fly-from-cricket-stumps-as-ball-hits-on-grass-field-close-up-2WNX76P (1).jpg,6,8,0
cricket-ball-hitting-wicket-stumps-knocking-bails-out-against-blue-sky-background-bails-fly-from-cricket-stumps-as-ball-hits-on-grass-field-close-up-2WNX76P (1).jpg,7,1,0
cricket-ball-hitting-wicket-stumps-knocking-bails-out-against-blue-sky-background-bails-fly-from-cricket-stumps-as-ball-hits-on-grass-field-close-up-2WNX76P (1).jpg,7,2,0
cricket-ball-hitting-wicket-stumps-knocking-bails-out-against-blue-sky-background-bails-fly-from-cricket-stumps-as-ball-hits-on-grass-field-close-up-2WNX76P (1).jpg,7,3,3
cricket-ball-hitting-wicket-stumps-knocking-bails-out-against-blue-sky-background-bails-fly-from-cricket-stumps-as-ball-hits-on-grass-field-close-up-2WNX76P (1).jpg,7,4,3
cricket-ball-hitting-wicket-stumps-knocking-bails-out-against-blue-sky-background-bails-fly-from-cricket-stumps-as-ball-hits-on-grass-field-close-up-2WNX76P (1).jpg,7,5,3
cricket-ball-hitting-wicket-stumps-knocking-bails-out-against-blue-sky-background-bails-fly-from-cricket-stumps-as-ball-hits-on-grass-field-close-up-2WNX76P (1).jpg,7,6,3
cricket-ball-hitting-wicket-stumps-knocking-bails-out-against-blue-sky-background-bails-fly-from-cricket-stumps-as-ball-hits-on-grass-field-close-up-2WNX76P (1).jpg,7,7,0
cricket-ball-hitting-wicket-stumps-knocking-bails-out-against-blue-sky-background-bails-fly-from-cricket-stumps-as-ball-hits-on-grass-field-close-up-2WNX76P (1).jpg,7,8,0
cricket-ball-hitting-wicket-stumps-knocking-bails-out-against-blue-sky-background-bails-fly-from-cricket-stumps-as-ball-hits-on-grass-field-close-up-2WNX76P (1).jpg,8,1,0
cricket-ball-hitting-wicket-stumps-knocking-bails-out-against-blue-sky-background-bails-fly-from-cricket-stumps-as-ball-hits-on-grass-field-close-up-2WNX76P (1).jpg,8,2,0
cricket-ball-hitting-wicket-stumps-knocking-bails-out-against-blue-sky-background-bails-fly-from-cricket-stumps-as-ball-hits-on-grass-field-close-up-2WNX76P (1).jpg,8,3,3
cricket-ball-hitting-wicket-stumps-knocking-bails-out-against-blue-sky-background-bails-fly-from-cricket-stumps-as-ball-hits-on-grass-field-close-up-2WNX76P (1).jpg,8,4,3
cricket-ball-hitting-wicket-stumps-knocking-bails-out-against-blue-sky-background-bails-fly-from-cricket-stumps-as-ball-hits-on-grass-field-close-up-2WNX76P (1).jpg,8,5,3
cricket-ball-hitting-wicket-stumps-knocking-bails-out-against-blue-sky-background-bails-fly-from-cricket-stumps-as-ball-hits-on-grass-field-close-up-2WNX76P (1).jpg,8,6,3
cricket-ball-hitting-wicket-stumps-knocking-bails-out-against-blue-sky-background-bails-fly-from-cricket-stumps-as-ball-hits-on-grass-field-close-up-2WNX76P (1).jpg,8,7,0
cricket-ball-hitting-wicket-stumps-knocking-bails-out-against-blue-sky-background-bails-fly-from-cricket-stumps-as-ball-hits-on-grass-field-close-up-2WNX76P (1).jpg,8,8,0
cricket-ball-near-stumps-green-grass-field-players-stand-background-stadium-game-action-closeup-summer-sport-390338273.jpg,1,1,0
cricket-ball-near-stumps-green-grass-field-players-stand-background-stadium-game-action-closeup-summer-sport-390338273.jpg,1,2,3
cricket-ball-near-stumps-green-grass-field-players-stand-background-stadium-game-action-closeup-summer-sport-390338273.jpg,1,3,3
cricket-ball-near-stumps-green-grass-field-players-stand-background-stadium-game-action-closeup-summer-sport-390338273.jpg,1,4,3
cricket-ball-near-stumps-green-grass-field-players-stand-background-stadium-game-action-closeup-summer-sport-390338273.jpg,1,5,0
cricket-ball-near-stumps-green-grass-field-players-stand-background-stadium-game-action-closeup-summer-sport-390338273.jpg,1,6,0
cricket-ball-near-stumps-green-grass-field-players-stand-background-stadium-game-action-closeup-summer-sport-390338273.jpg,1,7,0
cricket-ball-near-stumps-green-grass-field-players-stand-background-stadium-game-action-closeup-summer-sport-390338273.jpg,1,8,0
cricket-ball-near-stumps-green-grass-field-players-stand-background-stadium-game-action-closeup-summer-sport-390338273.jpg,2,1,0
cricket-ball-near-stumps-green-grass-field-players-stand-background-stadium-game-action-closeup-summer-sport-390338273.jpg,2,2,3
cricket-ball-near-stumps-green-grass-field-players-stand-background-stadium-game-action-closeup-summer-sport-390338273.jpg,2,3,3
cricket-ball-near-stumps-green-grass-field-players-stand-background-stadium-game-action-closeup-summer-sport-390338273.jpg,2,4,3
cricket-ball-near-stumps-green-grass-field-players-stand-background-stadium-game-action-closeup-summer-sport-390338273.jpg,2,5,0
cricket-ball-near-stumps-green-grass-field-players-stand-background-stadium-game-action-closeup-summer-sport-390338273.jpg,2,6,0
cricket-ball-near-stumps-green-grass-field-players-stand-background-stadium-game-action-closeup-summer-sport-390338273.jpg,2,7,0
cricket-ball-near-stumps-green-grass-field-players-stand-background-stadium-game-action-closeup-summer-sport-390338273.jpg,2,8,0
cricket-ball-near-stumps-green-grass-field-players-stand-background-stadium-game-action-closeup-summer-sport-390338273.jpg,3,1,0
cricket-ball-near-stumps-green-grass-field-players-stand-background-stadium-game-action-closeup-summer-sport-390338273.jpg,3,2,3
cricket-ball-near-stumps-green-grass-field-players-stand-background-stadium-game-action-closeup-summer-sport-390338273.jpg,3,3,3
cricket-ball-near-stumps-green-grass-field-players-stand-background-stadium-game-action-closeup-summer-sport-390338273.jpg,3,4,3
cricket-ball-near-stumps-green-grass-field-players-stand-background-stadium-game-action-closeup-summer-sport-390338273.jpg,3,5,0
cricket-ball-near-stumps-green-grass-field-players-stand-background-stadium-game-action-closeup-summer-sport-390338273.jpg,3,6,0
cricket-ball-near-stumps-green-grass-field-players-stand-background-stadium-game-action-closeup-summer-sport-390338273.jpg,3,7,0
cricket-ball-near-stumps-green-grass-field-players-stand-background-stadium-game-action-closeup-summer-sport-390338273.jpg,3,8,0
cricket-ball-near-stumps-green-grass-field-players-stand-background-stadium-game-action-closeup-summer-sport-390338273.jpg,4,1,0
cricket-ball-near-stumps-green-grass-field-players-stand-background-stadium-game-action-closeup-summer-sport-390338273.jpg,4,2,3
cricket-ball-near-stumps-green-grass-field-players-stand-background-stadium-game-action-closeup-summer-sport-390338273.jpg,4,3,3
cricket-ball-near-stumps-green-grass-field-players-stand-background-stadium-game-action-closeup-summer-sport-390338273.jpg,4,4,3
cricket-ball-near-stumps-green-grass-field-players-stand-background-stadium-game-action-closeup-summer-sport-390338273.jpg,4,5,0
cricket-ball-near-stumps-green-grass-field-players-stand-background-stadium-game-action-closeup-summer-sport-390338273.jpg,4,6,0
cricket-ball-near-stumps-green-grass-field-players-stand-background-stadium-game-action-closeup-summer-sport-390338273.jpg,4,7,0
cricket-ball-near-stumps-green-grass-field-players-stand-background-stadium-game-action-closeup-summer-sport-390338273.jpg,4,8,0
cricket-ball-near-stumps-green-grass-field-players-stand-background-stadium-game-action-closeup-summer-sport-390338273.jpg,5,1,0
cricket-ball-near-stumps-green-grass-field-players-stand-background-stadium-game-action-closeup-summer-sport-390338273.jpg,5,2,3
cricket-ball-near-stumps-green-grass-field-players-stand-background-stadium-game-action-closeup-summer-sport-390338273.jpg,5,3,3
cricket-ball-near-stumps-green-grass-field-players-stand-background-stadium-game-action-closeup-summer-sport-390338273.jpg,5,4,3
cricket-ball-near-stumps-green-grass-field-players-stand-background-stadium-game-action-closeup-summer-sport-390338273.jpg,5,5,1
cricket-ball-near-stumps-green-grass-field-players-stand-background-stadium-game-action-closeup-summer-sport-390338273.jpg,5,6,0
cricket-ball-near-stumps-green-grass-field-players-stand-background-stadium-game-action-closeup-summer-sport-390338273.jpg,5,7,0
cricket-ball-near-stumps-green-grass-field-players-stand-background-stadium-game-action-closeup-summer-sport-390338273.jpg,5,8,0
cricket-ball-near-stumps-green-grass-field-players-stand-background-stadium-game-action-closeup-summer-sport-390338273.jpg,6,1,0
cricket-ball-near-stumps-green-grass-field-players-stand-background-stadium-game-action-closeup-summer-sport-390338273.jpg,6,2,3
cricket-ball-near-stumps-green-grass-field-players-stand-background-stadium-game-action-closeup-summer-sport-390338273.jpg,6,3,3
cricket-ball-near-stumps-green-grass-field-players-stand-background-stadium-game-action-closeup-summer-sport-390338273.jpg,6,4,1
cricket-ball-near-stumps-green-grass-field-players-stand-background-stadium-game-action-closeup-summer-sport-390338273.jpg,6,5,1
cricket-ball-near-stumps-green-grass-field-players-stand-background-stadium-game-action-closeup-summer-sport-390338273.jpg,6,6,0
cricket-ball-near-stumps-green-grass-field-players-stand-background-stadium-game-action-closeup-summer-sport-390338273.jpg,6,7,0
cricket-ball-near-stumps-green-grass-field-players-stand-background-stadium-game-action-closeup-summer-sport-390338273.jpg,6,8,0
cricket-ball-near-stumps-green-grass-field-players-stand-background-stadium-game-action-closeup-summer-sport-390338273.jpg,7,1,0
cricket-ball-near-stumps-green-grass-field-players-stand-background-stadium-game-action-closeup-summer-sport-390338273.jpg,7,2,3
cricket-ball-near-stumps-green-grass-field-players-stand-background-stadium-game-action-closeup-summer-sport-390338273.jpg,7,3,3
cricket-ball-near-stumps-green-grass-field-players-stand-background-stadium-game-action-closeup-summer-sport-390338273.jpg,7,4,1
cricket-ball-near-stumps-green-grass-field-players-stand-background-stadium-game-action-closeup-summer-sport-390338273.jpg,7,5,1
cricket-ball-near-stumps-green-grass-field-players-stand-background-stadium-game-action-closeup-summer-sport-390338273.jpg,7,6,0
cricket-ball-near-stumps-green-grass-field-players-stand-background-stadium-game-action-closeup-summer-sport-390338273.jpg,7,7,0
cricket-ball-near-stumps-green-grass-field-players-stand-background-stadium-game-action-closeup-summer-sport-390338273.jpg,7,8,0
cricket-ball-near-stumps-green-grass-field-players-stand-background-stadium-game-action-closeup-summer-sport-390338273.jpg,8,1,0
cricket-ball-near-stumps-green-grass-field-players-stand-background-stadium-game-action-closeup-summer-sport-390338273.jpg,8,2,3
cricket-ball-near-stumps-green-grass-field-players-stand-background-stadium-game-action-closeup-summer-sport-390338273.jpg,8,3,0
cricket-ball-near-stumps-green-grass-field-players-stand-background-stadium-game-action-closeup-summer-sport-390338273.jpg,8,4,0
cricket-ball-near-stumps-green-grass-field-players-stand-background-stadium-game-action-closeup-summer-sport-390338273.jpg,8,5,0
cricket-ball-near-stumps-green-grass-field-players-stand-background-stadium-game-action-closeup-summer-sport-390338273.jpg,8,6,0
cricket-ball-near-stumps-green-grass-field-players-stand-background-stadium-game-action-closeup-summer-sport-390338273.jpg,8,7,0
cricket-ball-near-stumps-green-grass-field-players-stand-background-stadium-game-action-closeup-summer-sport-390338273.jpg,8,8,0
cricket-ball1_1580291060 (1).jpg,1,1,0
cricket-ball1_1580291060 (1).jpg,1,2,0
cricket-ball1_1580291060 (1).jpg,1,3,1
cricket-ball1_1580291060 (1).jpg,1,4,1
cricket-ball1_1580291060 (1).jpg,1,5,1
cricket-ball1_1580291060 (1).jpg,1,6,1
cricket-ball1_1580291060 (1).jpg,1,7,1
cricket-ball1_1580291060 (1).jpg,1,8,0
cricket-ball1_1580291060 (1).jpg,2,1,0
cricket-ball1_1580291060 (1).jpg,2,2,1
cricket-ball1_1580291060 (1).jpg,2,3,1
cricket-ball1_1580291060 (1).jpg,2,4,1
cricket-ball1_1580291060 (1).jpg,2,5,1
cricket-ball1_1580291060 (1).jpg,2,6,1
cricket-ball1_1580291060 (1).jpg,2,7,1
cricket-ball1_1580291060 (1).jpg,2,8,0
cricket-ball1_1580291060 (1).jpg,3,1,0
cricket-ball1_1580291060 (1).jpg,3,2,1
cricket-ball1_1580291060 (1).jpg,3,3,1
cricket-ball1_1580291060 (1).jpg,3,4,1
cricket-ball1_1580291060 (1).jpg,3,5,1
cricket-ball1_1580291060 (1).jpg,3,6,1
cricket-ball1_1580291060 (1).jpg,3,7,1
cricket-ball1_1580291060 (1).jpg,3,8,0
cricket-ball1_1580291060 (1).jpg,4,1,1
cricket-ball1_1580291060 (1).jpg,4,2,1
cricket-ball1_1580291060 (1).jpg,4,3,1
cricket-ball1_1580291060 (1).jpg,4,4,1
cricket-ball1_1580291060 (1).jpg,4,5,1
cricket-ball1_1580291060 (1).jpg,4,6,1
cricket-ball1_1580291060 (1).jpg,4,7,1
cricket-ball1_1580291060 (1).jpg,4,8,1
cricket-ball1_1580291060 (1).jpg,5,1,1
cricket-ball1_1580291060 (1).jpg,5,2,1
cricket-ball1_1580291060 (1).jpg,5,3,1
cricket-ball1_1580291060 (1).jpg,5,4,1
cricket-ball1_1580291060 (1).jpg,5,5,1
cricket-ball1_1580291060 (1).jpg,5,6,1
cricket-ball1_1580291060 (1).jpg,5,7,1
cricket-ball1_1580291060 (1).jpg,5,8,1
cricket-ball1_1580291060 (1).jpg,6,1,1
cricket-ball1_1580291060 (1).jpg,6,2,1
cricket-ball1_1580291060 (1).jpg,6,3,1
cricket-ball1_1580291060 (1).jpg,6,4,1
cricket-ball1_1580291060 (1).jpg,6,5,1
cricket-ball1_1580291060 (1).jpg,6,6,1
cricket-ball1_1580291060 (1).jpg,6,7,1
cricket-ball1_1580291060 (1).jpg,6,8,1
cricket-ball1_1580291060 (1).jpg,7,1,0
cricket-ball1_1580291060 (1).jpg,7,2,1
cricket-ball1_1580291060 (1).jpg,7,3,1
cricket-ball1_1580291060 (1).jpg,7,4,1
cricket-ball1_1580291060 (1).jpg,7,5,1
cricket-ball1_1580291060 (1).jpg,7,6,1
cricket-ball1_1580291060 (1).jpg,7,7,1
cricket-ball1_1580291060 (1).jpg,7,8,0
cricket-ball1_1580291060 (1).jpg,8,1,0
cricket-ball1_1580291060 (1).jpg,8,2,1
cricket-ball1_1580291060 (1).jpg,8,3,1
cricket-ball1_1580291060 (1).jpg,8,4,1
cricket-ball1_1580291060 (1).jpg,8,5,1
cricket-ball1_1580291060 (1).jpg,8,6,1
cricket-ball1_1580291060 (1).jpg,8,7,1
cricket-ball1_1580291060 (1).jpg,8,8,0
cricket-helmet-bat-ball-green-grass-field-closeup-equipment-tools-373048786.jpg,1,1,0
cricket-helmet-bat-ball-green-grass-field-closeup-equipment-tools-373048786.jpg,1,2,0
cricket-helmet-bat-ball-green-grass-field-closeup-equipment-tools-373048786.jpg,1,3,0
cricket-helmet-bat-ball-green-grass-field-closeup-equipment-tools-373048786.jpg,1,4,0
cricket-helmet-bat-ball-green-grass-field-closeup-equipment-tools-373048786.jpg,1,5,0
cricket-helmet-bat-ball-green-grass-field-closeup-equipment-tools-373048786.jpg,1,6,3
cricket-helmet-bat-ball-green-grass-field-closeup-equipment-tools-373048786.jpg,1,7,3
cricket-helmet-bat-ball-green-grass-field-closeup-equipment-tools-373048786.jpg,1,8,3
cricket-helmet-bat-ball-green-grass-field-closeup-equipment-tools-373048786.jpg,2,1,0
cricket-helmet-bat-ball-green-grass-field-closeup-equipment-tools-373048786.jpg,2,2,0
cricket-helmet-bat-ball-green-grass-field-closeup-equipment-tools-373048786.jpg,2,3,0
cricket-helmet-bat-ball-green-grass-field-closeup-equipment-tools-373048786.jpg,2,4,0
cricket-helmet-bat-ball-green-grass-field-closeup-equipment-tools-373048786.jpg,2,5,0
cricket-helmet-bat-ball-green-grass-field-closeup-equipment-tools-373048786.jpg,2,6,3
cricket-helmet-bat-ball-green-grass-field-closeup-equipment-tools-373048786.jpg,2,7,3
cricket-helmet-bat-ball-green-grass-field-closeup-equipment-tools-373048786.jpg,2,8,3
cricket-helmet-bat-ball-green-grass-field-closeup-equipment-tools-373048786.jpg,3,1,0
cricket-helmet-bat-ball-green-grass-field-closeup-equipment-tools-373048786.jpg,3,2,0
cricket-helmet-bat-ball-green-grass-field-closeup-equipment-tools-373048786.jpg,3,3,3
cricket-helmet-bat-ball-green-grass-field-closeup-equipment-tools-373048786.jpg,3,4,3
cricket-helmet-bat-ball-green-grass-field-closeup-equipment-tools-373048786.jpg,3,5,2
cricket-helmet-bat-ball-green-grass-field-closeup-equipment-tools-373048786.jpg,3,6,2
cricket-helmet-bat-ball-green-grass-field-closeup-equipment-tools-373048786.jpg,3,7,3
cricket-helmet-bat-ball-green-grass-field-closeup-equipment-tools-373048786.jpg,3,8,3
cricket-helmet-bat-ball-green-grass-field-closeup-equipment-tools-373048786.jpg,4,1,0
cricket-helmet-bat-ball-green-grass-field-closeup-equipment-tools-373048786.jpg,4,2,0
cricket-helmet-bat-ball-green-grass-field-closeup-equipment-tools-373048786.jpg,4,3,3
cricket-helmet-bat-ball-green-grass-field-closeup-equipment-tools-373048786.jpg,4,4,3
cricket-helmet-bat-ball-green-grass-field-closeup-equipment-tools-373048786.jpg,4,5,2
cricket-helmet-bat-ball-green-grass-field-closeup-equipment-tools-373048786.jpg,4,6,2
cricket-helmet-bat-ball-green-grass-field-closeup-equipment-tools-373048786.jpg,4,7,3
cricket-helmet-bat-ball-green-grass-field-closeup-equipment-tools-373048786.jpg,4,8,3
cricket-helmet-bat-ball-green-grass-field-closeup-equipment-tools-373048786.jpg,5,1,0
cricket-helmet-bat-ball-green-grass-field-closeup-equipment-tools-373048786.jpg,5,2,0
cricket-helmet-bat-ball-green-grass-field-closeup-equipment-tools-373048786.jpg,5,3,0
cricket-helmet-bat-ball-green-grass-field-closeup-equipment-tools-373048786.jpg,5,4,2
cricket-helmet-bat-ball-green-grass-field-closeup-equipment-tools-373048786.jpg,5,5,2
cricket-helmet-bat-ball-green-grass-field-closeup-equipment-tools-373048786.jpg,5,6,2
cricket-helmet-bat-ball-green-grass-field-closeup-equipment-tools-373048786.jpg,5,7,3
cricket-helmet-bat-ball-green-grass-field-closeup-equipment-tools-373048786.jpg,5,8,3
cricket-helmet-bat-ball-green-grass-field-closeup-equipment-tools-373048786.jpg,6,1,0
cricket-helmet-bat-ball-green-grass-field-closeup-equipment-tools-373048786.jpg,6,2,0
cricket-helmet-bat-ball-green-grass-field-closeup-equipment-tools-373048786.jpg,6,3,1
cricket-helmet-bat-ball-green-grass-field-closeup-equipment-tools-373048786.jpg,6,4,2
cricket-helmet-bat-ball-green-grass-field-closeup-equipment-tools-373048786.jpg,6,5,2
cricket-helmet-bat-ball-green-grass-field-closeup-equipment-tools-373048786.jpg,6,6,0
cricket-helmet-bat-ball-green-grass-field-closeup-equipment-tools-373048786.jpg,6,7,0
cricket-helmet-bat-ball-green-grass-field-closeup-equipment-tools-373048786.jpg,6,8,0
cricket-helmet-bat-ball-green-grass-field-closeup-equipment-tools-373048786.jpg,7,1,0
cricket-helmet-bat-ball-green-grass-field-closeup-equipment-tools-373048786.jpg,7,2,0
cricket-helmet-bat-ball-green-grass-field-closeup-equipment-tools-373048786.jpg,7,3,1
cricket-helmet-bat-ball-green-grass-field-closeup-equipment-tools-373048786.jpg,7,4,2
cricket-helmet-bat-ball-green-grass-field-closeup-equipment-tools-373048786.jpg,7,5,2
cricket-helmet-bat-ball-green-grass-field-closeup-equipment-tools-373048786.jpg,7,6,0
cricket-helmet-bat-ball-green-grass-field-closeup-equipment-tools-373048786.jpg,7,7,0
cricket-helmet-bat-ball-green-grass-field-closeup-equipment-tools-373048786.jpg,7,8,0
cricket-helmet-bat-ball-green-grass-field-closeup-equipment-tools-373048786.jpg,8,1,0
cricket-helmet-bat-ball-green-grass-field-closeup-equipment-tools-373048786.jpg,8,2,0
cricket-helmet-bat-ball-green-grass-field-closeup-equipment-tools-373048786.jpg,8,3,1
cricket-helmet-bat-ball-green-grass-field-closeup-equipment-tools-373048786.jpg,8,4,1
cricket-helmet-bat-ball-green-grass-field-closeup-equipment-tools-373048786.jpg,8,5,1
cricket-helmet-bat-ball-green-grass-field-closeup-equipment-tools-373048786.jpg,8,6,1
cricket-helmet-bat-ball-green-grass-field-closeup-equipment-tools-373048786.jpg,8,7,0
cricket-helmet-bat-ball-green-grass-field-closeup-equipment-tools-373048786.jpg,8,8,0
cricket-pictures-5aqknjy9kdqyyzdr.jpg,1,1,0
cricket-pictures-5aqknjy9kdqyyzdr.jpg,1,2,0
cricket-pictures-5aqknjy9kdqyyzdr.jpg,1,3,0
cricket-pictures-5aqknjy9kdqyyzdr.jpg,1,4,0
cricket-pictures-5aqknjy9kdqyyzdr.jpg,1,5,0
cricket-pictures-5aqknjy9kdqyyzdr.jpg,1,6,0
cricket-pictures-5aqknjy9kdqyyzdr.jpg,1,7,0
cricket-pictures-5aqknjy9kdqyyzdr.jpg,1,8,0
cricket-pictures-5aqknjy9kdqyyzdr.jpg,2,1,0
cricket-pictures-5aqknjy9kdqyyzdr.jpg,2,2,0
cricket-pictures-5aqknjy9kdqyyzdr.jpg,2,3,0
cricket-pictures-5aqknjy9kdqyyzdr.jpg,2,4,0
cricket-pictures-5aqknjy9kdqyyzdr.jpg,2,5,0
cricket-pictures-5aqknjy9kdqyyzdr.jpg,2,6,0
cricket-pictures-5aqknjy9kdqyyzdr.jpg,2,7,0
cricket-pictures-5aqknjy9kdqyyzdr.jpg,2,8,0
cricket-pictures-5aqknjy9kdqyyzdr.jpg,3,1,0
cricket-pictures-5aqknjy9kdqyyzdr.jpg,3,2,1
cricket-pictures-5aqknjy9kdqyyzdr.jpg,3,3,1
cricket-pictures-5aqknjy9kdqyyzdr.jpg,3,4,1
cricket-pictures-5aqknjy9kdqyyzdr.jpg,3,5,0
cricket-pictures-5aqknjy9kdqyyzdr.jpg,3,6,0
cricket-pictures-5aqknjy9kdqyyzdr.jpg,3,7,0
cricket-pictures-5aqknjy9kdqyyzdr.jpg,3,8,0
cricket-pictures-5aqknjy9kdqyyzdr.jpg,4,1,0
cricket-pictures-5aqknjy9kdqyyzdr.jpg,4,2,1
cricket-pictures-5aqknjy9kdqyyzdr.jpg,4,3,1
cricket-pictures-5aqknjy9kdqyyzdr.jpg,4,4,1
cricket-pictures-5aqknjy9kdqyyzdr.jpg,4,5,0
cricket-pictures-5aqknjy9kdqyyzdr.jpg,4,6,0
cricket-pictures-5aqknjy9kdqyyzdr.jpg,4,7,0
cricket-pictures-5aqknjy9kdqyyzdr.jpg,4,8,0
cricket-pictures-5aqknjy9kdqyyzdr.jpg,5,1,0
cricket-pictures-5aqknjy9kdqyyzdr.jpg,5,2,1
cricket-pictures-5aqknjy9kdqyyzdr.jpg,5,3,1
cricket-pictures-5aqknjy9kdqyyzdr.jpg,5,4,1
cricket-pictures-5aqknjy9kdqyyzdr.jpg,5,5,0
cricket-pictures-5aqknjy9kdqyyzdr.jpg,5,6,0
cricket-pictures-5aqknjy9kdqyyzdr.jpg,5,7,0
cricket-pictures-5aqknjy9kdqyyzdr.jpg,5,8,0
cricket-pictures-5aqknjy9kdqyyzdr.jpg,6,1,0
cricket-pictures-5aqknjy9kdqyyzdr.jpg,6,2,0
cricket-pictures-5aqknjy9kdqyyzdr.jpg,6,3,0
cricket-pictures-5aqknjy9kdqyyzdr.jpg,6,4,0
cricket-pictures-5aqknjy9kdqyyzdr.jpg,6,5,0
cricket-pictures-5aqknjy9kdqyyzdr.jpg,6,6,0
cricket-pictures-5aqknjy9kdqyyzdr.jpg,6,7,0
cricket-pictures-5aqknjy9kdqyyzdr.jpg,6,8,0
cricket-pictures-5aqknjy9kdqyyzdr.jpg,7,1,0
cricket-pictures-5aqknjy9kdqyyzdr.jpg,7,2,0
cricket-pictures-5aqknjy9kdqyyzdr.jpg,7,3,0
cricket-pictures-5aqknjy9kdqyyzdr.jpg,7,4,0
cricket-pictures-5aqknjy9kdqyyzdr.jpg,7,5,0
cricket-pictures-5aqknjy9kdqyyzdr.jpg,7,6,0
cricket-pictures-5aqknjy9kdqyyzdr.jpg,7,7,0
cricket-pictures-5aqknjy9kdqyyzdr.jpg,7,8,0
cricket-pictures-5aqknjy9kdqyyzdr.jpg,8,1,0
cricket-pictures-5aqknjy9kdqyyzdr.jpg,8,2,0
cricket-pictures-5aqknjy9kdqyyzdr.jpg,8,3,0
cricket-pictures-5aqknjy9kdqyyzdr.jpg,8,4,0
cricket-pictures-5aqknjy9kdqyyzdr.jpg,8,5,0
cricket-pictures-5aqknjy9kdqyyzdr.jpg,8,6,0
cricket-pictures-5aqknjy9kdqyyzdr.jpg,8,7,0
cricket-pictures-5aqknjy9kdqyyzdr.jpg,8,8,0
cricket-stump-1.jpg,1,1,0
cricket-stump-1.jpg,1,2,0
cricket-stump-1.jpg,1,3,0
cricket-stump-1.jpg,1,4,0
cricket-stump-1.jpg,1,5,0
cricket-stump-1.jpg,1,6,0
cricket-stump-1.jpg,1,7,0
cricket-stump-1.jpg,1,8,0
cricket-stump-1.jpg,2,1,0
cricket-stump-1.jpg,2,2,0
cricket-stump-1.jpg,2,3,0
cricket-stump-1.jpg,2,4,0
cricket-stump-1.jpg,2,5,0
cricket-stump-1.jpg,2,6,0
cricket-stump-1.jpg,2,7,0
cricket-stump-1.jpg,2,8,0
cricket-stump-1.jpg,3,1,0
cricket-stump-1.jpg,3,2,0
cricket-stump-1.jpg,3,3,0
cricket-stump-1.jpg,3,4,0
cricket-stump-1.jpg,3,5,0
cricket-stump-1.jpg,3,6,0
cricket-stump-1.jpg,3,7,0
cricket-stump-1.jpg,3,8,0
cricket-stump-1.jpg,4,1,0
cricket-stump-1.jpg,4,2,3
cricket-stump-1.jpg,4,3,3
cricket-stump-1.jpg,4,4,0
cricket-stump-1.jpg,4,5,0
cricket-stump-1.jpg,4,6,0
cricket-stump-1.jpg,4,7,0
cricket-stump-1.jpg,4,8,0
cricket-stump-1.jpg,5,1,0
cricket-stump-1.jpg,5,2,3
cricket-stump-1.jpg,5,3,0
cricket-stump-1.jpg,5,4,0
cricket-stump-1.jpg,5,5,0
cricket-stump-1.jpg,5,6,0
cricket-stump-1.jpg,5,7,3
cricket-stump-1.jpg,5,8,3
cricket-stump-1.jpg,6,1,0
cricket-stump-1.jpg,6,2,3
cricket-stump-1.jpg,6,3,0
cricket-stump-1.jpg,6,4,0
cricket-stump-1.jpg,6,5,0
cricket-stump-1.jpg,6,6,0
cricket-stump-1.jpg,6,7,3
cricket-stump-1.jpg,6,8,3
cricket-stump-1.jpg,7,1,0
cricket-stump-1.jpg,7,2,3
cricket-stump-1.jpg,7,3,0
cricket-stump-1.jpg,7,4,0
cricket-stump-1.jpg,7,5,0
cricket-stump-1.jpg,7,6,0
cricket-stump-1.jpg,7,7,3
cricket-stump-1.jpg,7,8,3
cricket-stump-1.jpg,8,1,0
cricket-stump-1.jpg,8,2,0
cricket-stump-1.jpg,8,3,0
cricket-stump-1.jpg,8,4,0
cricket-stump-1.jpg,8,5,0
cricket-stump-1.jpg,8,6,0
cricket-stump-1.jpg,8,7,3
cricket-stump-1.jpg,8,8,3
cricket-stumps-and-pitch-wankhede-stadium-bombay-mumbai-maharashtra-DH2WT4 (1).jpg,1,1,0
cricket-stumps-and-pitch-wankhede-stadium-bombay-mumbai-maharashtra-DH2WT4 (1).jpg,1,2,0
cricket-stumps-and-pitch-wankhede-stadium-bombay-mumbai-maharashtra-DH2WT4 (1).jpg,1,3,0
cricket-stumps-and-pitch-wankhede-stadium-bombay-mumbai-maharashtra-DH2WT4 (1).jpg,1,4,0
cricket-stumps-and-pitch-wankhede-stadium-bombay-mumbai-maharashtra-DH2WT4 (1).jpg,1,5,0
cricket-stumps-and-pitch-wankhede-stadium-bombay-mumbai-maharashtra-DH2WT4 (1).jpg,1,6,0
cricket-stumps-and-pitch-wankhede-stadium-bombay-mumbai-maharashtra-DH2WT4 (1).jpg,1,7,0
cricket-stumps-and-pitch-wankhede-stadium-bombay-mumbai-maharashtra-DH2WT4 (1).jpg,1,8,0
cricket-stumps-and-pitch-wankhede-stadium-bombay-mumbai-maharashtra-DH2WT4 (1).jpg,2,1,0
cricket-stumps-and-pitch-wankhede-stadium-bombay-mumbai-maharashtra-DH2WT4 (1).jpg,2,2,0
cricket-stumps-and-pitch-wankhede-stadium-bombay-mumbai-maharashtra-DH2WT4 (1).jpg,2,3,0
cricket-stumps-and-pitch-wankhede-stadium-bombay-mumbai-maharashtra-DH2WT4 (1).jpg,2,4,0
cricket-stumps-and-pitch-wankhede-stadium-bombay-mumbai-maharashtra-DH2WT4 (1).jpg,2,5,0
cricket-stumps-and-pitch-wankhede-stadium-bombay-mumbai-maharashtra-DH2WT4 (1).jpg,2,6,0
cricket-stumps-and-pitch-wankhede-stadium-bombay-mumbai-maharashtra-DH2WT4 (1).jpg,2,7,0
cricket-stumps-and-pitch-wankhede-stadium-bombay-mumbai-maharashtra-DH2WT4 (1).jpg,2,8,0
cricket-stumps-and-pitch-wankhede-stadium-bombay-mumbai-maharashtra-DH2WT4 (1).jpg,3,1,0
cricket-stumps-and-pitch-wankhede-stadium-bombay-mumbai-maharashtra-DH2WT4 (1).jpg,3,2,0
cricket-stumps-and-pitch-wankhede-stadium-bombay-mumbai-maharashtra-DH2WT4 (1).jpg,3,3,0
cricket-stumps-and-pitch-wankhede-stadium-bombay-mumbai-maharashtra-DH2WT4 (1).jpg,3,4,0
cricket-stumps-and-pitch-wankhede-stadium-bombay-mumbai-maharashtra-DH2WT4 (1).jpg,3,5,0
cricket-stumps-and-pitch-wankhede-stadium-bombay-mumbai-maharashtra-DH2WT4 (1).jpg,3,6,0
cricket-stumps-and-pitch-wankhede-stadium-bombay-mumbai-maharashtra-DH2WT4 (1).jpg,3,7,0
cricket-stumps-and-pitch-wankhede-stadium-bombay-mumbai-maharashtra-DH2WT4 (1).jpg,3,8,0
cricket-stumps-and-pitch-wankhede-stadium-bombay-mumbai-maharashtra-DH2WT4 (1).jpg,4,1,0
cricket-stumps-and-pitch-wankhede-stadium-bombay-mumbai-maharashtra-DH2WT4 (1).jpg,4,2,0
cricket-stumps-and-pitch-wankhede-stadium-bombay-mumbai-maharashtra-DH2WT4 (1).jpg,4,3,0
cricket-stumps-and-pitch-wankhede-stadium-bombay-mumbai-maharashtra-DH2WT4 (1).jpg,4,4,3
cricket-stumps-and-pitch-wankhede-stadium-bombay-mumbai-maharashtra-DH2WT4 (1).jpg,4,5,3
cricket-stumps-and-pitch-wankhede-stadium-bombay-mumbai-maharashtra-DH2WT4 (1).jpg,4,6,0
cricket-stumps-and-pitch-wankhede-stadium-bombay-mumbai-maharashtra-DH2WT4 (1).jpg,4,7,0
cricket-stumps-and-pitch-wankhede-stadium-bombay-mumbai-maharashtra-DH2WT4 (1).jpg,4,8,0
cricket-stumps-and-pitch-wankhede-stadium-bombay-mumbai-maharashtra-DH2WT4 (1).jpg,5,1,0
cricket-stumps-and-pitch-wankhede-stadium-bombay-mumbai-maharashtra-DH2WT4 (1).jpg,5,2,0
cricket-stumps-and-pitch-wankhede-stadium-bombay-mumbai-maharashtra-DH2WT4 (1).jpg,5,3,0
cricket-stumps-and-pitch-wankhede-stadium-bombay-mumbai-maharashtra-DH2WT4 (1).jpg,5,4,3
cricket-stumps-and-pitch-wankhede-stadium-bombay-mumbai-maharashtra-DH2WT4 (1).jpg,5,5,3
cricket-stumps-and-pitch-wankhede-stadium-bombay-mumbai-maharashtra-DH2WT4 (1).jpg,5,6,0
cricket-stumps-and-pitch-wankhede-stadium-bombay-mumbai-maharashtra-DH2WT4 (1).jpg,5,7,0
cricket-stumps-and-pitch-wankhede-stadium-bombay-mumbai-maharashtra-DH2WT4 (1).jpg,5,8,0
cricket-stumps-and-pitch-wankhede-stadium-bombay-mumbai-maharashtra-DH2WT4 (1).jpg,6,1,0
cricket-stumps-and-pitch-wankhede-stadium-bombay-mumbai-maharashtra-DH2WT4 (1).jpg,6,2,0
cricket-stumps-and-pitch-wankhede-stadium-bombay-mumbai-maharashtra-DH2WT4 (1).jpg,6,3,0
cricket-stumps-and-pitch-wankhede-stadium-bombay-mumbai-maharashtra-DH2WT4 (1).jpg,6,4,3
cricket-stumps-and-pitch-wankhede-stadium-bombay-mumbai-maharashtra-DH2WT4 (1).jpg,6,5,3
cricket-stumps-and-pitch-wankhede-stadium-bombay-mumbai-maharashtra-DH2WT4 (1).jpg,6,6,0
cricket-stumps-and-pitch-wankhede-stadium-bombay-mumbai-maharashtra-DH2WT4 (1).jpg,6,7,0
cricket-stumps-and-pitch-wankhede-stadium-bombay-mumbai-maharashtra-DH2WT4 (1).jpg,6,8,0
cricket-stumps-and-pitch-wankhede-stadium-bombay-mumbai-maharashtra-DH2WT4 (1).jpg,7,1,0
cricket-stumps-and-pitch-wankhede-stadium-bombay-mumbai-maharashtra-DH2WT4 (1).jpg,7,2,0
cricket-stumps-and-pitch-wankhede-stadium-bombay-mumbai-maharashtra-DH2WT4 (1).jpg,7,3,0
cricket-stumps-and-pitch-wankhede-stadium-bombay-mumbai-maharashtra-DH2WT4 (1).jpg,7,4,3
cricket-stumps-and-pitch-wankhede-stadium-bombay-mumbai-maharashtra-DH2WT4 (1).jpg,7,5,3
cricket-stumps-and-pitch-wankhede-stadium-bombay-mumbai-maharashtra-DH2WT4 (1).jpg,7,6,0
cricket-stumps-and-pitch-wankhede-stadium-bombay-mumbai-maharashtra-DH2WT4 (1).jpg,7,7,0
cricket-stumps-and-pitch-wankhede-stadium-bombay-mumbai-maharashtra-DH2WT4 (1).jpg,7,8,0
cricket-stumps-and-pitch-wankhede-stadium-bombay-mumbai-maharashtra-DH2WT4 (1).jpg,8,1,0
cricket-stumps-and-pitch-wankhede-stadium-bombay-mumbai-maharashtra-DH2WT4 (1).jpg,8,2,0
cricket-stumps-and-pitch-wankhede-stadium-bombay-mumbai-maharashtra-DH2WT4 (1).jpg,8,3,0
cricket-stumps-and-pitch-wankhede-stadium-bombay-mumbai-maharashtra-DH2WT4 (1).jpg,8,4,0
cricket-stumps-and-pitch-wankhede-stadium-bombay-mumbai-maharashtra-DH2WT4 (1).jpg,8,5,0
cricket-stumps-and-pitch-wankhede-stadium-bombay-mumbai-maharashtra-DH2WT4 (1).jpg,8,6,0
cricket-stumps-and-pitch-wankhede-stadium-bombay-mumbai-maharashtra-DH2WT4 (1).jpg,8,7,0
cricket-stumps-and-pitch-wankhede-stadium-bombay-mumbai-maharashtra-DH2WT4 (1).jpg,8,8,0
cricket-stumps-bails-pitch-sport-wicket.jpg,1,1,0
cricket-stumps-bails-pitch-sport-wicket.jpg,1,2,0
cricket-stumps-bails-pitch-sport-wicket.jpg,1,3,0
cricket-stumps-bails-pitch-sport-wicket.jpg,1,4,0
cricket-stumps-bails-pitch-sport-wicket.jpg,1,5,0
cricket-stumps-bails-pitch-sport-wicket.jpg,1,6,0
cricket-stumps-bails-pitch-sport-wicket.jpg,1,7,0
cricket-stumps-bails-pitch-sport-wicket.jpg,1,8,0
cricket-stumps-bails-pitch-sport-wicket.jpg,2,1,0
cricket-stumps-bails-pitch-sport-wicket.jpg,2,2,0
cricket-stumps-bails-pitch-sport-wicket.jpg,2,3,0
cricket-stumps-bails-pitch-sport-wicket.jpg,2,4,0
cricket-stumps-bails-pitch-sport-wicket.jpg,2,5,0
cricket-stumps-bails-pitch-sport-wicket.jpg,2,6,0
cricket-stumps-bails-pitch-sport-wicket.jpg,2,7,0
cricket-stumps-bails-pitch-sport-wicket.jpg,2,8,0
cricket-stumps-bails-pitch-sport-wicket.jpg,3,1,0
cricket-stumps-bails-pitch-sport-wicket.jpg,3,2,0
cricket-stumps-bails-pitch-sport-wicket.jpg,3,3,3
cricket-stumps-bails-pitch-sport-wicket.jpg,3,4,3
cricket-stumps-bails-pitch-sport-wicket.jpg,3,5,3
cricket-stumps-bails-pitch-sport-wicket.jpg,3,6,3
cricket-stumps-bails-pitch-sport-wicket.jpg,3,7,3
cricket-stumps-bails-pitch-sport-wicket.jpg,3,8,0
cricket-stumps-bails-pitch-sport-wicket.jpg,4,1,0
cricket-stumps-bails-pitch-sport-wicket.jpg,4,2,0
cricket-stumps-bails-pitch-sport-wicket.jpg,4,3,3
cricket-stumps-bails-pitch-sport-wicket.jpg,4,4,3
cricket-stumps-bails-pitch-sport-wicket.jpg,4,5,3
cricket-stumps-bails-pitch-sport-wicket.jpg,4,6,3
cricket-stumps-bails-pitch-sport-wicket.jpg,4,7,0
cricket-stumps-bails-pitch-sport-wicket.jpg,4,8,3
cricket-stumps-bails-pitch-sport-wicket.jpg,5,1,0
cricket-stumps-bails-pitch-sport-wicket.jpg,5,2,0
cricket-stumps-bails-pitch-sport-wicket.jpg,5,3,3
cricket-stumps-bails-pitch-sport-wicket.jpg,5,4,3
cricket-stumps-bails-pitch-sport-wicket.jpg,5,5,3
cricket-stumps-bails-pitch-sport-wicket.jpg,5,6,3
cricket-stumps-bails-pitch-sport-wicket.jpg,5,7,3
cricket-stumps-bails-pitch-sport-wicket.jpg,5,8,0
cricket-stumps-bails-pitch-sport-wicket.jpg,6,1,0
cricket-stumps-bails-pitch-sport-wicket.jpg,6,2,0
cricket-stumps-bails-pitch-sport-wicket.jpg,6,3,3
cricket-stumps-bails-pitch-sport-wicket.jpg,6,4,3
cricket-stumps-bails-pitch-sport-wicket.jpg,6,5,3
cricket-stumps-bails-pitch-sport-wicket.jpg,6,6,3
cricket-stumps-bails-pitch-sport-wicket.jpg,6,7,3
cricket-stumps-bails-pitch-sport-wicket.jpg,6,8,0
cricket-stumps-bails-pitch-sport-wicket.jpg,7,1,0
cricket-stumps-bails-pitch-sport-wicket.jpg,7,2,0
cricket-stumps-bails-pitch-sport-wicket.jpg,7,3,3
cricket-stumps-bails-pitch-sport-wicket.jpg,7,4,3
cricket-stumps-bails-pitch-sport-wicket.jpg,7,5,3
cricket-stumps-bails-pitch-sport-wicket.jpg,7,6,3
cricket-stumps-bails-pitch-sport-wicket.jpg,7,7,3
cricket-stumps-bails-pitch-sport-wicket.jpg,7,8,0
cricket-stumps-bails-pitch-sport-wicket.jpg,8,1,0
cricket-stumps-bails-pitch-sport-wicket.jpg,8,2,0
cricket-stumps-bails-pitch-sport-wicket.jpg,8,3,3
cricket-stumps-bails-pitch-sport-wicket.jpg,8,4,0
cricket-stumps-bails-pitch-sport-wicket.jpg,8,5,3
cricket-stumps-bails-pitch-sport-wicket.jpg,8,6,3
cricket-stumps-bails-pitch-sport-wicket.jpg,8,7,0
cricket-stumps-bails-pitch-sport-wicket.jpg,8,8,0
Cricket-stumps-balls-dimensions.jpg,1,1,0
Cricket-stumps-balls-dimensions.jpg,1,2,0
Cricket-stumps-balls-dimensions.jpg,1,3,0
Cricket-stumps-balls-dimensions.jpg,1,4,0
Cricket-stumps-balls-dimensions.jpg,1,5,0
Cricket-stumps-balls-dimensions.jpg,1,6,0
Cricket-stumps-balls-dimensions.jpg,1,7,0
Cricket-stumps-balls-dimensions.jpg,1,8,0
Cricket-stumps-balls-dimensions.jpg,2,1,3
Cricket-stumps-balls-dimensions.jpg,2,2,3
Cricket-stumps-balls-dimensions.jpg,2,3,3
Cricket-stumps-balls-dimensions.jpg,2,4,0
Cricket-stumps-balls-dimensions.jpg,2,5,0
Cricket-stumps-balls-dimensions.jpg,2,6,0
Cricket-stumps-balls-dimensions.jpg,2,7,3
Cricket-stumps-balls-dimensions.jpg,2,8,0
Cricket-stumps-balls-dimensions.jpg,3,1,3
Cricket-stumps-balls-dimensions.jpg,3,2,3
Cricket-stumps-balls-dimensions.jpg,3,3,3
Cricket-stumps-balls-dimensions.jpg,3,4,0
Cricket-stumps-balls-dimensions.jpg,3,5,0
Cricket-stumps-balls-dimensions.jpg,3,6,0
Cricket-stumps-balls-dimensions.jpg,3,7,3
Cricket-stumps-balls-dimensions.jpg,3,8,0
Cricket-stumps-balls-dimensions.jpg,4,1,3
Cricket-stumps-balls-dimensions.jpg,4,2,3
Cricket-stumps-balls-dimensions.jpg,4,3,3
Cricket-stumps-balls-dimensions.jpg,4,4,0
Cricket-stumps-balls-dimensions.jpg,4,5,0
Cricket-stumps-balls-dimensions.jpg,4,6,0
Cricket-stumps-balls-dimensions.jpg,4,7,3
Cricket-stumps-balls-dimensions.jpg,4,8,0
Cricket-stumps-balls-dimensions.jpg,5,1,3
Cricket-stumps-balls-dimensions.jpg,5,2,3
Cricket-stumps-balls-dimensions.jpg,5,3,3
Cricket-stumps-balls-dimensions.jpg,5,4,0
Cricket-stumps-balls-dimensions.jpg,5,5,0
Cricket-stumps-balls-dimensions.jpg,5,6,0
Cricket-stumps-balls-dimensions.jpg,5,7,3
Cricket-stumps-balls-dimensions.jpg,5,8,0
Cricket-stumps-balls-dimensions.jpg,6,1,3
Cricket-stumps-balls-dimensions.jpg,6,2,3
Cricket-stumps-balls-dimensions.jpg,6,3,3
Cricket-stumps-balls-dimensions.jpg,6,4,0
Cricket-stumps-balls-dimensions.jpg,6,5,0
Cricket-stumps-balls-dimensions.jpg,6,6,0
Cricket-stumps-balls-dimensions.jpg,6,7,3
Cricket-stumps-balls-dimensions.jpg,6,8,0
Cricket-stumps-balls-dimensions.jpg,7,1,3
Cricket-stumps-balls-dimensions.jpg,7,2,3
Cricket-stumps-balls-dimensions.jpg,7,3,3
Cricket-stumps-balls-dimensions.jpg,7,4,0
Cricket-stumps-balls-dimensions.jpg,7,5,0
Cricket-stumps-balls-dimensions.jpg,7,6,0
Cricket-stumps-balls-dimensions.jpg,7,7,3
Cricket-stumps-balls-dimensions.jpg,7,8,0
Cricket-stumps-balls-dimensions.jpg,8,1,3
Cricket-stumps-balls-dimensions.jpg,8,2,3
Cricket-stumps-balls-dimensions.jpg,8,3,3
Cricket-stumps-balls-dimensions.jpg,8,4,0
Cricket-stumps-balls-dimensions.jpg,8,5,0
Cricket-stumps-balls-dimensions.jpg,8,6,0
Cricket-stumps-balls-dimensions.jpg,8,7,3
Cricket-stumps-balls-dimensions.jpg,8,8,0
cricket-stumps-standing-on-a-cricket-pitch-2AY0MXF.jpg,1,1,0
cricket-stumps-standing-on-a-cricket-pitch-2AY0MXF.jpg,1,2,0
cricket-stumps-standing-on-a-cricket-pitch-2AY0MXF.jpg,1,3,0
cricket-stumps-standing-on-a-cricket-pitch-2AY0MXF.jpg,1,4,0
cricket-stumps-standing-on-a-cricket-pitch-2AY0MXF.jpg,1,5,0
cricket-stumps-standing-on-a-cricket-pitch-2AY0MXF.jpg,1,6,0
cricket-stumps-standing-on-a-cricket-pitch-2AY0MXF.jpg,1,7,0
cricket-stumps-standing-on-a-cricket-pitch-2AY0MXF.jpg,1,8,0
cricket-stumps-standing-on-a-cricket-pitch-2AY0MXF.jpg,2,1,0
cricket-stumps-standing-on-a-cricket-pitch-2AY0MXF.jpg,2,2,0
cricket-stumps-standing-on-a-cricket-pitch-2AY0MXF.jpg,2,3,0
cricket-stumps-standing-on-a-cricket-pitch-2AY0MXF.jpg,2,4,0
cricket-stumps-standing-on-a-cricket-pitch-2AY0MXF.jpg,2,5,0
cricket-stumps-standing-on-a-cricket-pitch-2AY0MXF.jpg,2,6,0
cricket-stumps-standing-on-a-cricket-pitch-2AY0MXF.jpg,2,7,0
cricket-stumps-standing-on-a-cricket-pitch-2AY0MXF.jpg,2,8,0
cricket-stumps-standing-on-a-cricket-pitch-2AY0MXF.jpg,3,1,0
cricket-stumps-standing-on-a-cricket-pitch-2AY0MXF.jpg,3,2,0
cricket-stumps-standing-on-a-cricket-pitch-2AY0MXF.jpg,3,3,3
cricket-stumps-standing-on-a-cricket-pitch-2AY0MXF.jpg,3,4,3
cricket-stumps-standing-on-a-cricket-pitch-2AY0MXF.jpg,3,5,0
cricket-stumps-standing-on-a-cricket-pitch-2AY0MXF.jpg,3,6,0
cricket-stumps-standing-on-a-cricket-pitch-2AY0MXF.jpg,3,7,0
cricket-stumps-standing-on-a-cricket-pitch-2AY0MXF.jpg,3,8,0
cricket-stumps-standing-on-a-cricket-pitch-2AY0MXF.jpg,4,1,0
cricket-stumps-standing-on-a-cricket-pitch-2AY0MXF.jpg,4,2,0
cricket-stumps-standing-on-a-cricket-pitch-2AY0MXF.jpg,4,3,3
cricket-stumps-standing-on-a-cricket-pitch-2AY0MXF.jpg,4,4,3
cricket-stumps-standing-on-a-cricket-pitch-2AY0MXF.jpg,4,5,0
cricket-stumps-standing-on-a-cricket-pitch-2AY0MXF.jpg,4,6,0
cricket-stumps-standing-on-a-cricket-pitch-2AY0MXF.jpg,4,7,0
cricket-stumps-standing-on-a-cricket-pitch-2AY0MXF.jpg,4,8,0
cricket-stumps-standing-on-a-cricket-pitch-2AY0MXF.jpg,5,1,0
cricket-stumps-standing-on-a-cricket-pitch-2AY0MXF.jpg,5,2,0
cricket-stumps-standing-on-a-cricket-pitch-2AY0MXF.jpg,5,3,3
cricket-stumps-standing-on-a-cricket-pitch-2AY0MXF.jpg,5,4,3
cricket-stumps-standing-on-a-cricket-pitch-2AY0MXF.jpg,5,5,0
cricket-stumps-standing-on-a-cricket-pitch-2AY0MXF.jpg,5,6,0
cricket-stumps-standing-on-a-cricket-pitch-2AY0MXF.jpg,5,7,0
cricket-stumps-standing-on-a-cricket-pitch-2AY0MXF.jpg,5,8,0
cricket-stumps-standing-on-a-cricket-pitch-2AY0MXF.jpg,6,1,0
cricket-stumps-standing-on-a-cricket-pitch-2AY0MXF.jpg,6,2,0
cricket-stumps-standing-on-a-cricket-pitch-2AY0MXF.jpg,6,3,3
cricket-stumps-standing-on-a-cricket-pitch-2AY0MXF.jpg,6,4,3
cricket-stumps-standing-on-a-cricket-pitch-2AY0MXF.jpg,6,5,0
cricket-stumps-standing-on-a-cricket-pitch-2AY0MXF.jpg,6,6,0
cricket-stumps-standing-on-a-cricket-pitch-2AY0MXF.jpg,6,7,0
cricket-stumps-standing-on-a-cricket-pitch-2AY0MXF.jpg,6,8,0
cricket-stumps-standing-on-a-cricket-pitch-2AY0MXF.jpg,7,1,0
cricket-stumps-standing-on-a-cricket-pitch-2AY0MXF.jpg,7,2,0
cricket-stumps-standing-on-a-cricket-pitch-2AY0MXF.jpg,7,3,3
cricket-stumps-standing-on-a-cricket-pitch-2AY0MXF.jpg,7,4,3
cricket-stumps-standing-on-a-cricket-pitch-2AY0MXF.jpg,7,5,0
cricket-stumps-standing-on-a-cricket-pitch-2AY0MXF.jpg,7,6,0
cricket-stumps-standing-on-a-cricket-pitch-2AY0MXF.jpg,7,7,0
cricket-stumps-standing-on-a-cricket-pitch-2AY0MXF.jpg,7,8,0
cricket-stumps-standing-on-a-cricket-pitch-2AY0MXF.jpg,8,1,0
cricket-stumps-standing-on-a-cricket-pitch-2AY0MXF.jpg,8,2,0
cricket-stumps-standing-on-a-cricket-pitch-2AY0MXF.jpg,8,3,0
cricket-stumps-standing-on-a-cricket-pitch-2AY0MXF.jpg,8,4,0
cricket-stumps-standing-on-a-cricket-pitch-2AY0MXF.jpg,8,5,0
cricket-stumps-standing-on-a-cricket-pitch-2AY0MXF.jpg,8,6,0
cricket-stumps-standing-on-a-cricket-pitch-2AY0MXF.jpg,8,7,0
cricket-stumps-standing-on-a-cricket-pitch-2AY0MXF.jpg,8,8,0
cricket_ball (1).jpg,1,1,0
cricket_ball (1).jpg,1,2,0
cricket_ball (1).jpg,1,3,0
cricket_ball (1).jpg,1,4,0
cricket_ball (1).jpg,1,5,0
cricket_ball (1).jpg,1,6,0
cricket_ball (1).jpg,1,7,0
cricket_ball (1).jpg,1,8,0
cricket_ball (1).jpg,2,1,0
cricket_ball (1).jpg,2,2,0
cricket_ball (1).jpg,2,3,0
cricket_ball (1).jpg,2,4,0
cricket_ball (1).jpg,2,5,0
cricket_ball (1).jpg,2,6,0
cricket_ball (1).jpg,2,7,0
cricket_ball (1).jpg,2,8,0
cricket_ball (1).jpg,3,1,0
cricket_ball (1).jpg,3,2,0
cricket_ball (1).jpg,3,3,0
cricket_ball (1).jpg,3,4,0
cricket_ball (1).jpg,3,5,1
cricket_ball (1).jpg,3,6,1
cricket_ball (1).jpg,3,7,1
cricket_ball (1).jpg,3,8,0
cricket_ball (1).jpg,4,1,0
cricket_ball (1).jpg,4,2,0
cricket_ball (1).jpg,4,3,0
cricket_ball (1).jpg,4,4,1
cricket_ball (1).jpg,4,5,1
cricket_ball (1).jpg,4,6,1
cricket_ball (1).jpg,4,7,1
cricket_ball (1).jpg,4,8,1
cricket_ball (1).jpg,5,1,0
cricket_ball (1).jpg,5,2,0
cricket_ball (1).jpg,5,3,0
cricket_ball (1).jpg,5,4,1
cricket_ball (1).jpg,5,5,1
cricket_ball (1).jpg,5,6,1
cricket_ball (1).jpg,5,7,1
cricket_ball (1).jpg,5,8,1
cricket_ball (1).jpg,6,1,0
cricket_ball (1).jpg,6,2,0
cricket_ball (1).jpg,6,3,0
cricket_ball (1).jpg,6,4,1
cricket_ball (1).jpg,6,5,1
cricket_ball (1).jpg,6,6,1
cricket_ball (1).jpg,6,7,1
cricket_ball (1).jpg,6,8,1
cricket_ball (1).jpg,7,1,0
cricket_ball (1).jpg,7,2,0
cricket_ball (1).jpg,7,3,0
cricket_ball (1).jpg,7,4,1
cricket_ball (1).jpg,7,5,1
cricket_ball (1).jpg,7,6,1
cricket_ball (1).jpg,7,7,1
cricket_ball (1).jpg,7,8,1
cricket_ball (1).jpg,8,1,0
cricket_ball (1).jpg,8,2,0
cricket_ball (1).jpg,8,3,0
cricket_ball (1).jpg,8,4,0
cricket_ball (1).jpg,8,5,1
cricket_ball (1).jpg,8,6,1
cricket_ball (1).jpg,8,7,1
cricket_ball (1).jpg,8,8,0
Cricket_ball_G&M.jpg,1,1,0
Cricket_ball_G&M.jpg,1,2,0
Cricket_ball_G&M.jpg,1,3,1
Cricket_ball_G&M.jpg,1,4,1
Cricket_ball_G&M.jpg,1,5,1
Cricket_ball_G&M.jpg,1,6,1
Cricket_ball_G&M.jpg,1,7,1
Cricket_ball_G&M.jpg,1,8,0
Cricket_ball_G&M.jpg,2,1,0
Cricket_ball_G&M.jpg,2,2,1
Cricket_ball_G&M.jpg,2,3,1
Cricket_ball_G&M.jpg,2,4,1
Cricket_ball_G&M.jpg,2,5,1
Cricket_ball_G&M.jpg,2,6,1
Cricket_ball_G&M.jpg,2,7,1
Cricket_ball_G&M.jpg,2,8,0
Cricket_ball_G&M.jpg,3,1,0
Cricket_ball_G&M.jpg,3,2,1
Cricket_ball_G&M.jpg,3,3,1
Cricket_ball_G&M.jpg,3,4,1
Cricket_ball_G&M.jpg,3,5,1
Cricket_ball_G&M.jpg,3,6,1
Cricket_ball_G&M.jpg,3,7,1
Cricket_ball_G&M.jpg,3,8,0
Cricket_ball_G&M.jpg,4,1,0
Cricket_ball_G&M.jpg,4,2,1
Cricket_ball_G&M.jpg,4,3,1
Cricket_ball_G&M.jpg,4,4,1
Cricket_ball_G&M.jpg,4,5,1
Cricket_ball_G&M.jpg,4,6,1
Cricket_ball_G&M.jpg,4,7,1
Cricket_ball_G&M.jpg,4,8,0
Cricket_ball_G&M.jpg,5,1,0
Cricket_ball_G&M.jpg,5,2,1
Cricket_ball_G&M.jpg,5,3,1
Cricket_ball_G&M.jpg,5,4,1
Cricket_ball_G&M.jpg,5,5,1
Cricket_ball_G&M.jpg,5,6,1
Cricket_ball_G&M.jpg,5,7,1
Cricket_ball_G&M.jpg,5,8,0
Cricket_ball_G&M.jpg,6,1,0
Cricket_ball_G&M.jpg,6,2,1
Cricket_ball_G&M.jpg,6,3,1
Cricket_ball_G&M.jpg,6,4,1
Cricket_ball_G&M.jpg,6,5,1
Cricket_ball_G&M.jpg,6,6,1
Cricket_ball_G&M.jpg,6,7,1
Cricket_ball_G&M.jpg,6,8,0
Cricket_ball_G&M.jpg,7,1,0
Cricket_ball_G&M.jpg,7,2,1
Cricket_ball_G&M.jpg,7,3,1
Cricket_ball_G&M.jpg,7,4,1
Cricket_ball_G&M.jpg,7,5,1
Cricket_ball_G&M.jpg,7,6,1
Cricket_ball_G&M.jpg,7,7,1
Cricket_ball_G&M.jpg,7,8,0
Cricket_ball_G&M.jpg,8,1,0
Cricket_ball_G&M.jpg,8,2,0
Cricket_ball_G&M.jpg,8,3,1
Cricket_ball_G&M.jpg,8,4,1
Cricket_ball_G&M.jpg,8,5,1
Cricket_ball_G&M.jpg,8,6,1
Cricket_ball_G&M.jpg,8,7,0
Cricket_ball_G&M.jpg,8,8,0
DoMPiXXV4AAQXcs.jpg,1,1,0
DoMPiXXV4AAQXcs.jpg,1,2,0
DoMPiXXV4AAQXcs.jpg,1,3,0
DoMPiXXV4AAQXcs.jpg,1,4,0
DoMPiXXV4AAQXcs.jpg,1,5,0
DoMPiXXV4AAQXcs.jpg,1,6,0
DoMPiXXV4AAQXcs.jpg,1,7,0
DoMPiXXV4AAQXcs.jpg,1,8,0
DoMPiXXV4AAQXcs.jpg,2,1,0
DoMPiXXV4AAQXcs.jpg,2,2,0
DoMPiXXV4AAQXcs.jpg,2,3,0
DoMPiXXV4AAQXcs.jpg,2,4,0
DoMPiXXV4AAQXcs.jpg,2,5,0
DoMPiXXV4AAQXcs.jpg,2,6,0
DoMPiXXV4AAQXcs.jpg,2,7,0
DoMPiXXV4AAQXcs.jpg,2,8,0
DoMPiXXV4AAQXcs.jpg,3,1,0
DoMPiXXV4AAQXcs.jpg,3,2,0
DoMPiXXV4AAQXcs.jpg,3,3,0
DoMPiXXV4AAQXcs.jpg,3,4,0
DoMPiXXV4AAQXcs.jpg,3,5,0
DoMPiXXV4AAQXcs.jpg,3,6,0
DoMPiXXV4AAQXcs.jpg,3,7,0
DoMPiXXV4AAQXcs.jpg,3,8,0
DoMPiXXV4AAQXcs.jpg,4,1,0
DoMPiXXV4AAQXcs.jpg,4,2,0
DoMPiXXV4AAQXcs.jpg,4,3,0
DoMPiXXV4AAQXcs.jpg,4,4,0
DoMPiXXV4AAQXcs.jpg,4,5,0
DoMPiXXV4AAQXcs.jpg,4,6,0
DoMPiXXV4AAQXcs.jpg,4,7,0
DoMPiXXV4AAQXcs.jpg,4,8,0
DoMPiXXV4AAQXcs.jpg,5,1,0
DoMPiXXV4AAQXcs.jpg,5,2,0
DoMPiXXV4AAQXcs.jpg,5,3,0
DoMPiXXV4AAQXcs.jpg,5,4,3
DoMPiXXV4AAQXcs.jpg,5,5,3
DoMPiXXV4AAQXcs.jpg,5,6,0
DoMPiXXV4AAQXcs.jpg,5,7,0
DoMPiXXV4AAQXcs.jpg,5,8,0
DoMPiXXV4AAQXcs.jpg,6,1,0
DoMPiXXV4AAQXcs.jpg,6,2,0
DoMPiXXV4AAQXcs.jpg,6,3,0
DoMPiXXV4AAQXcs.jpg,6,4,3
DoMPiXXV4AAQXcs.jpg,6,5,3
DoMPiXXV4AAQXcs.jpg,6,6,0
DoMPiXXV4AAQXcs.jpg,6,7,0
DoMPiXXV4AAQXcs.jpg,6,8,0
DoMPiXXV4AAQXcs.jpg,7,1,0
DoMPiXXV4AAQXcs.jpg,7,2,0
DoMPiXXV4AAQXcs.jpg,7,3,0
DoMPiXXV4AAQXcs.jpg,7,4,3
DoMPiXXV4AAQXcs.jpg,7,5,3
DoMPiXXV4AAQXcs.jpg,7,6,0
DoMPiXXV4AAQXcs.jpg,7,7,0
DoMPiXXV4AAQXcs.jpg,7,8,0
DoMPiXXV4AAQXcs.jpg,8,1,0
DoMPiXXV4AAQXcs.jpg,8,2,0
DoMPiXXV4AAQXcs.jpg,8,3,0
DoMPiXXV4AAQXcs.jpg,8,4,3
DoMPiXXV4AAQXcs.jpg,8,5,3
DoMPiXXV4AAQXcs.jpg,8,6,0
DoMPiXXV4AAQXcs.jpg,8,7,0
DoMPiXXV4AAQXcs.jpg,8,8,0
download (42).jpg,1,1,0
download (42).jpg,1,2,0
download (42).jpg,1,3,1
download (42).jpg,1,4,1
download (42).jpg,1,5,1
download (42).jpg,1,6,1
download (42).jpg,1,7,0
download (42).jpg,1,8,0
download (42).jpg,2,1,0
download (42).jpg,2,2,1
download (42).jpg,2,3,1
download (42).jpg,2,4,1
download (42).jpg,2,5,1
download (42).jpg,2,6,1
download (42).jpg,2,7,1
download (42).jpg,2,8,0
download (42).jpg,3,1,0
download (42).jpg,3,2,1
download (42).jpg,3,3,1
download (42).jpg,3,4,1
download (42).jpg,3,5,1
download (42).jpg,3,6,1
download (42).jpg,3,7,1
download (42).jpg,3,8,0
download (42).jpg,4,1,0
download (42).jpg,4,2,1
download (42).jpg,4,3,1
download (42).jpg,4,4,1
download (42).jpg,4,5,1
download (42).jpg,4,6,1
download (42).jpg,4,7,1
download (42).jpg,4,8,0
download (42).jpg,5,1,0
download (42).jpg,5,2,1
download (42).jpg,5,3,1
download (42).jpg,5,4,1
download (42).jpg,5,5,1
download (42).jpg,5,6,1
download (42).jpg,5,7,1
download (42).jpg,5,8,0
download (42).jpg,6,1,0
download (42).jpg,6,2,1
download (42).jpg,6,3,1
download (42).jpg,6,4,1
download (42).jpg,6,5,1
download (42).jpg,6,6,1
download (42).jpg,6,7,1
download (42).jpg,6,8,0
download (42).jpg,7,1,0
download (42).jpg,7,2,1
download (42).jpg,7,3,1
download (42).jpg,7,4,1
download (42).jpg,7,5,1
download (42).jpg,7,6,1
download (42).jpg,7,7,1
download (42).jpg,7,8,0
download (42).jpg,8,1,0
download (42).jpg,8,2,0
download (42).jpg,8,3,1
download (42).jpg,8,4,1
download (42).jpg,8,5,1
download (42).jpg,8,6,1
download (42).jpg,8,7,0
download (42).jpg,8,8,0
download (43).jpg,1,1,0
download (43).jpg,1,2,0
download (43).jpg,1,3,1
download (43).jpg,1,4,1
download (43).jpg,1,5,1
download (43).jpg,1,6,1
download (43).jpg,1,7,0
download (43).jpg,1,8,0
download (43).jpg,2,1,0
download (43).jpg,2,2,1
download (43).jpg,2,3,1
download (43).jpg,2,4,1
download (43).jpg,2,5,1
download (43).jpg,2,6,1
download (43).jpg,2,7,1
download (43).jpg,2,8,0
download (43).jpg,3,1,0
download (43).jpg,3,2,1
download (43).jpg,3,3,1
download (43).jpg,3,4,1
download (43).jpg,3,5,1
download (43).jpg,3,6,1
download (43).jpg,3,7,1
download (43).jpg,3,8,0
download (43).jpg,4,1,0
download (43).jpg,4,2,1
download (43).jpg,4,3,1
download (43).jpg,4,4,1
download (43).jpg,4,5,1
download (43).jpg,4,6,1
download (43).jpg,4,7,1
download (43).jpg,4,8,0
download (43).jpg,5,1,0
download (43).jpg,5,2,1
download (43).jpg,5,3,1
download (43).jpg,5,4,1
download (43).jpg,5,5,1
download (43).jpg,5,6,1
download (43).jpg,5,7,1
download (43).jpg,5,8,0
download (43).jpg,6,1,0
download (43).jpg,6,2,1
download (43).jpg,6,3,1
download (43).jpg,6,4,1
download (43).jpg,6,5,1
download (43).jpg,6,6,1
download (43).jpg,6,7,1
download (43).jpg,6,8,0
download (43).jpg,7,1,0
download (43).jpg,7,2,1
download (43).jpg,7,3,1
download (43).jpg,7,4,1
download (43).jpg,7,5,1
download (43).jpg,7,6,1
download (43).jpg,7,7,1
download (43).jpg,7,8,0
download (43).jpg,8,1,0
download (43).jpg,8,2,1
download (43).jpg,8,3,1
download (43).jpg,8,4,1
download (43).jpg,8,5,1
download (43).jpg,8,6,1
download (43).jpg,8,7,1
download (43).jpg,8,8,0
download (44).jpg,1,1,0
download (44).jpg,1,2,0
download (44).jpg,1,3,0
download (44).jpg,1,4,1
download (44).jpg,1,5,1
download (44).jpg,1,6,0
download (44).jpg,1,7,0
download (44).jpg,1,8,0
download (44).jpg,2,1,0
download (44).jpg,2,2,0
download (44).jpg,2,3,1
download (44).jpg,2,4,1
download (44).jpg,2,5,1
download (44).jpg,2,6,1
download (44).jpg,2,7,1
download (44).jpg,2,8,0
download (44).jpg,3,1,0
download (44).jpg,3,2,1
download (44).jpg,3,3,1
download (44).jpg,3,4,1
download (44).jpg,3,5,1
download (44).jpg,3,6,1
download (44).jpg,3,7,1
download (44).jpg,3,8,0
download (44).jpg,4,1,0
download (44).jpg,4,2,1
download (44).jpg,4,3,1
download (44).jpg,4,4,1
download (44).jpg,4,5,1
download (44).jpg,4,6,1
download (44).jpg,4,7,1
download (44).jpg,4,8,0
download (44).jpg,5,1,0
download (44).jpg,5,2,1
download (44).jpg,5,3,1
download (44).jpg,5,4,1
download (44).jpg,5,5,1
download (44).jpg,5,6,1
download (44).jpg,5,7,1
download (44).jpg,5,8,0
download (44).jpg,6,1,0
download (44).jpg,6,2,1
download (44).jpg,6,3,1
download (44).jpg,6,4,1
download (44).jpg,6,5,1
download (44).jpg,6,6,1
download (44).jpg,6,7,1
download (44).jpg,6,8,0
download (44).jpg,7,1,0
download (44).jpg,7,2,0
download (44).jpg,7,3,1
download (44).jpg,7,4,1
download (44).jpg,7,5,1
download (44).jpg,7,6,1
download (44).jpg,7,7,0
download (44).jpg,7,8,0
download (44).jpg,8,1,0
download (44).jpg,8,2,0
download (44).jpg,8,3,1
download (44).jpg,8,4,1
download (44).jpg,8,5,1
download (44).jpg,8,6,1
download (44).jpg,8,7,0
download (44).jpg,8,8,0
download (45).jpg,1,1,0
download (45).jpg,1,2,0
download (45).jpg,1,3,1
download (45).jpg,1,4,1
download (45).jpg,1,5,1
download (45).jpg,1,6,1
download (45).jpg,1,7,0
download (45).jpg,1,8,0
download (45).jpg,2,1,0
download (45).jpg,2,2,1
download (45).jpg,2,3,1
download (45).jpg,2,4,1
download (45).jpg,2,5,1
download (45).jpg,2,6,1
download (45).jpg,2,7,1
download (45).jpg,2,8,0
download (45).jpg,3,1,0
download (45).jpg,3,2,1
download (45).jpg,3,3,1
download (45).jpg,3,4,1
download (45).jpg,3,5,1
download (45).jpg,3,6,1
download (45).jpg,3,7,1
download (45).jpg,3,8,0
download (45).jpg,4,1,0
download (45).jpg,4,2,1
download (45).jpg,4,3,1
download (45).jpg,4,4,1
download (45).jpg,4,5,1
download (45).jpg,4,6,1
download (45).jpg,4,7,1
download (45).jpg,4,8,0
download (45).jpg,5,1,0
download (45).jpg,5,2,1
download (45).jpg,5,3,1
download (45).jpg,5,4,1
download (45).jpg,5,5,1
download (45).jpg,5,6,1
download (45).jpg,5,7,1
download (45).jpg,5,8,0
download (45).jpg,6,1,0
download (45).jpg,6,2,1
download (45).jpg,6,3,1
download (45).jpg,6,4,1
download (45).jpg,6,5,1
download (45).jpg,6,6,1
download (45).jpg,6,7,1
download (45).jpg,6,8,0
download (45).jpg,7,1,0
download (45).jpg,7,2,0
download (45).jpg,7,3,1
download (45).jpg,7,4,1
download (45).jpg,7,5,1
download (45).jpg,7,6,1
download (45).jpg,7,7,0
download (45).jpg,7,8,0
download (45).jpg,8,1,0
download (45).jpg,8,2,0
download (45).jpg,8,3,0
download (45).jpg,8,4,1
download (45).jpg,8,5,1
download (45).jpg,8,6,0
download (45).jpg,8,7,0
download (45).jpg,8,8,0
download (48).jpg,1,1,0
download (48).jpg,1,2,0
download (48).jpg,1,3,1
download (48).jpg,1,4,1
download (48).jpg,1,5,1
download (48).jpg,1,6,1
download (48).jpg,1,7,0
download (48).jpg,1,8,0
download (48).jpg,2,1,0
download (48).jpg,2,2,1
download (48).jpg,2,3,1
download (48).jpg,2,4,1
download (48).jpg,2,5,1
download (48).jpg,2,6,1
download (48).jpg,2,7,1
download (48).jpg,2,8,0
download (48).jpg,3,1,0
download (48).jpg,3,2,1
download (48).jpg,3,3,1
download (48).jpg,3,4,1
download (48).jpg,3,5,1
download (48).jpg,3,6,1
download (48).jpg,3,7,1
download (48).jpg,3,8,0
download (48).jpg,4,1,0
download (48).jpg,4,2,1
download (48).jpg,4,3,1
download (48).jpg,4,4,1
download (48).jpg,4,5,1
download (48).jpg,4,6,1
download (48).jpg,4,7,1
download (48).jpg,4,8,0
download (48).jpg,5,1,0
download (48).jpg,5,2,1
download (48).jpg,5,3,1
download (48).jpg,5,4,1
download (48).jpg,5,5,1
download (48).jpg,5,6,1
download (48).jpg,5,7,1
download (48).jpg,5,8,0
download (48).jpg,6,1,0
download (48).jpg,6,2,1
download (48).jpg,6,3,1
download (48).jpg,6,4,1
download (48).jpg,6,5,1
download (48).jpg,6,6,1
download (48).jpg,6,7,1
download (48).jpg,6,8,0
download (48).jpg,7,1,0
download (48).jpg,7,2,1
download (48).jpg,7,3,1
download (48).jpg,7,4,1
download (48).jpg,7,5,1
download (48).jpg,7,6,1
download (48).jpg,7,7,1
download (48).jpg,7,8,0
download (48).jpg,8,1,0
download (48).jpg,8,2,0
download (48).jpg,8,3,1
download (48).jpg,8,4,1
download (48).jpg,8,5,1
download (48).jpg,8,6,1
download (48).jpg,8,7,0
download (48).jpg,8,8,0
download (49).jpg,1,1,0
download (49).jpg,1,2,0
download (49).jpg,1,3,1
download (49).jpg,1,4,1
download (49).jpg,1,5,1
download (49).jpg,1,6,1
download (49).jpg,1,7,0
download (49).jpg,1,8,0
download (49).jpg,2,1,0
download (49).jpg,2,2,1
download (49).jpg,2,3,1
download (49).jpg,2,4,1
download (49).jpg,2,5,1
download (49).jpg,2,6,1
download (49).jpg,2,7,1
download (49).jpg,2,8,0
download (49).jpg,3,1,0
download (49).jpg,3,2,1
download (49).jpg,3,3,1
download (49).jpg,3,4,1
download (49).jpg,3,5,1
download (49).jpg,3,6,1
download (49).jpg,3,7,1
download (49).jpg,3,8,0
download (49).jpg,4,1,0
download (49).jpg,4,2,1
download (49).jpg,4,3,1
download (49).jpg,4,4,1
download (49).jpg,4,5,1
download (49).jpg,4,6,1
download (49).jpg,4,7,1
download (49).jpg,4,8,0
download (49).jpg,5,1,0
download (49).jpg,5,2,1
download (49).jpg,5,3,1
download (49).jpg,5,4,1
download (49).jpg,5,5,1
download (49).jpg,5,6,1
download (49).jpg,5,7,1
download (49).jpg,5,8,0
download (49).jpg,6,1,0
download (49).jpg,6,2,1
download (49).jpg,6,3,1
download (49).jpg,6,4,1
download (49).jpg,6,5,1
download (49).jpg,6,6,1
download (49).jpg,6,7,1
download (49).jpg,6,8,0
download (49).jpg,7,1,0
download (49).jpg,7,2,1
download (49).jpg,7,3,1
download (49).jpg,7,4,1
download (49).jpg,7,5,1
download (49).jpg,7,6,1
download (49).jpg,7,7,1
download (49).jpg,7,8,0
download (49).jpg,8,1,0
download (49).jpg,8,2,0
download (49).jpg,8,3,1
download (49).jpg,8,4,1
download (49).jpg,8,5,1
download (49).jpg,8,6,1
download (49).jpg,8,7,0
download (49).jpg,8,8,0
download (50).jpg,1,1,0
download (50).jpg,1,2,0
download (50).jpg,1,3,0
download (50).jpg,1,4,0
download (50).jpg,1,5,0
download (50).jpg,1,6,0
download (50).jpg,1,7,0
download (50).jpg,1,8,0
download (50).jpg,2,1,0
download (50).jpg,2,2,0
download (50).jpg,2,3,1
download (50).jpg,2,4,1
download (50).jpg,2,5,1
download (50).jpg,2,6,1
download (50).jpg,2,7,0
download (50).jpg,2,8,0
download (50).jpg,3,1,0
download (50).jpg,3,2,0
download (50).jpg,3,3,1
download (50).jpg,3,4,1
download (50).jpg,3,5,1
download (50).jpg,3,6,1
download (50).jpg,3,7,0
download (50).jpg,3,8,0
download (50).jpg,4,1,0
download (50).jpg,4,2,0
download (50).jpg,4,3,1
download (50).jpg,4,4,1
download (50).jpg,4,5,1
download (50).jpg,4,6,1
download (50).jpg,4,7,0
download (50).jpg,4,8,0
download (50).jpg,5,1,0
download (50).jpg,5,2,0
download (50).jpg,5,3,1
download (50).jpg,5,4,1
download (50).jpg,5,5,1
download (50).jpg,5,6,1
download (50).jpg,5,7,0
download (50).jpg,5,8,0
download (50).jpg,6,1,0
download (50).jpg,6,2,0
download (50).jpg,6,3,1
download (50).jpg,6,4,1
download (50).jpg,6,5,1
download (50).jpg,6,6,1
download (50).jpg,6,7,0
download (50).jpg,6,8,0
download (50).jpg,7,1,0
download (50).jpg,7,2,0
download (50).jpg,7,3,1
download (50).jpg,7,4,1
download (50).jpg,7,5,1
download (50).jpg,7,6,0
download (50).jpg,7,7,0
download (50).jpg,7,8,0
download (50).jpg,8,1,0
download (50).jpg,8,2,0
download (50).jpg,8,3,0
download (50).jpg,8,4,0
download (50).jpg,8,5,0
download (50).jpg,8,6,0
download (50).jpg,8,7,0
download (50).jpg,8,8,0
download (51).jpg,1,1,0
download (51).jpg,1,2,1
download (51).jpg,1,3,1
download (51).jpg,1,4,1
download (51).jpg,1,5,1
download (51).jpg,1,6,1
download (51).jpg,1,7,1
download (51).jpg,1,8,0
download (51).jpg,2,1,1
download (51).jpg,2,2,1
download (51).jpg,2,3,1
download (51).jpg,2,4,1
download (51).jpg,2,5,1
download (51).jpg,2,6,1
download (51).jpg,2,7,1
download (51).jpg,2,8,1
download (51).jpg,3,1,1
download (51).jpg,3,2,1
download (51).jpg,3,3,1
download (51).jpg,3,4,1
download (51).jpg,3,5,1
download (51).jpg,3,6,1
download (51).jpg,3,7,1
download (51).jpg,3,8,1
download (51).jpg,4,1,1
download (51).jpg,4,2,1
download (51).jpg,4,3,1
download (51).jpg,4,4,1
download (51).jpg,4,5,1
download (51).jpg,4,6,1
download (51).jpg,4,7,1
download (51).jpg,4,8,1
download (51).jpg,5,1,1
download (51).jpg,5,2,1
download (51).jpg,5,3,1
download (51).jpg,5,4,1
download (51).jpg,5,5,1
download (51).jpg,5,6,1
download (51).jpg,5,7,1
download (51).jpg,5,8,1
download (51).jpg,6,1,1
download (51).jpg,6,2,1
download (51).jpg,6,3,1
download (51).jpg,6,4,1
download (51).jpg,6,5,1
download (51).jpg,6,6,1
download (51).jpg,6,7,1
download (51).jpg,6,8,1
download (51).jpg,7,1,1
download (51).jpg,7,2,1
download (51).jpg,7,3,1
download (51).jpg,7,4,1
download (51).jpg,7,5,1
download (51).jpg,7,6,1
download (51).jpg,7,7,1
download (51).jpg,7,8,0
download (51).jpg,8,1,0
download (51).jpg,8,2,1
download (51).jpg,8,3,1
download (51).jpg,8,4,1
download (51).jpg,8,5,1
download (51).jpg,8,6,1
download (51).jpg,8,7,1
download (51).jpg,8,8,0
download (53).jpg,1,1,0
download (53).jpg,1,2,0
download (53).jpg,1,3,0
download (53).jpg,1,4,0
download (53).jpg,1,5,0
download (53).jpg,1,6,0
download (53).jpg,1,7,0
download (53).jpg,1,8,0
download (53).jpg,2,1,0
download (53).jpg,2,2,0
download (53).jpg,2,3,1
download (53).jpg,2,4,1
download (53).jpg,2,5,1
download (53).jpg,2,6,1
download (53).jpg,2,7,0
download (53).jpg,2,8,0
download (53).jpg,3,1,0
download (53).jpg,3,2,0
download (53).jpg,3,3,1
download (53).jpg,3,4,1
download (53).jpg,3,5,1
download (53).jpg,3,6,1
download (53).jpg,3,7,0
download (53).jpg,3,8,0
download (53).jpg,4,1,0
download (53).jpg,4,2,1
download (53).jpg,4,3,1
download (53).jpg,4,4,1
download (53).jpg,4,5,1
download (53).jpg,4,6,1
download (53).jpg,4,7,0
download (53).jpg,4,8,0
download (53).jpg,5,1,0
download (53).jpg,5,2,1
download (53).jpg,5,3,1
download (53).jpg,5,4,1
download (53).jpg,5,5,1
download (53).jpg,5,6,1
download (53).jpg,5,7,0
download (53).jpg,5,8,0
download (53).jpg,6,1,0
download (53).jpg,6,2,1
download (53).jpg,6,3,1
download (53).jpg,6,4,1
download (53).jpg,6,5,1
download (53).jpg,6,6,1
download (53).jpg,6,7,0
download (53).jpg,6,8,0
download (53).jpg,7,1,0
download (53).jpg,7,2,0
download (53).jpg,7,3,1
download (53).jpg,7,4,1
download (53).jpg,7,5,1
download (53).jpg,7,6,1
download (53).jpg,7,7,0
download (53).jpg,7,8,0
download (53).jpg,8,1,0
download (53).jpg,8,2,0
download (53).jpg,8,3,0
download (53).jpg,8,4,0
download (53).jpg,8,5,0
download (53).jpg,8,6,0
download (53).jpg,8,7,0
download (53).jpg,8,8,0
download (55).jpg,1,1,0
download (55).jpg,1,2,1
download (55).jpg,1,3,1
download (55).jpg,1,4,1
download (55).jpg,1,5,1
download (55).jpg,1,6,1
download (55).jpg,1,7,1
download (55).jpg,1,8,0
download (55).jpg,2,1,1
download (55).jpg,2,2,1
download (55).jpg,2,3,1
download (55).jpg,2,4,1
download (55).jpg,2,5,1
download (55).jpg,2,6,1
download (55).jpg,2,7,1
download (55).jpg,2,8,1
download (55).jpg,3,1,1
download (55).jpg,3,2,1
download (55).jpg,3,3,1
download (55).jpg,3,4,1
download (55).jpg,3,5,1
download (55).jpg,3,6,1
download (55).jpg,3,7,1
download (55).jpg,3,8,1
download (55).jpg,4,1,1
download (55).jpg,4,2,1
download (55).jpg,4,3,1
download (55).jpg,4,4,1
download (55).jpg,4,5,1
download (55).jpg,4,6,1
download (55).jpg,4,7,1
download (55).jpg,4,8,1
download (55).jpg,5,1,1
download (55).jpg,5,2,1
download (55).jpg,5,3,1
download (55).jpg,5,4,1
download (55).jpg,5,5,1
download (55).jpg,5,6,1
download (55).jpg,5,7,1
download (55).jpg,5,8,1
download (55).jpg,6,1,1
download (55).jpg,6,2,1
download (55).jpg,6,3,1
download (55).jpg,6,4,1
download (55).jpg,6,5,1
download (55).jpg,6,6,1
download (55).jpg,6,7,1
download (55).jpg,6,8,1
download (55).jpg,7,1,1
download (55).jpg,7,2,1
download (55).jpg,7,3,1
download (55).jpg,7,4,1
download (55).jpg,7,5,1
download (55).jpg,7,6,1
download (55).jpg,7,7,1
download (55).jpg,7,8,0
download (55).jpg,8,1,0
download (55).jpg,8,2,1
download (55).jpg,8,3,1
download (55).jpg,8,4,1
download (55).jpg,8,5,1
download (55).jpg,8,6,1
download (55).jpg,8,7,1
download (55).jpg,8,8,0
download (56).jpg,1,1,0
download (56).jpg,1,2,0
download (56).jpg,1,3,0
download (56).jpg,1,4,0
download (56).jpg,1,5,0
download (56).jpg,1,6,0
download (56).jpg,1,7,0
download (56).jpg,1,8,0
download (56).jpg,2,1,0
download (56).jpg,2,2,0
download (56).jpg,2,3,0
download (56).jpg,2,4,1
download (56).jpg,2,5,1
download (56).jpg,2,6,0
download (56).jpg,2,7,0
download (56).jpg,2,8,0
download (56).jpg,3,1,0
download (56).jpg,3,2,0
download (56).jpg,3,3,1
download (56).jpg,3,4,1
download (56).jpg,3,5,1
download (56).jpg,3,6,1
download (56).jpg,3,7,0
download (56).jpg,3,8,0
download (56).jpg,4,1,0
download (56).jpg,4,2,0
download (56).jpg,4,3,1
download (56).jpg,4,4,1
download (56).jpg,4,5,1
download (56).jpg,4,6,1
download (56).jpg,4,7,0
download (56).jpg,4,8,0
download (56).jpg,5,1,0
download (56).jpg,5,2,0
download (56).jpg,5,3,1
download (56).jpg,5,4,1
download (56).jpg,5,5,1
download (56).jpg,5,6,1
download (56).jpg,5,7,0
download (56).jpg,5,8,0
download (56).jpg,6,1,0
download (56).jpg,6,2,0
download (56).jpg,6,3,1
download (56).jpg,6,4,1
download (56).jpg,6,5,1
download (56).jpg,6,6,1
download (56).jpg,6,7,0
download (56).jpg,6,8,0
download (56).jpg,7,1,0
download (56).jpg,7,2,0
download (56).jpg,7,3,1
download (56).jpg,7,4,1
download (56).jpg,7,5,1
download (56).jpg,7,6,0
download (56).jpg,7,7,0
download (56).jpg,7,8,0
download (56).jpg,8,1,0
download (56).jpg,8,2,0
download (56).jpg,8,3,0
download (56).jpg,8,4,0
download (56).jpg,8,5,0
download (56).jpg,8,6,0
download (56).jpg,8,7,0
download (56).jpg,8,8,0
download (57).jpg,1,1,0
download (57).jpg,1,2,0
download (57).jpg,1,3,0
download (57).jpg,1,4,1
download (57).jpg,1,5,1
download (57).jpg,1,6,0
download (57).jpg,1,7,0
download (57).jpg,1,8,0
download (57).jpg,2,1,0
download (57).jpg,2,2,0
download (57).jpg,2,3,1
download (57).jpg,2,4,1
download (57).jpg,2,5,1
download (57).jpg,2,6,1
download (57).jpg,2,7,0
download (57).jpg,2,8,0
download (57).jpg,3,1,0
download (57).jpg,3,2,1
download (57).jpg,3,3,1
download (57).jpg,3,4,1
download (57).jpg,3,5,1
download (57).jpg,3,6,1
download (57).jpg,3,7,1
download (57).jpg,3,8,0
download (57).jpg,4,1,0
download (57).jpg,4,2,1
download (57).jpg,4,3,1
download (57).jpg,4,4,1
download (57).jpg,4,5,1
download (57).jpg,4,6,1
download (57).jpg,4,7,1
download (57).jpg,4,8,0
download (57).jpg,5,1,0
download (57).jpg,5,2,1
download (57).jpg,5,3,1
download (57).jpg,5,4,1
download (57).jpg,5,5,1
download (57).jpg,5,6,1
download (57).jpg,5,7,1
download (57).jpg,5,8,0
download (57).jpg,6,1,0
download (57).jpg,6,2,1
download (57).jpg,6,3,1
download (57).jpg,6,4,1
download (57).jpg,6,5,1
download (57).jpg,6,6,1
download (57).jpg,6,7,1
download (57).jpg,6,8,0
download (57).jpg,7,1,0
download (57).jpg,7,2,0
download (57).jpg,7,3,1
download (57).jpg,7,4,1
download (57).jpg,7,5,1
download (57).jpg,7,6,1
download (57).jpg,7,7,0
download (57).jpg,7,8,0
download (57).jpg,8,1,0
download (57).jpg,8,2,0
download (57).jpg,8,3,0
download (57).jpg,8,4,1
download (57).jpg,8,5,1
download (57).jpg,8,6,0
download (57).jpg,8,7,0
download (57).jpg,8,8,0
download (58).jpg,1,1,0
download (58).jpg,1,2,0
download (58).jpg,1,3,1
download (58).jpg,1,4,1
download (58).jpg,1,5,1
download (58).jpg,1,6,1
download (58).jpg,1,7,0
download (58).jpg,1,8,0
download (58).jpg,2,1,0
download (58).jpg,2,2,1
download (58).jpg,2,3,1
download (58).jpg,2,4,1
download (58).jpg,2,5,1
download (58).jpg,2,6,1
download (58).jpg,2,7,1
download (58).jpg,2,8,0
download (58).jpg,3,1,0
download (58).jpg,3,2,1
download (58).jpg,3,3,1
download (58).jpg,3,4,1
download (58).jpg,3,5,1
download (58).jpg,3,6,1
download (58).jpg,3,7,1
download (58).jpg,3,8,0
download (58).jpg,4,1,0
download (58).jpg,4,2,1
download (58).jpg,4,3,1
download (58).jpg,4,4,1
download (58).jpg,4,5,1
download (58).jpg,4,6,1
download (58).jpg,4,7,1
download (58).jpg,4,8,0
download (58).jpg,5,1,0
download (58).jpg,5,2,1
download (58).jpg,5,3,1
download (58).jpg,5,4,1
download (58).jpg,5,5,1
download (58).jpg,5,6,1
download (58).jpg,5,7,1
download (58).jpg,5,8,0
download (58).jpg,6,1,0
download (58).jpg,6,2,1
download (58).jpg,6,3,1
download (58).jpg,6,4,1
download (58).jpg,6,5,1
download (58).jpg,6,6,1
download (58).jpg,6,7,1
download (58).jpg,6,8,0
download (58).jpg,7,1,0
download (58).jpg,7,2,0
download (58).jpg,7,3,1
download (58).jpg,7,4,1
download (58).jpg,7,5,1
download (58).jpg,7,6,1
download (58).jpg,7,7,1
download (58).jpg,7,8,0
download (58).jpg,8,1,0
download (58).jpg,8,2,0
download (58).jpg,8,3,1
download (58).jpg,8,4,1
download (58).jpg,8,5,1
download (58).jpg,8,6,0
download (58).jpg,8,7,0
download (58).jpg,8,8,0
download (63).jpg,1,1,0
download (63).jpg,1,2,0
download (63).jpg,1,3,0
download (63).jpg,1,4,1
download (63).jpg,1,5,1
download (63).jpg,1,6,1
download (63).jpg,1,7,1
download (63).jpg,1,8,1
download (63).jpg,2,1,0
download (63).jpg,2,2,0
download (63).jpg,2,3,1
download (63).jpg,2,4,1
download (63).jpg,2,5,1
download (63).jpg,2,6,1
download (63).jpg,2,7,1
download (63).jpg,2,8,1
download (63).jpg,3,1,0
download (63).jpg,3,2,0
download (63).jpg,3,3,1
download (63).jpg,3,4,1
download (63).jpg,3,5,1
download (63).jpg,3,6,1
download (63).jpg,3,7,1
download (63).jpg,3,8,1
download (63).jpg,4,1,0
download (63).jpg,4,2,0
download (63).jpg,4,3,1
download (63).jpg,4,4,1
download (63).jpg,4,5,1
download (63).jpg,4,6,1
download (63).jpg,4,7,1
download (63).jpg,4,8,1
download (63).jpg,5,1,0
download (63).jpg,5,2,0
download (63).jpg,5,3,1
download (63).jpg,5,4,1
download (63).jpg,5,5,1
download (63).jpg,5,6,1
download (63).jpg,5,7,1
download (63).jpg,5,8,1
download (63).jpg,6,1,0
download (63).jpg,6,2,0
download (63).jpg,6,3,1
download (63).jpg,6,4,1
download (63).jpg,6,5,1
download (63).jpg,6,6,1
download (63).jpg,6,7,1
download (63).jpg,6,8,1
download (63).jpg,7,1,0
download (63).jpg,7,2,0
download (63).jpg,7,3,1
download (63).jpg,7,4,1
download (63).jpg,7,5,1
download (63).jpg,7,6,1
download (63).jpg,7,7,1
download (63).jpg,7,8,0
download (63).jpg,8,1,0
download (63).jpg,8,2,0
download (63).jpg,8,3,0
download (63).jpg,8,4,1
download (63).jpg,8,5,1
download (63).jpg,8,6,1
download (63).jpg,8,7,0
download (63).jpg,8,8,0
download (64).jpg,1,1,0
download (64).jpg,1,2,0
download (64).jpg,1,3,0
download (64).jpg,1,4,1
download (64).jpg,1,5,1
download (64).jpg,1,6,0
download (64).jpg,1,7,0
download (64).jpg,1,8,0
download (64).jpg,2,1,0
download (64).jpg,2,2,0
download (64).jpg,2,3,1
download (64).jpg,2,4,1
download (64).jpg,2,5,1
download (64).jpg,2,6,1
download (64).jpg,2,7,0
download (64).jpg,2,8,0
download (64).jpg,3,1,0
download (64).jpg,3,2,0
download (64).jpg,3,3,1
download (64).jpg,3,4,1
download (64).jpg,3,5,1
download (64).jpg,3,6,1
download (64).jpg,3,7,0
download (64).jpg,3,8,0
download (64).jpg,4,1,0
download (64).jpg,4,2,1
download (64).jpg,4,3,1
download (64).jpg,4,4,1
download (64).jpg,4,5,1
download (64).jpg,4,6,1
download (64).jpg,4,7,1
download (64).jpg,4,8,0
download (64).jpg,5,1,0
download (64).jpg,5,2,1
download (64).jpg,5,3,1
download (64).jpg,5,4,1
download (64).jpg,5,5,1
download (64).jpg,5,6,1
download (64).jpg,5,7,1
download (64).jpg,5,8,0
download (64).jpg,6,1,0
download (64).jpg,6,2,0
download (64).jpg,6,3,1
download (64).jpg,6,4,1
download (64).jpg,6,5,1
download (64).jpg,6,6,1
download (64).jpg,6,7,0
download (64).jpg,6,8,0
download (64).jpg,7,1,0
download (64).jpg,7,2,0
download (64).jpg,7,3,1
download (64).jpg,7,4,1
download (64).jpg,7,5,1
download (64).jpg,7,6,1
download (64).jpg,7,7,0
download (64).jpg,7,8,0
download (64).jpg,8,1,0
download (64).jpg,8,2,0
download (64).jpg,8,3,0
download (64).jpg,8,4,0
download (64).jpg,8,5,0
download (64).jpg,8,6,0
download (64).jpg,8,7,0
download (64).jpg,8,8,0
download (66).jpg,1,1,1
download (66).jpg,1,2,1
download (66).jpg,1,3,1
download (66).jpg,1,4,1
download (66).jpg,1,5,1
download (66).jpg,1,6,1
download (66).jpg,1,7,1
download (66).jpg,1,8,0
download (66).jpg,2,1,1
download (66).jpg,2,2,1
download (66).jpg,2,3,1
download (66).jpg,2,4,1
download (66).jpg,2,5,1
download (66).jpg,2,6,1
download (66).jpg,2,7,1
download (66).jpg,2,8,0
download (66).jpg,3,1,1
download (66).jpg,3,2,1
download (66).jpg,3,3,1
download (66).jpg,3,4,1
download (66).jpg,3,5,1
download (66).jpg,3,6,1
download (66).jpg,3,7,1
download (66).jpg,3,8,0
download (66).jpg,4,1,1
download (66).jpg,4,2,1
download (66).jpg,4,3,1
download (66).jpg,4,4,1
download (66).jpg,4,5,1
download (66).jpg,4,6,1
download (66).jpg,4,7,1
download (66).jpg,4,8,0
download (66).jpg,5,1,1
download (66).jpg,5,2,1
download (66).jpg,5,3,1
download (66).jpg,5,4,1
download (66).jpg,5,5,1
download (66).jpg,5,6,1
download (66).jpg,5,7,1
download (66).jpg,5,8,0
download (66).jpg,6,1,1
download (66).jpg,6,2,1
download (66).jpg,6,3,1
download (66).jpg,6,4,1
download (66).jpg,6,5,1
download (66).jpg,6,6,1
download (66).jpg,6,7,1
download (66).jpg,6,8,0
download (66).jpg,7,1,1
download (66).jpg,7,2,1
download (66).jpg,7,3,1
download (66).jpg,7,4,1
download (66).jpg,7,5,1
download (66).jpg,7,6,1
download (66).jpg,7,7,1
download (66).jpg,7,8,0
download (66).jpg,8,1,1
download (66).jpg,8,2,1
download (66).jpg,8,3,1
download (66).jpg,8,4,1
download (66).jpg,8,5,1
download (66).jpg,8,6,1
download (66).jpg,8,7,1
download (66).jpg,8,8,0
dsc-others-default-title-dsc-cricket-wooden-target-stump-full-size-39036922626228.jpg,1,1,0
dsc-others-default-title-dsc-cricket-wooden-target-stump-full-size-39036922626228.jpg,1,2,0
dsc-others-default-title-dsc-cricket-wooden-target-stump-full-size-39036922626228.jpg,1,3,0
dsc-others-default-title-dsc-cricket-wooden-target-stump-full-size-39036922626228.jpg,1,4,0
dsc-others-default-title-dsc-cricket-wooden-target-stump-full-size-39036922626228.jpg,1,5,0
dsc-others-default-title-dsc-cricket-wooden-target-stump-full-size-39036922626228.jpg,1,6,3
dsc-others-default-title-dsc-cricket-wooden-target-stump-full-size-39036922626228.jpg,1,7,3
dsc-others-default-title-dsc-cricket-wooden-target-stump-full-size-39036922626228.jpg,1,8,3
dsc-others-default-title-dsc-cricket-wooden-target-stump-full-size-39036922626228.jpg,2,1,0
dsc-others-default-title-dsc-cricket-wooden-target-stump-full-size-39036922626228.jpg,2,2,0
dsc-others-default-title-dsc-cricket-wooden-target-stump-full-size-39036922626228.jpg,2,3,0
dsc-others-default-title-dsc-cricket-wooden-target-stump-full-size-39036922626228.jpg,2,4,0
dsc-others-default-title-dsc-cricket-wooden-target-stump-full-size-39036922626228.jpg,2,5,0
dsc-others-default-title-dsc-cricket-wooden-target-stump-full-size-39036922626228.jpg,2,6,3
dsc-others-default-title-dsc-cricket-wooden-target-stump-full-size-39036922626228.jpg,2,7,3
dsc-others-default-title-dsc-cricket-wooden-target-stump-full-size-39036922626228.jpg,2,8,0
dsc-others-default-title-dsc-cricket-wooden-target-stump-full-size-39036922626228.jpg,3,1,0
dsc-others-default-title-dsc-cricket-wooden-target-stump-full-size-39036922626228.jpg,3,2,0
dsc-others-default-title-dsc-cricket-wooden-target-stump-full-size-39036922626228.jpg,3,3,0
dsc-others-default-title-dsc-cricket-wooden-target-stump-full-size-39036922626228.jpg,3,4,0
dsc-others-default-title-dsc-cricket-wooden-target-stump-full-size-39036922626228.jpg,3,5,3
dsc-others-default-title-dsc-cricket-wooden-target-stump-full-size-39036922626228.jpg,3,6,3
dsc-others-default-title-dsc-cricket-wooden-target-stump-full-size-39036922626228.jpg,3,7,0
dsc-others-default-title-dsc-cricket-wooden-target-stump-full-size-39036922626228.jpg,3,8,0
dsc-others-default-title-dsc-cricket-wooden-target-stump-full-size-39036922626228.jpg,4,1,0
dsc-others-default-title-dsc-cricket-wooden-target-stump-full-size-39036922626228.jpg,4,2,0
dsc-others-default-title-dsc-cricket-wooden-target-stump-full-size-39036922626228.jpg,4,3,0
dsc-others-default-title-dsc-cricket-wooden-target-stump-full-size-39036922626228.jpg,4,4,3
dsc-others-default-title-dsc-cricket-wooden-target-stump-full-size-39036922626228.jpg,4,5,3
dsc-others-default-title-dsc-cricket-wooden-target-stump-full-size-39036922626228.jpg,4,6,0
dsc-others-default-title-dsc-cricket-wooden-target-stump-full-size-39036922626228.jpg,4,7,0
dsc-others-default-title-dsc-cricket-wooden-target-stump-full-size-39036922626228.jpg,4,8,0
dsc-others-default-title-dsc-cricket-wooden-target-stump-full-size-39036922626228.jpg,5,1,0
dsc-others-default-title-dsc-cricket-wooden-target-stump-full-size-39036922626228.jpg,5,2,0
dsc-others-default-title-dsc-cricket-wooden-target-stump-full-size-39036922626228.jpg,5,3,0
dsc-others-default-title-dsc-cricket-wooden-target-stump-full-size-39036922626228.jpg,5,4,3
dsc-others-default-title-dsc-cricket-wooden-target-stump-full-size-39036922626228.jpg,5,5,3
dsc-others-default-title-dsc-cricket-wooden-target-stump-full-size-39036922626228.jpg,5,6,0
dsc-others-default-title-dsc-cricket-wooden-target-stump-full-size-39036922626228.jpg,5,7,0
dsc-others-default-title-dsc-cricket-wooden-target-stump-full-size-39036922626228.jpg,5,8,0
dsc-others-default-title-dsc-cricket-wooden-target-stump-full-size-39036922626228.jpg,6,1,0
dsc-others-default-title-dsc-cricket-wooden-target-stump-full-size-39036922626228.jpg,6,2,0
dsc-others-default-title-dsc-cricket-wooden-target-stump-full-size-39036922626228.jpg,6,3,3
dsc-others-default-title-dsc-cricket-wooden-target-stump-full-size-39036922626228.jpg,6,4,3
dsc-others-default-title-dsc-cricket-wooden-target-stump-full-size-39036922626228.jpg,6,5,0
dsc-others-default-title-dsc-cricket-wooden-target-stump-full-size-39036922626228.jpg,6,6,0
dsc-others-default-title-dsc-cricket-wooden-target-stump-full-size-39036922626228.jpg,6,7,0
dsc-others-default-title-dsc-cricket-wooden-target-stump-full-size-39036922626228.jpg,6,8,0
dsc-others-default-title-dsc-cricket-wooden-target-stump-full-size-39036922626228.jpg,7,1,0
dsc-others-default-title-dsc-cricket-wooden-target-stump-full-size-39036922626228.jpg,7,2,3
dsc-others-default-title-dsc-cricket-wooden-target-stump-full-size-39036922626228.jpg,7,3,3
dsc-others-default-title-dsc-cricket-wooden-target-stump-full-size-39036922626228.jpg,7,4,3
dsc-others-default-title-dsc-cricket-wooden-target-stump-full-size-39036922626228.jpg,7,5,0
dsc-others-default-title-dsc-cricket-wooden-target-stump-full-size-39036922626228.jpg,7,6,0
dsc-others-default-title-dsc-cricket-wooden-target-stump-full-size-39036922626228.jpg,7,7,0
dsc-others-default-title-dsc-cricket-wooden-target-stump-full-size-39036922626228.jpg,7,8,0
dsc-others-default-title-dsc-cricket-wooden-target-stump-full-size-39036922626228.jpg,8,1,3
dsc-others-default-title-dsc-cricket-wooden-target-stump-full-size-39036922626228.jpg,8,2,3
dsc-others-default-title-dsc-cricket-wooden-target-stump-full-size-39036922626228.jpg,8,3,3
dsc-others-default-title-dsc-cricket-wooden-target-stump-full-size-39036922626228.jpg,8,4,0
dsc-others-default-title-dsc-cricket-wooden-target-stump-full-size-39036922626228.jpg,8,5,0
dsc-others-default-title-dsc-cricket-wooden-target-stump-full-size-39036922626228.jpg,8,6,0
dsc-others-default-title-dsc-cricket-wooden-target-stump-full-size-39036922626228.jpg,8,7,0
dsc-others-default-title-dsc-cricket-wooden-target-stump-full-size-39036922626228.jpg,8,8,0
dsc-others-default-title-dsc-spring-wooden-cricket-stumps-full-size-37989488197812_1800x1800 (1).jpg,1,1,0
dsc-others-default-title-dsc-spring-wooden-cricket-stumps-full-size-37989488197812_1800x1800 (1).jpg,1,2,0
dsc-others-default-title-dsc-spring-wooden-cricket-stumps-full-size-37989488197812_1800x1800 (1).jpg,1,3,0
dsc-others-default-title-dsc-spring-wooden-cricket-stumps-full-size-37989488197812_1800x1800 (1).jpg,1,4,3
dsc-others-default-title-dsc-spring-wooden-cricket-stumps-full-size-37989488197812_1800x1800 (1).jpg,1,5,3
dsc-others-default-title-dsc-spring-wooden-cricket-stumps-full-size-37989488197812_1800x1800 (1).jpg,1,6,3
dsc-others-default-title-dsc-spring-wooden-cricket-stumps-full-size-37989488197812_1800x1800 (1).jpg,1,7,0
dsc-others-default-title-dsc-spring-wooden-cricket-stumps-full-size-37989488197812_1800x1800 (1).jpg,1,8,0
dsc-others-default-title-dsc-spring-wooden-cricket-stumps-full-size-37989488197812_1800x1800 (1).jpg,2,1,0
dsc-others-default-title-dsc-spring-wooden-cricket-stumps-full-size-37989488197812_1800x1800 (1).jpg,2,2,0
dsc-others-default-title-dsc-spring-wooden-cricket-stumps-full-size-37989488197812_1800x1800 (1).jpg,2,3,0
dsc-others-default-title-dsc-spring-wooden-cricket-stumps-full-size-37989488197812_1800x1800 (1).jpg,2,4,3
dsc-others-default-title-dsc-spring-wooden-cricket-stumps-full-size-37989488197812_1800x1800 (1).jpg,2,5,3
dsc-others-default-title-dsc-spring-wooden-cricket-stumps-full-size-37989488197812_1800x1800 (1).jpg,2,6,3
dsc-others-default-title-dsc-spring-wooden-cricket-stumps-full-size-37989488197812_1800x1800 (1).jpg,2,7,0
dsc-others-default-title-dsc-spring-wooden-cricket-stumps-full-size-37989488197812_1800x1800 (1).jpg,2,8,0
dsc-others-default-title-dsc-spring-wooden-cricket-stumps-full-size-37989488197812_1800x1800 (1).jpg,3,1,0
dsc-others-default-title-dsc-spring-wooden-cricket-stumps-full-size-37989488197812_1800x1800 (1).jpg,3,2,0
dsc-others-default-title-dsc-spring-wooden-cricket-stumps-full-size-37989488197812_1800x1800 (1).jpg,3,3,0
dsc-others-default-title-dsc-spring-wooden-cricket-stumps-full-size-37989488197812_1800x1800 (1).jpg,3,4,3
dsc-others-default-title-dsc-spring-wooden-cricket-stumps-full-size-37989488197812_1800x1800 (1).jpg,3,5,3
dsc-others-default-title-dsc-spring-wooden-cricket-stumps-full-size-37989488197812_1800x1800 (1).jpg,3,6,3
dsc-others-default-title-dsc-spring-wooden-cricket-stumps-full-size-37989488197812_1800x1800 (1).jpg,3,7,0
dsc-others-default-title-dsc-spring-wooden-cricket-stumps-full-size-37989488197812_1800x1800 (1).jpg,3,8,0
dsc-others-default-title-dsc-spring-wooden-cricket-stumps-full-size-37989488197812_1800x1800 (1).jpg,4,1,0
dsc-others-default-title-dsc-spring-wooden-cricket-stumps-full-size-37989488197812_1800x1800 (1).jpg,4,2,0
dsc-others-default-title-dsc-spring-wooden-cricket-stumps-full-size-37989488197812_1800x1800 (1).jpg,4,3,0
dsc-others-default-title-dsc-spring-wooden-cricket-stumps-full-size-37989488197812_1800x1800 (1).jpg,4,4,3
dsc-others-default-title-dsc-spring-wooden-cricket-stumps-full-size-37989488197812_1800x1800 (1).jpg,4,5,3
dsc-others-default-title-dsc-spring-wooden-cricket-stumps-full-size-37989488197812_1800x1800 (1).jpg,4,6,3
dsc-others-default-title-dsc-spring-wooden-cricket-stumps-full-size-37989488197812_1800x1800 (1).jpg,4,7,0
dsc-others-default-title-dsc-spring-wooden-cricket-stumps-full-size-37989488197812_1800x1800 (1).jpg,4,8,0
dsc-others-default-title-dsc-spring-wooden-cricket-stumps-full-size-37989488197812_1800x1800 (1).jpg,5,1,0
dsc-others-default-title-dsc-spring-wooden-cricket-stumps-full-size-37989488197812_1800x1800 (1).jpg,5,2,0
dsc-others-default-title-dsc-spring-wooden-cricket-stumps-full-size-37989488197812_1800x1800 (1).jpg,5,3,0
dsc-others-default-title-dsc-spring-wooden-cricket-stumps-full-size-37989488197812_1800x1800 (1).jpg,5,4,3
dsc-others-default-title-dsc-spring-wooden-cricket-stumps-full-size-37989488197812_1800x1800 (1).jpg,5,5,3
dsc-others-default-title-dsc-spring-wooden-cricket-stumps-full-size-37989488197812_1800x1800 (1).jpg,5,6,3
dsc-others-default-title-dsc-spring-wooden-cricket-stumps-full-size-37989488197812_1800x1800 (1).jpg,5,7,0
dsc-others-default-title-dsc-spring-wooden-cricket-stumps-full-size-37989488197812_1800x1800 (1).jpg,5,8,0
dsc-others-default-title-dsc-spring-wooden-cricket-stumps-full-size-37989488197812_1800x1800 (1).jpg,6,1,0
dsc-others-default-title-dsc-spring-wooden-cricket-stumps-full-size-37989488197812_1800x1800 (1).jpg,6,2,0
dsc-others-default-title-dsc-spring-wooden-cricket-stumps-full-size-37989488197812_1800x1800 (1).jpg,6,3,0
dsc-others-default-title-dsc-spring-wooden-cricket-stumps-full-size-37989488197812_1800x1800 (1).jpg,6,4,3
dsc-others-default-title-dsc-spring-wooden-cricket-stumps-full-size-37989488197812_1800x1800 (1).jpg,6,5,3
dsc-others-default-title-dsc-spring-wooden-cricket-stumps-full-size-37989488197812_1800x1800 (1).jpg,6,6,0
dsc-others-default-title-dsc-spring-wooden-cricket-stumps-full-size-37989488197812_1800x1800 (1).jpg,6,7,0
dsc-others-default-title-dsc-spring-wooden-cricket-stumps-full-size-37989488197812_1800x1800 (1).jpg,6,8,0
dsc-others-default-title-dsc-spring-wooden-cricket-stumps-full-size-37989488197812_1800x1800 (1).jpg,7,1,0
dsc-others-default-title-dsc-spring-wooden-cricket-stumps-full-size-37989488197812_1800x1800 (1).jpg,7,2,0
dsc-others-default-title-dsc-spring-wooden-cricket-stumps-full-size-37989488197812_1800x1800 (1).jpg,7,3,0
dsc-others-default-title-dsc-spring-wooden-cricket-stumps-full-size-37989488197812_1800x1800 (1).jpg,7,4,3
dsc-others-default-title-dsc-spring-wooden-cricket-stumps-full-size-37989488197812_1800x1800 (1).jpg,7,5,3
dsc-others-default-title-dsc-spring-wooden-cricket-stumps-full-size-37989488197812_1800x1800 (1).jpg,7,6,0
dsc-others-default-title-dsc-spring-wooden-cricket-stumps-full-size-37989488197812_1800x1800 (1).jpg,7,7,0
dsc-others-default-title-dsc-spring-wooden-cricket-stumps-full-size-37989488197812_1800x1800 (1).jpg,7,8,0
dsc-others-default-title-dsc-spring-wooden-cricket-stumps-full-size-37989488197812_1800x1800 (1).jpg,8,1,0
dsc-others-default-title-dsc-spring-wooden-cricket-stumps-full-size-37989488197812_1800x1800 (1).jpg,8,2,0
dsc-others-default-title-dsc-spring-wooden-cricket-stumps-full-size-37989488197812_1800x1800 (1).jpg,8,3,0
dsc-others-default-title-dsc-spring-wooden-cricket-stumps-full-size-37989488197812_1800x1800 (1).jpg,8,4,3
dsc-others-default-title-dsc-spring-wooden-cricket-stumps-full-size-37989488197812_1800x1800 (1).jpg,8,5,3
dsc-others-default-title-dsc-spring-wooden-cricket-stumps-full-size-37989488197812_1800x1800 (1).jpg,8,6,0
dsc-others-default-title-dsc-spring-wooden-cricket-stumps-full-size-37989488197812_1800x1800 (1).jpg,8,7,0
dsc-others-default-title-dsc-spring-wooden-cricket-stumps-full-size-37989488197812_1800x1800 (1).jpg,8,8,0
dsc-others-default-title-dsc-spring-wooden-cricket-stumps-full-size-38319776006324_1800x1800 (1).jpg,1,1,0
dsc-others-default-title-dsc-spring-wooden-cricket-stumps-full-size-38319776006324_1800x1800 (1).jpg,1,2,0
dsc-others-default-title-dsc-spring-wooden-cricket-stumps-full-size-38319776006324_1800x1800 (1).jpg,1,3,3
dsc-others-default-title-dsc-spring-wooden-cricket-stumps-full-size-38319776006324_1800x1800 (1).jpg,1,4,3
dsc-others-default-title-dsc-spring-wooden-cricket-stumps-full-size-38319776006324_1800x1800 (1).jpg,1,5,3
dsc-others-default-title-dsc-spring-wooden-cricket-stumps-full-size-38319776006324_1800x1800 (1).jpg,1,6,0
dsc-others-default-title-dsc-spring-wooden-cricket-stumps-full-size-38319776006324_1800x1800 (1).jpg,1,7,0
dsc-others-default-title-dsc-spring-wooden-cricket-stumps-full-size-38319776006324_1800x1800 (1).jpg,1,8,0
dsc-others-default-title-dsc-spring-wooden-cricket-stumps-full-size-38319776006324_1800x1800 (1).jpg,2,1,0
dsc-others-default-title-dsc-spring-wooden-cricket-stumps-full-size-38319776006324_1800x1800 (1).jpg,2,2,0
dsc-others-default-title-dsc-spring-wooden-cricket-stumps-full-size-38319776006324_1800x1800 (1).jpg,2,3,0
dsc-others-default-title-dsc-spring-wooden-cricket-stumps-full-size-38319776006324_1800x1800 (1).jpg,2,4,3
dsc-others-default-title-dsc-spring-wooden-cricket-stumps-full-size-38319776006324_1800x1800 (1).jpg,2,5,3
dsc-others-default-title-dsc-spring-wooden-cricket-stumps-full-size-38319776006324_1800x1800 (1).jpg,2,6,0
dsc-others-default-title-dsc-spring-wooden-cricket-stumps-full-size-38319776006324_1800x1800 (1).jpg,2,7,0
dsc-others-default-title-dsc-spring-wooden-cricket-stumps-full-size-38319776006324_1800x1800 (1).jpg,2,8,0
dsc-others-default-title-dsc-spring-wooden-cricket-stumps-full-size-38319776006324_1800x1800 (1).jpg,3,1,0
dsc-others-default-title-dsc-spring-wooden-cricket-stumps-full-size-38319776006324_1800x1800 (1).jpg,3,2,0
dsc-others-default-title-dsc-spring-wooden-cricket-stumps-full-size-38319776006324_1800x1800 (1).jpg,3,3,0
dsc-others-default-title-dsc-spring-wooden-cricket-stumps-full-size-38319776006324_1800x1800 (1).jpg,3,4,3
dsc-others-default-title-dsc-spring-wooden-cricket-stumps-full-size-38319776006324_1800x1800 (1).jpg,3,5,3
dsc-others-default-title-dsc-spring-wooden-cricket-stumps-full-size-38319776006324_1800x1800 (1).jpg,3,6,0
dsc-others-default-title-dsc-spring-wooden-cricket-stumps-full-size-38319776006324_1800x1800 (1).jpg,3,7,0
dsc-others-default-title-dsc-spring-wooden-cricket-stumps-full-size-38319776006324_1800x1800 (1).jpg,3,8,0
dsc-others-default-title-dsc-spring-wooden-cricket-stumps-full-size-38319776006324_1800x1800 (1).jpg,4,1,0
dsc-others-default-title-dsc-spring-wooden-cricket-stumps-full-size-38319776006324_1800x1800 (1).jpg,4,2,0
dsc-others-default-title-dsc-spring-wooden-cricket-stumps-full-size-38319776006324_1800x1800 (1).jpg,4,3,0
dsc-others-default-title-dsc-spring-wooden-cricket-stumps-full-size-38319776006324_1800x1800 (1).jpg,4,4,3
dsc-others-default-title-dsc-spring-wooden-cricket-stumps-full-size-38319776006324_1800x1800 (1).jpg,4,5,3
dsc-others-default-title-dsc-spring-wooden-cricket-stumps-full-size-38319776006324_1800x1800 (1).jpg,4,6,0
dsc-others-default-title-dsc-spring-wooden-cricket-stumps-full-size-38319776006324_1800x1800 (1).jpg,4,7,0
dsc-others-default-title-dsc-spring-wooden-cricket-stumps-full-size-38319776006324_1800x1800 (1).jpg,4,8,0
dsc-others-default-title-dsc-spring-wooden-cricket-stumps-full-size-38319776006324_1800x1800 (1).jpg,5,1,0
dsc-others-default-title-dsc-spring-wooden-cricket-stumps-full-size-38319776006324_1800x1800 (1).jpg,5,2,0
dsc-others-default-title-dsc-spring-wooden-cricket-stumps-full-size-38319776006324_1800x1800 (1).jpg,5,3,0
dsc-others-default-title-dsc-spring-wooden-cricket-stumps-full-size-38319776006324_1800x1800 (1).jpg,5,4,3
dsc-others-default-title-dsc-spring-wooden-cricket-stumps-full-size-38319776006324_1800x1800 (1).jpg,5,5,3
dsc-others-default-title-dsc-spring-wooden-cricket-stumps-full-size-38319776006324_1800x1800 (1).jpg,5,6,0
dsc-others-default-title-dsc-spring-wooden-cricket-stumps-full-size-38319776006324_1800x1800 (1).jpg,5,7,0
dsc-others-default-title-dsc-spring-wooden-cricket-stumps-full-size-38319776006324_1800x1800 (1).jpg,5,8,0
dsc-others-default-title-dsc-spring-wooden-cricket-stumps-full-size-38319776006324_1800x1800 (1).jpg,6,1,0
dsc-others-default-title-dsc-spring-wooden-cricket-stumps-full-size-38319776006324_1800x1800 (1).jpg,6,2,0
dsc-others-default-title-dsc-spring-wooden-cricket-stumps-full-size-38319776006324_1800x1800 (1).jpg,6,3,0
dsc-others-default-title-dsc-spring-wooden-cricket-stumps-full-size-38319776006324_1800x1800 (1).jpg,6,4,3
dsc-others-default-title-dsc-spring-wooden-cricket-stumps-full-size-38319776006324_1800x1800 (1).jpg,6,5,3
dsc-others-default-title-dsc-spring-wooden-cricket-stumps-full-size-38319776006324_1800x1800 (1).jpg,6,6,0
dsc-others-default-title-dsc-spring-wooden-cricket-stumps-full-size-38319776006324_1800x1800 (1).jpg,6,7,0
dsc-others-default-title-dsc-spring-wooden-cricket-stumps-full-size-38319776006324_1800x1800 (1).jpg,6,8,0
dsc-others-default-title-dsc-spring-wooden-cricket-stumps-full-size-38319776006324_1800x1800 (1).jpg,7,1,0
dsc-others-default-title-dsc-spring-wooden-cricket-stumps-full-size-38319776006324_1800x1800 (1).jpg,7,2,0
dsc-others-default-title-dsc-spring-wooden-cricket-stumps-full-size-38319776006324_1800x1800 (1).jpg,7,3,0
dsc-others-default-title-dsc-spring-wooden-cricket-stumps-full-size-38319776006324_1800x1800 (1).jpg,7,4,3
dsc-others-default-title-dsc-spring-wooden-cricket-stumps-full-size-38319776006324_1800x1800 (1).jpg,7,5,3
dsc-others-default-title-dsc-spring-wooden-cricket-stumps-full-size-38319776006324_1800x1800 (1).jpg,7,6,0
dsc-others-default-title-dsc-spring-wooden-cricket-stumps-full-size-38319776006324_1800x1800 (1).jpg,7,7,0
dsc-others-default-title-dsc-spring-wooden-cricket-stumps-full-size-38319776006324_1800x1800 (1).jpg,7,8,0
dsc-others-default-title-dsc-spring-wooden-cricket-stumps-full-size-38319776006324_1800x1800 (1).jpg,8,1,0
dsc-others-default-title-dsc-spring-wooden-cricket-stumps-full-size-38319776006324_1800x1800 (1).jpg,8,2,0
dsc-others-default-title-dsc-spring-wooden-cricket-stumps-full-size-38319776006324_1800x1800 (1).jpg,8,3,0
dsc-others-default-title-dsc-spring-wooden-cricket-stumps-full-size-38319776006324_1800x1800 (1).jpg,8,4,3
dsc-others-default-title-dsc-spring-wooden-cricket-stumps-full-size-38319776006324_1800x1800 (1).jpg,8,5,3
dsc-others-default-title-dsc-spring-wooden-cricket-stumps-full-size-38319776006324_1800x1800 (1).jpg,8,6,0
dsc-others-default-title-dsc-spring-wooden-cricket-stumps-full-size-38319776006324_1800x1800 (1).jpg,8,7,0
dsc-others-default-title-dsc-spring-wooden-cricket-stumps-full-size-38319776006324_1800x1800 (1).jpg,8,8,0
durable-pvc-cricket-stump-stand-size-6-802347750-00udvvgi.jpg,1,1,0
durable-pvc-cricket-stump-stand-size-6-802347750-00udvvgi.jpg,1,2,0
durable-pvc-cricket-stump-stand-size-6-802347750-00udvvgi.jpg,1,3,3
durable-pvc-cricket-stump-stand-size-6-802347750-00udvvgi.jpg,1,4,3
durable-pvc-cricket-stump-stand-size-6-802347750-00udvvgi.jpg,1,5,3
durable-pvc-cricket-stump-stand-size-6-802347750-00udvvgi.jpg,1,6,3
durable-pvc-cricket-stump-stand-size-6-802347750-00udvvgi.jpg,1,7,0
durable-pvc-cricket-stump-stand-size-6-802347750-00udvvgi.jpg,1,8,0
durable-pvc-cricket-stump-stand-size-6-802347750-00udvvgi.jpg,2,1,0
durable-pvc-cricket-stump-stand-size-6-802347750-00udvvgi.jpg,2,2,0
durable-pvc-cricket-stump-stand-size-6-802347750-00udvvgi.jpg,2,3,3
durable-pvc-cricket-stump-stand-size-6-802347750-00udvvgi.jpg,2,4,3
durable-pvc-cricket-stump-stand-size-6-802347750-00udvvgi.jpg,2,5,3
durable-pvc-cricket-stump-stand-size-6-802347750-00udvvgi.jpg,2,6,3
durable-pvc-cricket-stump-stand-size-6-802347750-00udvvgi.jpg,2,7,0
durable-pvc-cricket-stump-stand-size-6-802347750-00udvvgi.jpg,2,8,0
durable-pvc-cricket-stump-stand-size-6-802347750-00udvvgi.jpg,3,1,0
durable-pvc-cricket-stump-stand-size-6-802347750-00udvvgi.jpg,3,2,0
durable-pvc-cricket-stump-stand-size-6-802347750-00udvvgi.jpg,3,3,3
durable-pvc-cricket-stump-stand-size-6-802347750-00udvvgi.jpg,3,4,3
durable-pvc-cricket-stump-stand-size-6-802347750-00udvvgi.jpg,3,5,3
durable-pvc-cricket-stump-stand-size-6-802347750-00udvvgi.jpg,3,6,3
durable-pvc-cricket-stump-stand-size-6-802347750-00udvvgi.jpg,3,7,0
durable-pvc-cricket-stump-stand-size-6-802347750-00udvvgi.jpg,3,8,0
durable-pvc-cricket-stump-stand-size-6-802347750-00udvvgi.jpg,4,1,0
durable-pvc-cricket-stump-stand-size-6-802347750-00udvvgi.jpg,4,2,0
durable-pvc-cricket-stump-stand-size-6-802347750-00udvvgi.jpg,4,3,3
durable-pvc-cricket-stump-stand-size-6-802347750-00udvvgi.jpg,4,4,3
durable-pvc-cricket-stump-stand-size-6-802347750-00udvvgi.jpg,4,5,3
durable-pvc-cricket-stump-stand-size-6-802347750-00udvvgi.jpg,4,6,3
durable-pvc-cricket-stump-stand-size-6-802347750-00udvvgi.jpg,4,7,0
durable-pvc-cricket-stump-stand-size-6-802347750-00udvvgi.jpg,4,8,0
durable-pvc-cricket-stump-stand-size-6-802347750-00udvvgi.jpg,5,1,0
durable-pvc-cricket-stump-stand-size-6-802347750-00udvvgi.jpg,5,2,0
durable-pvc-cricket-stump-stand-size-6-802347750-00udvvgi.jpg,5,3,3
durable-pvc-cricket-stump-stand-size-6-802347750-00udvvgi.jpg,5,4,3
durable-pvc-cricket-stump-stand-size-6-802347750-00udvvgi.jpg,5,5,3
durable-pvc-cricket-stump-stand-size-6-802347750-00udvvgi.jpg,5,6,3
durable-pvc-cricket-stump-stand-size-6-802347750-00udvvgi.jpg,5,7,0
durable-pvc-cricket-stump-stand-size-6-802347750-00udvvgi.jpg,5,8,0
durable-pvc-cricket-stump-stand-size-6-802347750-00udvvgi.jpg,6,1,0
durable-pvc-cricket-stump-stand-size-6-802347750-00udvvgi.jpg,6,2,0
durable-pvc-cricket-stump-stand-size-6-802347750-00udvvgi.jpg,6,3,3
durable-pvc-cricket-stump-stand-size-6-802347750-00udvvgi.jpg,6,4,3
durable-pvc-cricket-stump-stand-size-6-802347750-00udvvgi.jpg,6,5,3
durable-pvc-cricket-stump-stand-size-6-802347750-00udvvgi.jpg,6,6,3
durable-pvc-cricket-stump-stand-size-6-802347750-00udvvgi.jpg,6,7,0
durable-pvc-cricket-stump-stand-size-6-802347750-00udvvgi.jpg,6,8,0
durable-pvc-cricket-stump-stand-size-6-802347750-00udvvgi.jpg,7,1,0
durable-pvc-cricket-stump-stand-size-6-802347750-00udvvgi.jpg,7,2,0
durable-pvc-cricket-stump-stand-size-6-802347750-00udvvgi.jpg,7,3,3
durable-pvc-cricket-stump-stand-size-6-802347750-00udvvgi.jpg,7,4,3
durable-pvc-cricket-stump-stand-size-6-802347750-00udvvgi.jpg,7,5,3
durable-pvc-cricket-stump-stand-size-6-802347750-00udvvgi.jpg,7,6,3
durable-pvc-cricket-stump-stand-size-6-802347750-00udvvgi.jpg,7,7,0
durable-pvc-cricket-stump-stand-size-6-802347750-00udvvgi.jpg,7,8,0
durable-pvc-cricket-stump-stand-size-6-802347750-00udvvgi.jpg,8,1,0
durable-pvc-cricket-stump-stand-size-6-802347750-00udvvgi.jpg,8,2,0
durable-pvc-cricket-stump-stand-size-6-802347750-00udvvgi.jpg,8,3,3
durable-pvc-cricket-stump-stand-size-6-802347750-00udvvgi.jpg,8,4,3
durable-pvc-cricket-stump-stand-size-6-802347750-00udvvgi.jpg,8,5,3
durable-pvc-cricket-stump-stand-size-6-802347750-00udvvgi.jpg,8,6,3
durable-pvc-cricket-stump-stand-size-6-802347750-00udvvgi.jpg,8,7,0
durable-pvc-cricket-stump-stand-size-6-802347750-00udvvgi.jpg,8,8,0
E80AE9F40CA8ED9192D2FD0CD7_1716625293114.jpg,1,1,0
E80AE9F40CA8ED9192D2FD0CD7_1716625293114.jpg,1,2,0
E80AE9F40CA8ED9192D2FD0CD7_1716625293114.jpg,1,3,3
E80AE9F40CA8ED9192D2FD0CD7_1716625293114.jpg,1,4,3
E80AE9F40CA8ED9192D2FD0CD7_1716625293114.jpg,1,5,3
E80AE9F40CA8ED9192D2FD0CD7_1716625293114.jpg,1,6,3
E80AE9F40CA8ED9192D2FD0CD7_1716625293114.jpg,1,7,0
E80AE9F40CA8ED9192D2FD0CD7_1716625293114.jpg,1,8,0
E80AE9F40CA8ED9192D2FD0CD7_1716625293114.jpg,2,1,0
E80AE9F40CA8ED9192D2FD0CD7_1716625293114.jpg,2,2,0
E80AE9F40CA8ED9192D2FD0CD7_1716625293114.jpg,2,3,3
E80AE9F40CA8ED9192D2FD0CD7_1716625293114.jpg,2,4,3
E80AE9F40CA8ED9192D2FD0CD7_1716625293114.jpg,2,5,3
E80AE9F40CA8ED9192D2FD0CD7_1716625293114.jpg,2,6,3
E80AE9F40CA8ED9192D2FD0CD7_1716625293114.jpg,2,7,0
E80AE9F40CA8ED9192D2FD0CD7_1716625293114.jpg,2,8,0
E80AE9F40CA8ED9192D2FD0CD7_1716625293114.jpg,3,1,0
E80AE9F40CA8ED9192D2FD0CD7_1716625293114.jpg,3,2,0
E80AE9F40CA8ED9192D2FD0CD7_1716625293114.jpg,3,3,3
E80AE9F40CA8ED9192D2FD0CD7_1716625293114.jpg,3,4,3
E80AE9F40CA8ED9192D2FD0CD7_1716625293114.jpg,3,5,3
E80AE9F40CA8ED9192D2FD0CD7_1716625293114.jpg,3,6,3
E80AE9F40CA8ED9192D2FD0CD7_1716625293114.jpg,3,7,0
E80AE9F40CA8ED9192D2FD0CD7_1716625293114.jpg,3,8,0
E80AE9F40CA8ED9192D2FD0CD7_1716625293114.jpg,4,1,0
E80AE9F40CA8ED9192D2FD0CD7_1716625293114.jpg,4,2,0
E80AE9F40CA8ED9192D2FD0CD7_1716625293114.jpg,4,3,0
E80AE9F40CA8ED9192D2FD0CD7_1716625293114.jpg,4,4,3
E80AE9F40CA8ED9192D2FD0CD7_1716625293114.jpg,4,5,0
E80AE9F40CA8ED9192D2FD0CD7_1716625293114.jpg,4,6,0
E80AE9F40CA8ED9192D2FD0CD7_1716625293114.jpg,4,7,0
E80AE9F40CA8ED9192D2FD0CD7_1716625293114.jpg,4,8,0
E80AE9F40CA8ED9192D2FD0CD7_1716625293114.jpg,5,1,0
E80AE9F40CA8ED9192D2FD0CD7_1716625293114.jpg,5,2,0
E80AE9F40CA8ED9192D2FD0CD7_1716625293114.jpg,5,3,0
E80AE9F40CA8ED9192D2FD0CD7_1716625293114.jpg,5,4,3
E80AE9F40CA8ED9192D2FD0CD7_1716625293114.jpg,5,5,3
E80AE9F40CA8ED9192D2FD0CD7_1716625293114.jpg,5,6,3
E80AE9F40CA8ED9192D2FD0CD7_1716625293114.jpg,5,7,0
E80AE9F40CA8ED9192D2FD0CD7_1716625293114.jpg,5,8,0
E80AE9F40CA8ED9192D2FD0CD7_1716625293114.jpg,6,1,0
E80AE9F40CA8ED9192D2FD0CD7_1716625293114.jpg,6,2,0
E80AE9F40CA8ED9192D2FD0CD7_1716625293114.jpg,6,3,0
E80AE9F40CA8ED9192D2FD0CD7_1716625293114.jpg,6,4,3
E80AE9F40CA8ED9192D2FD0CD7_1716625293114.jpg,6,5,3
E80AE9F40CA8ED9192D2FD0CD7_1716625293114.jpg,6,6,3
E80AE9F40CA8ED9192D2FD0CD7_1716625293114.jpg,6,7,0
E80AE9F40CA8ED9192D2FD0CD7_1716625293114.jpg,6,8,0
E80AE9F40CA8ED9192D2FD0CD7_1716625293114.jpg,7,1,0
E80AE9F40CA8ED9192D2FD0CD7_1716625293114.jpg,7,2,0
E80AE9F40CA8ED9192D2FD0CD7_1716625293114.jpg,7,3,0
E80AE9F40CA8ED9192D2FD0CD7_1716625293114.jpg,7,4,3
E80AE9F40CA8ED9192D2FD0CD7_1716625293114.jpg,7,5,3
E80AE9F40CA8ED9192D2FD0CD7_1716625293114.jpg,7,6,3
E80AE9F40CA8ED9192D2FD0CD7_1716625293114.jpg,7,7,0
E80AE9F40CA8ED9192D2FD0CD7_1716625293114.jpg,7,8,0
E80AE9F40CA8ED9192D2FD0CD7_1716625293114.jpg,8,1,0
E80AE9F40CA8ED9192D2FD0CD7_1716625293114.jpg,8,2,0
E80AE9F40CA8ED9192D2FD0CD7_1716625293114.jpg,8,3,0
E80AE9F40CA8ED9192D2FD0CD7_1716625293114.jpg,8,4,0
E80AE9F40CA8ED9192D2FD0CD7_1716625293114.jpg,8,5,0
E80AE9F40CA8ED9192D2FD0CD7_1716625293114.jpg,8,6,0
E80AE9F40CA8ED9192D2FD0CD7_1716625293114.jpg,8,7,0
E80AE9F40CA8ED9192D2FD0CD7_1716625293114.jpg,8,8,0
f284421de1e35dd6dc1ddaa3397cf219.jpg,1,1,0
f284421de1e35dd6dc1ddaa3397cf219.jpg,1,2,1
f284421de1e35dd6dc1ddaa3397cf219.jpg,1,3,1
f284421de1e35dd6dc1ddaa3397cf219.jpg,1,4,1
f284421de1e35dd6dc1ddaa3397cf219.jpg,1,5,1
f284421de1e35dd6dc1ddaa3397cf219.jpg,1,6,1
f284421de1e35dd6dc1ddaa3397cf219.jpg,1,7,1
f284421de1e35dd6dc1ddaa3397cf219.jpg,1,8,1
f284421de1e35dd6dc1ddaa3397cf219.jpg,2,1,0
f284421de1e35dd6dc1ddaa3397cf219.jpg,2,2,1
f284421de1e35dd6dc1ddaa3397cf219.jpg,2,3,1
f284421de1e35dd6dc1ddaa3397cf219.jpg,2,4,1
f284421de1e35dd6dc1ddaa3397cf219.jpg,2,5,1
f284421de1e35dd6dc1ddaa3397cf219.jpg,2,6,1
f284421de1e35dd6dc1ddaa3397cf219.jpg,2,7,1
f284421de1e35dd6dc1ddaa3397cf219.jpg,2,8,1
f284421de1e35dd6dc1ddaa3397cf219.jpg,3,1,0
f284421de1e35dd6dc1ddaa3397cf219.jpg,3,2,1
f284421de1e35dd6dc1ddaa3397cf219.jpg,3,3,1
f284421de1e35dd6dc1ddaa3397cf219.jpg,3,4,1
f284421de1e35dd6dc1ddaa3397cf219.jpg,3,5,1
f284421de1e35dd6dc1ddaa3397cf219.jpg,3,6,1
f284421de1e35dd6dc1ddaa3397cf219.jpg,3,7,1
f284421de1e35dd6dc1ddaa3397cf219.jpg,3,8,1
f284421de1e35dd6dc1ddaa3397cf219.jpg,4,1,0
f284421de1e35dd6dc1ddaa3397cf219.jpg,4,2,1
f284421de1e35dd6dc1ddaa3397cf219.jpg,4,3,1
f284421de1e35dd6dc1ddaa3397cf219.jpg,4,4,1
f284421de1e35dd6dc1ddaa3397cf219.jpg,4,5,1
f284421de1e35dd6dc1ddaa3397cf219.jpg,4,6,1
f284421de1e35dd6dc1ddaa3397cf219.jpg,4,7,1
f284421de1e35dd6dc1ddaa3397cf219.jpg,4,8,1
f284421de1e35dd6dc1ddaa3397cf219.jpg,5,1,0
f284421de1e35dd6dc1ddaa3397cf219.jpg,5,2,1
f284421de1e35dd6dc1ddaa3397cf219.jpg,5,3,1
f284421de1e35dd6dc1ddaa3397cf219.jpg,5,4,1
f284421de1e35dd6dc1ddaa3397cf219.jpg,5,5,1
f284421de1e35dd6dc1ddaa3397cf219.jpg,5,6,1
f284421de1e35dd6dc1ddaa3397cf219.jpg,5,7,1
f284421de1e35dd6dc1ddaa3397cf219.jpg,5,8,1
f284421de1e35dd6dc1ddaa3397cf219.jpg,6,1,0
f284421de1e35dd6dc1ddaa3397cf219.jpg,6,2,0
f284421de1e35dd6dc1ddaa3397cf219.jpg,6,3,1
f284421de1e35dd6dc1ddaa3397cf219.jpg,6,4,1
f284421de1e35dd6dc1ddaa3397cf219.jpg,6,5,1
f284421de1e35dd6dc1ddaa3397cf219.jpg,6,6,1
f284421de1e35dd6dc1ddaa3397cf219.jpg,6,7,1
f284421de1e35dd6dc1ddaa3397cf219.jpg,6,8,1
f284421de1e35dd6dc1ddaa3397cf219.jpg,7,1,0
f284421de1e35dd6dc1ddaa3397cf219.jpg,7,2,0
f284421de1e35dd6dc1ddaa3397cf219.jpg,7,3,1
f284421de1e35dd6dc1ddaa3397cf219.jpg,7,4,1
f284421de1e35dd6dc1ddaa3397cf219.jpg,7,5,1
f284421de1e35dd6dc1ddaa3397cf219.jpg,7,6,0
f284421de1e35dd6dc1ddaa3397cf219.jpg,7,7,0
f284421de1e35dd6dc1ddaa3397cf219.jpg,7,8,0
f284421de1e35dd6dc1ddaa3397cf219.jpg,8,1,0
f284421de1e35dd6dc1ddaa3397cf219.jpg,8,2,0
f284421de1e35dd6dc1ddaa3397cf219.jpg,8,3,0
f284421de1e35dd6dc1ddaa3397cf219.jpg,8,4,0
f284421de1e35dd6dc1ddaa3397cf219.jpg,8,5,0
f284421de1e35dd6dc1ddaa3397cf219.jpg,8,6,0
f284421de1e35dd6dc1ddaa3397cf219.jpg,8,7,0
f284421de1e35dd6dc1ddaa3397cf219.jpg,8,8,0
grade-red_2 (1).jpg,1,1,0
grade-red_2 (1).jpg,1,2,0
grade-red_2 (1).jpg,1,3,1
grade-red_2 (1).jpg,1,4,1
grade-red_2 (1).jpg,1,5,1
grade-red_2 (1).jpg,1,6,1
grade-red_2 (1).jpg,1,7,0
grade-red_2 (1).jpg,1,8,0
grade-red_2 (1).jpg,2,1,0
grade-red_2 (1).jpg,2,2,1
grade-red_2 (1).jpg,2,3,1
grade-red_2 (1).jpg,2,4,1
grade-red_2 (1).jpg,2,5,1
grade-red_2 (1).jpg,2,6,1
grade-red_2 (1).jpg,2,7,1
grade-red_2 (1).jpg,2,8,0
grade-red_2 (1).jpg,3,1,0
grade-red_2 (1).jpg,3,2,1
grade-red_2 (1).jpg,3,3,1
grade-red_2 (1).jpg,3,4,1
grade-red_2 (1).jpg,3,5,1
grade-red_2 (1).jpg,3,6,1
grade-red_2 (1).jpg,3,7,1
grade-red_2 (1).jpg,3,8,0
grade-red_2 (1).jpg,4,1,0
grade-red_2 (1).jpg,4,2,1
grade-red_2 (1).jpg,4,3,1
grade-red_2 (1).jpg,4,4,1
grade-red_2 (1).jpg,4,5,1
grade-red_2 (1).jpg,4,6,1
grade-red_2 (1).jpg,4,7,1
grade-red_2 (1).jpg,4,8,0
grade-red_2 (1).jpg,5,1,0
grade-red_2 (1).jpg,5,2,1
grade-red_2 (1).jpg,5,3,1
grade-red_2 (1).jpg,5,4,1
grade-red_2 (1).jpg,5,5,1
grade-red_2 (1).jpg,5,6,1
grade-red_2 (1).jpg,5,7,1
grade-red_2 (1).jpg,5,8,0
grade-red_2 (1).jpg,6,1,0
grade-red_2 (1).jpg,6,2,1
grade-red_2 (1).jpg,6,3,1
grade-red_2 (1).jpg,6,4,1
grade-red_2 (1).jpg,6,5,1
grade-red_2 (1).jpg,6,6,1
grade-red_2 (1).jpg,6,7,1
grade-red_2 (1).jpg,6,8,0
grade-red_2 (1).jpg,7,1,0
grade-red_2 (1).jpg,7,2,1
grade-red_2 (1).jpg,7,3,1
grade-red_2 (1).jpg,7,4,1
grade-red_2 (1).jpg,7,5,1
grade-red_2 (1).jpg,7,6,1
grade-red_2 (1).jpg,7,7,1
grade-red_2 (1).jpg,7,8,0
grade-red_2 (1).jpg,8,1,0
grade-red_2 (1).jpg,8,2,0
grade-red_2 (1).jpg,8,3,1
grade-red_2 (1).jpg,8,4,1
grade-red_2 (1).jpg,8,5,1
grade-red_2 (1).jpg,8,6,1
grade-red_2 (1).jpg,8,7,0
grade-red_2 (1).jpg,8,8,0
HD-wallpaper-cricket-bat-with-a-ball-on-the-grass-cricket-bat.jpg,1,1,1
HD-wallpaper-cricket-bat-with-a-ball-on-the-grass-cricket-bat.jpg,1,2,1
HD-wallpaper-cricket-bat-with-a-ball-on-the-grass-cricket-bat.jpg,1,3,1
HD-wallpaper-cricket-bat-with-a-ball-on-the-grass-cricket-bat.jpg,1,4,1
HD-wallpaper-cricket-bat-with-a-ball-on-the-grass-cricket-bat.jpg,1,5,1
HD-wallpaper-cricket-bat-with-a-ball-on-the-grass-cricket-bat.jpg,1,6,1
HD-wallpaper-cricket-bat-with-a-ball-on-the-grass-cricket-bat.jpg,1,7,1
HD-wallpaper-cricket-bat-with-a-ball-on-the-grass-cricket-bat.jpg,1,8,1
HD-wallpaper-cricket-bat-with-a-ball-on-the-grass-cricket-bat.jpg,2,1,1
HD-wallpaper-cricket-bat-with-a-ball-on-the-grass-cricket-bat.jpg,2,2,1
HD-wallpaper-cricket-bat-with-a-ball-on-the-grass-cricket-bat.jpg,2,3,1
HD-wallpaper-cricket-bat-with-a-ball-on-the-grass-cricket-bat.jpg,2,4,1
HD-wallpaper-cricket-bat-with-a-ball-on-the-grass-cricket-bat.jpg,2,5,1
HD-wallpaper-cricket-bat-with-a-ball-on-the-grass-cricket-bat.jpg,2,6,1
HD-wallpaper-cricket-bat-with-a-ball-on-the-grass-cricket-bat.jpg,2,7,1
HD-wallpaper-cricket-bat-with-a-ball-on-the-grass-cricket-bat.jpg,2,8,1
HD-wallpaper-cricket-bat-with-a-ball-on-the-grass-cricket-bat.jpg,3,1,1
HD-wallpaper-cricket-bat-with-a-ball-on-the-grass-cricket-bat.jpg,3,2,1
HD-wallpaper-cricket-bat-with-a-ball-on-the-grass-cricket-bat.jpg,3,3,1
HD-wallpaper-cricket-bat-with-a-ball-on-the-grass-cricket-bat.jpg,3,4,1
HD-wallpaper-cricket-bat-with-a-ball-on-the-grass-cricket-bat.jpg,3,5,1
HD-wallpaper-cricket-bat-with-a-ball-on-the-grass-cricket-bat.jpg,3,6,1
HD-wallpaper-cricket-bat-with-a-ball-on-the-grass-cricket-bat.jpg,3,7,1
HD-wallpaper-cricket-bat-with-a-ball-on-the-grass-cricket-bat.jpg,3,8,1
HD-wallpaper-cricket-bat-with-a-ball-on-the-grass-cricket-bat.jpg,4,1,1
HD-wallpaper-cricket-bat-with-a-ball-on-the-grass-cricket-bat.jpg,4,2,1
HD-wallpaper-cricket-bat-with-a-ball-on-the-grass-cricket-bat.jpg,4,3,1
HD-wallpaper-cricket-bat-with-a-ball-on-the-grass-cricket-bat.jpg,4,4,1
HD-wallpaper-cricket-bat-with-a-ball-on-the-grass-cricket-bat.jpg,4,5,1
HD-wallpaper-cricket-bat-with-a-ball-on-the-grass-cricket-bat.jpg,4,6,1
HD-wallpaper-cricket-bat-with-a-ball-on-the-grass-cricket-bat.jpg,4,7,1
HD-wallpaper-cricket-bat-with-a-ball-on-the-grass-cricket-bat.jpg,4,8,1
HD-wallpaper-cricket-bat-with-a-ball-on-the-grass-cricket-bat.jpg,5,1,1
HD-wallpaper-cricket-bat-with-a-ball-on-the-grass-cricket-bat.jpg,5,2,1
HD-wallpaper-cricket-bat-with-a-ball-on-the-grass-cricket-bat.jpg,5,3,1
HD-wallpaper-cricket-bat-with-a-ball-on-the-grass-cricket-bat.jpg,5,4,1
HD-wallpaper-cricket-bat-with-a-ball-on-the-grass-cricket-bat.jpg,5,5,1
HD-wallpaper-cricket-bat-with-a-ball-on-the-grass-cricket-bat.jpg,5,6,1
HD-wallpaper-cricket-bat-with-a-ball-on-the-grass-cricket-bat.jpg,5,7,1
HD-wallpaper-cricket-bat-with-a-ball-on-the-grass-cricket-bat.jpg,5,8,1
HD-wallpaper-cricket-bat-with-a-ball-on-the-grass-cricket-bat.jpg,6,1,1
HD-wallpaper-cricket-bat-with-a-ball-on-the-grass-cricket-bat.jpg,6,2,1
HD-wallpaper-cricket-bat-with-a-ball-on-the-grass-cricket-bat.jpg,6,3,1
HD-wallpaper-cricket-bat-with-a-ball-on-the-grass-cricket-bat.jpg,6,4,1
HD-wallpaper-cricket-bat-with-a-ball-on-the-grass-cricket-bat.jpg,6,5,1
HD-wallpaper-cricket-bat-with-a-ball-on-the-grass-cricket-bat.jpg,6,6,1
HD-wallpaper-cricket-bat-with-a-ball-on-the-grass-cricket-bat.jpg,6,7,1
HD-wallpaper-cricket-bat-with-a-ball-on-the-grass-cricket-bat.jpg,6,8,1
HD-wallpaper-cricket-bat-with-a-ball-on-the-grass-cricket-bat.jpg,7,1,1
HD-wallpaper-cricket-bat-with-a-ball-on-the-grass-cricket-bat.jpg,7,2,1
HD-wallpaper-cricket-bat-with-a-ball-on-the-grass-cricket-bat.jpg,7,3,1
HD-wallpaper-cricket-bat-with-a-ball-on-the-grass-cricket-bat.jpg,7,4,1
HD-wallpaper-cricket-bat-with-a-ball-on-the-grass-cricket-bat.jpg,7,5,1
HD-wallpaper-cricket-bat-with-a-ball-on-the-grass-cricket-bat.jpg,7,6,1
HD-wallpaper-cricket-bat-with-a-ball-on-the-grass-cricket-bat.jpg,7,7,1
HD-wallpaper-cricket-bat-with-a-ball-on-the-grass-cricket-bat.jpg,7,8,1
HD-wallpaper-cricket-bat-with-a-ball-on-the-grass-cricket-bat.jpg,8,1,1
HD-wallpaper-cricket-bat-with-a-ball-on-the-grass-cricket-bat.jpg,8,2,1
HD-wallpaper-cricket-bat-with-a-ball-on-the-grass-cricket-bat.jpg,8,3,1
HD-wallpaper-cricket-bat-with-a-ball-on-the-grass-cricket-bat.jpg,8,4,1
HD-wallpaper-cricket-bat-with-a-ball-on-the-grass-cricket-bat.jpg,8,5,1
HD-wallpaper-cricket-bat-with-a-ball-on-the-grass-cricket-bat.jpg,8,6,1
HD-wallpaper-cricket-bat-with-a-ball-on-the-grass-cricket-bat.jpg,8,7,1
HD-wallpaper-cricket-bat-with-a-ball-on-the-grass-cricket-bat.jpg,8,8,1
HD-wallpaper-cricket-ka-ball-on-the-bat-cricket-ka-bat-ball-ground.jpg,1,1,0
HD-wallpaper-cricket-ka-ball-on-the-bat-cricket-ka-bat-ball-ground.jpg,1,2,0
HD-wallpaper-cricket-ka-ball-on-the-bat-cricket-ka-bat-ball-ground.jpg,1,3,0
HD-wallpaper-cricket-ka-ball-on-the-bat-cricket-ka-bat-ball-ground.jpg,1,4,0
HD-wallpaper-cricket-ka-ball-on-the-bat-cricket-ka-bat-ball-ground.jpg,1,5,0
HD-wallpaper-cricket-ka-ball-on-the-bat-cricket-ka-bat-ball-ground.jpg,1,6,0
HD-wallpaper-cricket-ka-ball-on-the-bat-cricket-ka-bat-ball-ground.jpg,1,7,0
HD-wallpaper-cricket-ka-ball-on-the-bat-cricket-ka-bat-ball-ground.jpg,1,8,0
HD-wallpaper-cricket-ka-ball-on-the-bat-cricket-ka-bat-ball-ground.jpg,2,1,0
HD-wallpaper-cricket-ka-ball-on-the-bat-cricket-ka-bat-ball-ground.jpg,2,2,0
HD-wallpaper-cricket-ka-ball-on-the-bat-cricket-ka-bat-ball-ground.jpg,2,3,0
HD-wallpaper-cricket-ka-ball-on-the-bat-cricket-ka-bat-ball-ground.jpg,2,4,1
HD-wallpaper-cricket-ka-ball-on-the-bat-cricket-ka-bat-ball-ground.jpg,2,5,1
HD-wallpaper-cricket-ka-ball-on-the-bat-cricket-ka-bat-ball-ground.jpg,2,6,0
HD-wallpaper-cricket-ka-ball-on-the-bat-cricket-ka-bat-ball-ground.jpg,2,7,0
HD-wallpaper-cricket-ka-ball-on-the-bat-cricket-ka-bat-ball-ground.jpg,2,8,0
HD-wallpaper-cricket-ka-ball-on-the-bat-cricket-ka-bat-ball-ground.jpg,3,1,0
HD-wallpaper-cricket-ka-ball-on-the-bat-cricket-ka-bat-ball-ground.jpg,3,2,0
HD-wallpaper-cricket-ka-ball-on-the-bat-cricket-ka-bat-ball-ground.jpg,3,3,1
HD-wallpaper-cricket-ka-ball-on-the-bat-cricket-ka-bat-ball-ground.jpg,3,4,1
HD-wallpaper-cricket-ka-ball-on-the-bat-cricket-ka-bat-ball-ground.jpg,3,5,1
HD-wallpaper-cricket-ka-ball-on-the-bat-cricket-ka-bat-ball-ground.jpg,3,6,1
HD-wallpaper-cricket-ka-ball-on-the-bat-cricket-ka-bat-ball-ground.jpg,3,7,0
HD-wallpaper-cricket-ka-ball-on-the-bat-cricket-ka-bat-ball-ground.jpg,3,8,0
HD-wallpaper-cricket-ka-ball-on-the-bat-cricket-ka-bat-ball-ground.jpg,4,1,0
HD-wallpaper-cricket-ka-ball-on-the-bat-cricket-ka-bat-ball-ground.jpg,4,2,0
HD-wallpaper-cricket-ka-ball-on-the-bat-cricket-ka-bat-ball-ground.jpg,4,3,1
HD-wallpaper-cricket-ka-ball-on-the-bat-cricket-ka-bat-ball-ground.jpg,4,4,1
HD-wallpaper-cricket-ka-ball-on-the-bat-cricket-ka-bat-ball-ground.jpg,4,5,1
HD-wallpaper-cricket-ka-ball-on-the-bat-cricket-ka-bat-ball-ground.jpg,4,6,1
HD-wallpaper-cricket-ka-ball-on-the-bat-cricket-ka-bat-ball-ground.jpg,4,7,0
HD-wallpaper-cricket-ka-ball-on-the-bat-cricket-ka-bat-ball-ground.jpg,4,8,0
HD-wallpaper-cricket-ka-ball-on-the-bat-cricket-ka-bat-ball-ground.jpg,5,1,0
HD-wallpaper-cricket-ka-ball-on-the-bat-cricket-ka-bat-ball-ground.jpg,5,2,0
HD-wallpaper-cricket-ka-ball-on-the-bat-cricket-ka-bat-ball-ground.jpg,5,3,1
HD-wallpaper-cricket-ka-ball-on-the-bat-cricket-ka-bat-ball-ground.jpg,5,4,1
HD-wallpaper-cricket-ka-ball-on-the-bat-cricket-ka-bat-ball-ground.jpg,5,5,1
HD-wallpaper-cricket-ka-ball-on-the-bat-cricket-ka-bat-ball-ground.jpg,5,6,1
HD-wallpaper-cricket-ka-ball-on-the-bat-cricket-ka-bat-ball-ground.jpg,5,7,0
HD-wallpaper-cricket-ka-ball-on-the-bat-cricket-ka-bat-ball-ground.jpg,5,8,0
HD-wallpaper-cricket-ka-ball-on-the-bat-cricket-ka-bat-ball-ground.jpg,6,1,2
HD-wallpaper-cricket-ka-ball-on-the-bat-cricket-ka-bat-ball-ground.jpg,6,2,2
HD-wallpaper-cricket-ka-ball-on-the-bat-cricket-ka-bat-ball-ground.jpg,6,3,1
HD-wallpaper-cricket-ka-ball-on-the-bat-cricket-ka-bat-ball-ground.jpg,6,4,1
HD-wallpaper-cricket-ka-ball-on-the-bat-cricket-ka-bat-ball-ground.jpg,6,5,1
HD-wallpaper-cricket-ka-ball-on-the-bat-cricket-ka-bat-ball-ground.jpg,6,6,1
HD-wallpaper-cricket-ka-ball-on-the-bat-cricket-ka-bat-ball-ground.jpg,6,7,2
HD-wallpaper-cricket-ka-ball-on-the-bat-cricket-ka-bat-ball-ground.jpg,6,8,2
HD-wallpaper-cricket-ka-ball-on-the-bat-cricket-ka-bat-ball-ground.jpg,7,1,2
HD-wallpaper-cricket-ka-ball-on-the-bat-cricket-ka-bat-ball-ground.jpg,7,2,2
HD-wallpaper-cricket-ka-ball-on-the-bat-cricket-ka-bat-ball-ground.jpg,7,3,2
HD-wallpaper-cricket-ka-ball-on-the-bat-cricket-ka-bat-ball-ground.jpg,7,4,1
HD-wallpaper-cricket-ka-ball-on-the-bat-cricket-ka-bat-ball-ground.jpg,7,5,1
HD-wallpaper-cricket-ka-ball-on-the-bat-cricket-ka-bat-ball-ground.jpg,7,6,1
HD-wallpaper-cricket-ka-ball-on-the-bat-cricket-ka-bat-ball-ground.jpg,7,7,2
HD-wallpaper-cricket-ka-ball-on-the-bat-cricket-ka-bat-ball-ground.jpg,7,8,2
HD-wallpaper-cricket-ka-ball-on-the-bat-cricket-ka-bat-ball-ground.jpg,8,1,2
HD-wallpaper-cricket-ka-ball-on-the-bat-cricket-ka-bat-ball-ground.jpg,8,2,2
HD-wallpaper-cricket-ka-ball-on-the-bat-cricket-ka-bat-ball-ground.jpg,8,3,2
HD-wallpaper-cricket-ka-ball-on-the-bat-cricket-ka-bat-ball-ground.jpg,8,4,2
HD-wallpaper-cricket-ka-ball-on-the-bat-cricket-ka-bat-ball-ground.jpg,8,5,2
HD-wallpaper-cricket-ka-ball-on-the-bat-cricket-ka-bat-ball-ground.jpg,8,6,2
HD-wallpaper-cricket-ka-ball-on-the-bat-cricket-ka-bat-ball-ground.jpg,8,7,2
HD-wallpaper-cricket-ka-ball-on-the-bat-cricket-ka-bat-ball-ground.jpg,8,8,2
il_570xN.4270203230_ghiy.jpg,1,1,0
il_570xN.4270203230_ghiy.jpg,1,2,0
il_570xN.4270203230_ghiy.jpg,1,3,1
il_570xN.4270203230_ghiy.jpg,1,4,1
il_570xN.4270203230_ghiy.jpg,1,5,1
il_570xN.4270203230_ghiy.jpg,1,6,1
il_570xN.4270203230_ghiy.jpg,1,7,0
il_570xN.4270203230_ghiy.jpg,1,8,0
il_570xN.4270203230_ghiy.jpg,2,1,0
il_570xN.4270203230_ghiy.jpg,2,2,1
il_570xN.4270203230_ghiy.jpg,2,3,1
il_570xN.4270203230_ghiy.jpg,2,4,1
il_570xN.4270203230_ghiy.jpg,2,5,1
il_570xN.4270203230_ghiy.jpg,2,6,1
il_570xN.4270203230_ghiy.jpg,2,7,1
il_570xN.4270203230_ghiy.jpg,2,8,0
il_570xN.4270203230_ghiy.jpg,3,1,0
il_570xN.4270203230_ghiy.jpg,3,2,1
il_570xN.4270203230_ghiy.jpg,3,3,1
il_570xN.4270203230_ghiy.jpg,3,4,1
il_570xN.4270203230_ghiy.jpg,3,5,1
il_570xN.4270203230_ghiy.jpg,3,6,1
il_570xN.4270203230_ghiy.jpg,3,7,1
il_570xN.4270203230_ghiy.jpg,3,8,0
il_570xN.4270203230_ghiy.jpg,4,1,0
il_570xN.4270203230_ghiy.jpg,4,2,1
il_570xN.4270203230_ghiy.jpg,4,3,1
il_570xN.4270203230_ghiy.jpg,4,4,1
il_570xN.4270203230_ghiy.jpg,4,5,1
il_570xN.4270203230_ghiy.jpg,4,6,1
il_570xN.4270203230_ghiy.jpg,4,7,1
il_570xN.4270203230_ghiy.jpg,4,8,0
il_570xN.4270203230_ghiy.jpg,5,1,0
il_570xN.4270203230_ghiy.jpg,5,2,1
il_570xN.4270203230_ghiy.jpg,5,3,1
il_570xN.4270203230_ghiy.jpg,5,4,1
il_570xN.4270203230_ghiy.jpg,5,5,1
il_570xN.4270203230_ghiy.jpg,5,6,1
il_570xN.4270203230_ghiy.jpg,5,7,1
il_570xN.4270203230_ghiy.jpg,5,8,0
il_570xN.4270203230_ghiy.jpg,6,1,0
il_570xN.4270203230_ghiy.jpg,6,2,1
il_570xN.4270203230_ghiy.jpg,6,3,1
il_570xN.4270203230_ghiy.jpg,6,4,1
il_570xN.4270203230_ghiy.jpg,6,5,1
il_570xN.4270203230_ghiy.jpg,6,6,1
il_570xN.4270203230_ghiy.jpg,6,7,1
il_570xN.4270203230_ghiy.jpg,6,8,0
il_570xN.4270203230_ghiy.jpg,7,1,0
il_570xN.4270203230_ghiy.jpg,7,2,1
il_570xN.4270203230_ghiy.jpg,7,3,1
il_570xN.4270203230_ghiy.jpg,7,4,1
il_570xN.4270203230_ghiy.jpg,7,5,1
il_570xN.4270203230_ghiy.jpg,7,6,1
il_570xN.4270203230_ghiy.jpg,7,7,1
il_570xN.4270203230_ghiy.jpg,7,8,0
il_570xN.4270203230_ghiy.jpg,8,1,0
il_570xN.4270203230_ghiy.jpg,8,2,0
il_570xN.4270203230_ghiy.jpg,8,3,1
il_570xN.4270203230_ghiy.jpg,8,4,1
il_570xN.4270203230_ghiy.jpg,8,5,1
il_570xN.4270203230_ghiy.jpg,8,6,1
il_570xN.4270203230_ghiy.jpg,8,7,0
il_570xN.4270203230_ghiy.jpg,8,8,0
images - 2025-11-15T221726.015.jpg,1,1,1
images - 2025-11-15T221726.015.jpg,1,2,1
images - 2025-11-15T221726.015.jpg,1,3,1
images - 2025-11-15T221726.015.jpg,1,4,1
images - 2025-11-15T221726.015.jpg,1,5,1
images - 2025-11-15T221726.015.jpg,1,6,1
images - 2025-11-15T221726.015.jpg,1,7,1
images - 2025-11-15T221726.015.jpg,1,8,0
images - 2025-11-15T221726.015.jpg,2,1,1
images - 2025-11-15T221726.015.jpg,2,2,1
images - 2025-11-15T221726.015.jpg,2,3,1
images - 2025-11-15T221726.015.jpg,2,4,1
images - 2025-11-15T221726.015.jpg,2,5,1
images - 2025-11-15T221726.015.jpg,2,6,1
images - 2025-11-15T221726.015.jpg,2,7,1
images - 2025-11-15T221726.015.jpg,2,8,1
images - 2025-11-15T221726.015.jpg,3,1,1
images - 2025-11-15T221726.015.jpg,3,2,1
images - 2025-11-15T221726.015.jpg,3,3,1
images - 2025-11-15T221726.015.jpg,3,4,1
images - 2025-11-15T221726.015.jpg,3,5,1
images - 2025-11-15T221726.015.jpg,3,6,1
images - 2025-11-15T221726.015.jpg,3,7,1
images - 2025-11-15T221726.015.jpg,3,8,1
images - 2025-11-15T221726.015.jpg,4,1,1
images - 2025-11-15T221726.015.jpg,4,2,1
images - 2025-11-15T221726.015.jpg,4,3,1
images - 2025-11-15T221726.015.jpg,4,4,1
images - 2025-11-15T221726.015.jpg,4,5,1
images - 2025-11-15T221726.015.jpg,4,6,1
images - 2025-11-15T221726.015.jpg,4,7,1
images - 2025-11-15T221726.015.jpg,4,8,1
images - 2025-11-15T221726.015.jpg,5,1,1
images - 2025-11-15T221726.015.jpg,5,2,1
images - 2025-11-15T221726.015.jpg,5,3,1
images - 2025-11-15T221726.015.jpg,5,4,1
images - 2025-11-15T221726.015.jpg,5,5,1
images - 2025-11-15T221726.015.jpg,5,6,1
images - 2025-11-15T221726.015.jpg,5,7,1
images - 2025-11-15T221726.015.jpg,5,8,1
images - 2025-11-15T221726.015.jpg,6,1,1
images - 2025-11-15T221726.015.jpg,6,2,1
images - 2025-11-15T221726.015.jpg,6,3,1
images - 2025-11-15T221726.015.jpg,6,4,1
images - 2025-11-15T221726.015.jpg,6,5,1
images - 2025-11-15T221726.015.jpg,6,6,1
images - 2025-11-15T221726.015.jpg,6,7,1
images - 2025-11-15T221726.015.jpg,6,8,1
images - 2025-11-15T221726.015.jpg,7,1,1
images - 2025-11-15T221726.015.jpg,7,2,1
images - 2025-11-15T221726.015.jpg,7,3,1
images - 2025-11-15T221726.015.jpg,7,4,1
images - 2025-11-15T221726.015.jpg,7,5,1
images - 2025-11-15T221726.015.jpg,7,6,1
images - 2025-11-15T221726.015.jpg,7,7,1
images - 2025-11-15T221726.015.jpg,7,8,1
images - 2025-11-15T221726.015.jpg,8,1,0
images - 2025-11-15T221726.015.jpg,8,2,1
images - 2025-11-15T221726.015.jpg,8,3,1
images - 2025-11-15T221726.015.jpg,8,4,1
images - 2025-11-15T221726.015.jpg,8,5,1
images - 2025-11-15T221726.015.jpg,8,6,1
images - 2025-11-15T221726.015.jpg,8,7,1
images - 2025-11-15T221726.015.jpg,8,8,0
images - 2025-11-15T221726.045.jpg,1,1,0
images - 2025-11-15T221726.045.jpg,1,2,0
images - 2025-11-15T221726.045.jpg,1,3,1
images - 2025-11-15T221726.045.jpg,1,4,1
images - 2025-11-15T221726.045.jpg,1,5,1
images - 2025-11-15T221726.045.jpg,1,6,0
images - 2025-11-15T221726.045.jpg,1,7,0
images - 2025-11-15T221726.045.jpg,1,8,0
images - 2025-11-15T221726.045.jpg,2,1,0
images - 2025-11-15T221726.045.jpg,2,2,0
images - 2025-11-15T221726.045.jpg,2,3,1
images - 2025-11-15T221726.045.jpg,2,4,1
images - 2025-11-15T221726.045.jpg,2,5,1
images - 2025-11-15T221726.045.jpg,2,6,0
images - 2025-11-15T221726.045.jpg,2,7,0
images - 2025-11-15T221726.045.jpg,2,8,0
images - 2025-11-15T221726.045.jpg,3,1,0
images - 2025-11-15T221726.045.jpg,3,2,0
images - 2025-11-15T221726.045.jpg,3,3,1
images - 2025-11-15T221726.045.jpg,3,4,1
images - 2025-11-15T221726.045.jpg,3,5,1
images - 2025-11-15T221726.045.jpg,3,6,0
images - 2025-11-15T221726.045.jpg,3,7,0
images - 2025-11-15T221726.045.jpg,3,8,0
images - 2025-11-15T221726.045.jpg,4,1,0
images - 2025-11-15T221726.045.jpg,4,2,0
images - 2025-11-15T221726.045.jpg,4,3,1
images - 2025-11-15T221726.045.jpg,4,4,1
images - 2025-11-15T221726.045.jpg,4,5,1
images - 2025-11-15T221726.045.jpg,4,6,0
images - 2025-11-15T221726.045.jpg,4,7,0
images - 2025-11-15T221726.045.jpg,4,8,0
images - 2025-11-15T221726.045.jpg,5,1,0
images - 2025-11-15T221726.045.jpg,5,2,0
images - 2025-11-15T221726.045.jpg,5,3,0
images - 2025-11-15T221726.045.jpg,5,4,0
images - 2025-11-15T221726.045.jpg,5,5,0
images - 2025-11-15T221726.045.jpg,5,6,0
images - 2025-11-15T221726.045.jpg,5,7,0
images - 2025-11-15T221726.045.jpg,5,8,0
images - 2025-11-15T221726.045.jpg,6,1,0
images - 2025-11-15T221726.045.jpg,6,2,0
images - 2025-11-15T221726.045.jpg,6,3,0
images - 2025-11-15T221726.045.jpg,6,4,0
images - 2025-11-15T221726.045.jpg,6,5,0
images - 2025-11-15T221726.045.jpg,6,6,0
images - 2025-11-15T221726.045.jpg,6,7,0
images - 2025-11-15T221726.045.jpg,6,8,0
images - 2025-11-15T221726.045.jpg,7,1,0
images - 2025-11-15T221726.045.jpg,7,2,0
images - 2025-11-15T221726.045.jpg,7,3,0
images - 2025-11-15T221726.045.jpg,7,4,0
images - 2025-11-15T221726.045.jpg,7,5,0
images - 2025-11-15T221726.045.jpg,7,6,0
images - 2025-11-15T221726.045.jpg,7,7,0
images - 2025-11-15T221726.045.jpg,7,8,0
images - 2025-11-15T221726.045.jpg,8,1,0
images - 2025-11-15T221726.045.jpg,8,2,0
images - 2025-11-15T221726.045.jpg,8,3,0
images - 2025-11-15T221726.045.jpg,8,4,0
images - 2025-11-15T221726.045.jpg,8,5,0
images - 2025-11-15T221726.045.jpg,8,6,0
images - 2025-11-15T221726.045.jpg,8,7,0
images - 2025-11-15T221726.045.jpg,8,8,0
images - 2025-11-15T221726.071.jpg,1,1,0
images - 2025-11-15T221726.071.jpg,1,2,1
images - 2025-11-15T221726.071.jpg,1,3,1
images - 2025-11-15T221726.071.jpg,1,4,1
images - 2025-11-15T221726.071.jpg,1,5,1
images - 2025-11-15T221726.071.jpg,1,6,1
images - 2025-11-15T221726.071.jpg,1,7,1
images - 2025-11-15T221726.071.jpg,1,8,0
images - 2025-11-15T221726.071.jpg,2,1,0
images - 2025-11-15T221726.071.jpg,2,2,1
images - 2025-11-15T221726.071.jpg,2,3,1
images - 2025-11-15T221726.071.jpg,2,4,1
images - 2025-11-15T221726.071.jpg,2,5,1
images - 2025-11-15T221726.071.jpg,2,6,1
images - 2025-11-15T221726.071.jpg,2,7,1
images - 2025-11-15T221726.071.jpg,2,8,0
images - 2025-11-15T221726.071.jpg,3,1,1
images - 2025-11-15T221726.071.jpg,3,2,1
images - 2025-11-15T221726.071.jpg,3,3,1
images - 2025-11-15T221726.071.jpg,3,4,1
images - 2025-11-15T221726.071.jpg,3,5,1
images - 2025-11-15T221726.071.jpg,3,6,1
images - 2025-11-15T221726.071.jpg,3,7,1
images - 2025-11-15T221726.071.jpg,3,8,1
images - 2025-11-15T221726.071.jpg,4,1,1
images - 2025-11-15T221726.071.jpg,4,2,1
images - 2025-11-15T221726.071.jpg,4,3,1
images - 2025-11-15T221726.071.jpg,4,4,1
images - 2025-11-15T221726.071.jpg,4,5,1
images - 2025-11-15T221726.071.jpg,4,6,1
images - 2025-11-15T221726.071.jpg,4,7,1
images - 2025-11-15T221726.071.jpg,4,8,1
images - 2025-11-15T221726.071.jpg,5,1,1
images - 2025-11-15T221726.071.jpg,5,2,1
images - 2025-11-15T221726.071.jpg,5,3,1
images - 2025-11-15T221726.071.jpg,5,4,1
images - 2025-11-15T221726.071.jpg,5,5,1
images - 2025-11-15T221726.071.jpg,5,6,1
images - 2025-11-15T221726.071.jpg,5,7,1
images - 2025-11-15T221726.071.jpg,5,8,1
images - 2025-11-15T221726.071.jpg,6,1,1
images - 2025-11-15T221726.071.jpg,6,2,1
images - 2025-11-15T221726.071.jpg,6,3,1
images - 2025-11-15T221726.071.jpg,6,4,1
images - 2025-11-15T221726.071.jpg,6,5,1
images - 2025-11-15T221726.071.jpg,6,6,1
images - 2025-11-15T221726.071.jpg,6,7,1
images - 2025-11-15T221726.071.jpg,6,8,1
images - 2025-11-15T221726.071.jpg,7,1,1
images - 2025-11-15T221726.071.jpg,7,2,1
images - 2025-11-15T221726.071.jpg,7,3,1
images - 2025-11-15T221726.071.jpg,7,4,1
images - 2025-11-15T221726.071.jpg,7,5,1
images - 2025-11-15T221726.071.jpg,7,6,1
images - 2025-11-15T221726.071.jpg,7,7,1
images - 2025-11-15T221726.071.jpg,7,8,0
images - 2025-11-15T221726.071.jpg,8,1,0
images - 2025-11-15T221726.071.jpg,8,2,1
images - 2025-11-15T221726.071.jpg,8,3,1
images - 2025-11-15T221726.071.jpg,8,4,1
images - 2025-11-15T221726.071.jpg,8,5,1
images - 2025-11-15T221726.071.jpg,8,6,1
images - 2025-11-15T221726.071.jpg,8,7,1
images - 2025-11-15T221726.071.jpg,8,8,0
images - 2025-11-15T221726.130.jpg,1,1,0
images - 2025-11-15T221726.130.jpg,1,2,0
images - 2025-11-15T221726.130.jpg,1,3,0
images - 2025-11-15T221726.130.jpg,1,4,0
images - 2025-11-15T221726.130.jpg,1,5,0
images - 2025-11-15T221726.130.jpg,1,6,0
images - 2025-11-15T221726.130.jpg,1,7,0
images - 2025-11-15T221726.130.jpg,1,8,0
images - 2025-11-15T221726.130.jpg,2,1,0
images - 2025-11-15T221726.130.jpg,2,2,0
images - 2025-11-15T221726.130.jpg,2,3,0
images - 2025-11-15T221726.130.jpg,2,4,0
images - 2025-11-15T221726.130.jpg,2,5,0
images - 2025-11-15T221726.130.jpg,2,6,0
images - 2025-11-15T221726.130.jpg,2,7,0
images - 2025-11-15T221726.130.jpg,2,8,0
images - 2025-11-15T221726.130.jpg,3,1,0
images - 2025-11-15T221726.130.jpg,3,2,0
images - 2025-11-15T221726.130.jpg,3,3,0
images - 2025-11-15T221726.130.jpg,3,4,0
images - 2025-11-15T221726.130.jpg,3,5,0
images - 2025-11-15T221726.130.jpg,3,6,0
images - 2025-11-15T221726.130.jpg,3,7,0
images - 2025-11-15T221726.130.jpg,3,8,0
images - 2025-11-15T221726.130.jpg,4,1,0
images - 2025-11-15T221726.130.jpg,4,2,0
images - 2025-11-15T221726.130.jpg,4,3,0
images - 2025-11-15T221726.130.jpg,4,4,0
images - 2025-11-15T221726.130.jpg,4,5,0
images - 2025-11-15T221726.130.jpg,4,6,0
images - 2025-11-15T221726.130.jpg,4,7,0
images - 2025-11-15T221726.130.jpg,4,8,0
images - 2025-11-15T221726.130.jpg,5,1,0
images - 2025-11-15T221726.130.jpg,5,2,1
images - 2025-11-15T221726.130.jpg,5,3,1
images - 2025-11-15T221726.130.jpg,5,4,1
images - 2025-11-15T221726.130.jpg,5,5,1
images - 2025-11-15T221726.130.jpg,5,6,0
images - 2025-11-15T221726.130.jpg,5,7,0
images - 2025-11-15T221726.130.jpg,5,8,0
images - 2025-11-15T221726.130.jpg,6,1,0
images - 2025-11-15T221726.130.jpg,6,2,1
images - 2025-11-15T221726.130.jpg,6,3,1
images - 2025-11-15T221726.130.jpg,6,4,1
images - 2025-11-15T221726.130.jpg,6,5,1
images - 2025-11-15T221726.130.jpg,6,6,1
images - 2025-11-15T221726.130.jpg,6,7,0
images - 2025-11-15T221726.130.jpg,6,8,0
images - 2025-11-15T221726.130.jpg,7,1,0
images - 2025-11-15T221726.130.jpg,7,2,1
images - 2025-11-15T221726.130.jpg,7,3,1
images - 2025-11-15T221726.130.jpg,7,4,1
images - 2025-11-15T221726.130.jpg,7,5,1
images - 2025-11-15T221726.130.jpg,7,6,1
images - 2025-11-15T221726.130.jpg,7,7,0
images - 2025-11-15T221726.130.jpg,7,8,0
images - 2025-11-15T221726.130.jpg,8,1,0
images - 2025-11-15T221726.130.jpg,8,2,1
images - 2025-11-15T221726.130.jpg,8,3,1
images - 2025-11-15T221726.130.jpg,8,4,1
images - 2025-11-15T221726.130.jpg,8,5,1
images - 2025-11-15T221726.130.jpg,8,6,1
images - 2025-11-15T221726.130.jpg,8,7,0
images - 2025-11-15T221726.130.jpg,8,8,0
images - 2025-11-15T221726.155.jpg,1,1,0
images - 2025-11-15T221726.155.jpg,1,2,0
images - 2025-11-15T221726.155.jpg,1,3,0
images - 2025-11-15T221726.155.jpg,1,4,1
images - 2025-11-15T221726.155.jpg,1,5,1
images - 2025-11-15T221726.155.jpg,1,6,1
images - 2025-11-15T221726.155.jpg,1,7,1
images - 2025-11-15T221726.155.jpg,1,8,1
images - 2025-11-15T221726.155.jpg,2,1,1
images - 2025-11-15T221726.155.jpg,2,2,1
images - 2025-11-15T221726.155.jpg,2,3,1
images - 2025-11-15T221726.155.jpg,2,4,1
images - 2025-11-15T221726.155.jpg,2,5,1
images - 2025-11-15T221726.155.jpg,2,6,1
images - 2025-11-15T221726.155.jpg,2,7,1
images - 2025-11-15T221726.155.jpg,2,8,1
images - 2025-11-15T221726.155.jpg,3,1,1
images - 2025-11-15T221726.155.jpg,3,2,1
images - 2025-11-15T221726.155.jpg,3,3,1
images - 2025-11-15T221726.155.jpg,3,4,1
images - 2025-11-15T221726.155.jpg,3,5,1
images - 2025-11-15T221726.155.jpg,3,6,1
images - 2025-11-15T221726.155.jpg,3,7,1
images - 2025-11-15T221726.155.jpg,3,8,1
images - 2025-11-15T221726.155.jpg,4,1,1
images - 2025-11-15T221726.155.jpg,4,2,1
images - 2025-11-15T221726.155.jpg,4,3,1
images - 2025-11-15T221726.155.jpg,4,4,1
images - 2025-11-15T221726.155.jpg,4,5,1
images - 2025-11-15T221726.155.jpg,4,6,1
images - 2025-11-15T221726.155.jpg,4,7,1
images - 2025-11-15T221726.155.jpg,4,8,1
images - 2025-11-15T221726.155.jpg,5,1,1
images - 2025-11-15T221726.155.jpg,5,2,1
images - 2025-11-15T221726.155.jpg,5,3,1
images - 2025-11-15T221726.155.jpg,5,4,1
images - 2025-11-15T221726.155.jpg,5,5,1
images - 2025-11-15T221726.155.jpg,5,6,1
images - 2025-11-15T221726.155.jpg,5,7,1
images - 2025-11-15T221726.155.jpg,5,8,1
images - 2025-11-15T221726.155.jpg,6,1,1
images - 2025-11-15T221726.155.jpg,6,2,1
images - 2025-11-15T221726.155.jpg,6,3,1
images - 2025-11-15T221726.155.jpg,6,4,1
images - 2025-11-15T221726.155.jpg,6,5,1
images - 2025-11-15T221726.155.jpg,6,6,1
images - 2025-11-15T221726.155.jpg,6,7,1
images - 2025-11-15T221726.155.jpg,6,8,1
images - 2025-11-15T221726.155.jpg,7,1,1
images - 2025-11-15T221726.155.jpg,7,2,1
images - 2025-11-15T221726.155.jpg,7,3,1
images - 2025-11-15T221726.155.jpg,7,4,1
images - 2025-11-15T221726.155.jpg,7,5,1
images - 2025-11-15T221726.155.jpg,7,6,1
images - 2025-11-15T221726.155.jpg,7,7,1
images - 2025-11-15T221726.155.jpg,7,8,1
images - 2025-11-15T221726.155.jpg,8,1,1
images - 2025-11-15T221726.155.jpg,8,2,1
images - 2025-11-15T221726.155.jpg,8,3,1
images - 2025-11-15T221726.155.jpg,8,4,1
images - 2025-11-15T221726.155.jpg,8,5,1
images - 2025-11-15T221726.155.jpg,8,6,1
images - 2025-11-15T221726.155.jpg,8,7,1
images - 2025-11-15T221726.155.jpg,8,8,0
images - 2025-11-15T221726.166.jpg,1,1,0
images - 2025-11-15T221726.166.jpg,1,2,0
images - 2025-11-15T221726.166.jpg,1,3,1
images - 2025-11-15T221726.166.jpg,1,4,1
images - 2025-11-15T221726.166.jpg,1,5,1
images - 2025-11-15T221726.166.jpg,1,6,0
images - 2025-11-15T221726.166.jpg,1,7,0
images - 2025-11-15T221726.166.jpg,1,8,0
images - 2025-11-15T221726.166.jpg,2,1,0
images - 2025-11-15T221726.166.jpg,2,2,0
images - 2025-11-15T221726.166.jpg,2,3,1
images - 2025-11-15T221726.166.jpg,2,4,1
images - 2025-11-15T221726.166.jpg,2,5,1
images - 2025-11-15T221726.166.jpg,2,6,0
images - 2025-11-15T221726.166.jpg,2,7,0
images - 2025-11-15T221726.166.jpg,2,8,0
images - 2025-11-15T221726.166.jpg,3,1,0
images - 2025-11-15T221726.166.jpg,3,2,0
images - 2025-11-15T221726.166.jpg,3,3,1
images - 2025-11-15T221726.166.jpg,3,4,1
images - 2025-11-15T221726.166.jpg,3,5,1
images - 2025-11-15T221726.166.jpg,3,6,0
images - 2025-11-15T221726.166.jpg,3,7,0
images - 2025-11-15T221726.166.jpg,3,8,0
images - 2025-11-15T221726.166.jpg,4,1,0
images - 2025-11-15T221726.166.jpg,4,2,0
images - 2025-11-15T221726.166.jpg,4,3,1
images - 2025-11-15T221726.166.jpg,4,4,1
images - 2025-11-15T221726.166.jpg,4,5,1
images - 2025-11-15T221726.166.jpg,4,6,0
images - 2025-11-15T221726.166.jpg,4,7,0
images - 2025-11-15T221726.166.jpg,4,8,0
images - 2025-11-15T221726.166.jpg,5,1,0
images - 2025-11-15T221726.166.jpg,5,2,0
images - 2025-11-15T221726.166.jpg,5,3,0
images - 2025-11-15T221726.166.jpg,5,4,0
images - 2025-11-15T221726.166.jpg,5,5,0
images - 2025-11-15T221726.166.jpg,5,6,0
images - 2025-11-15T221726.166.jpg,5,7,0
images - 2025-11-15T221726.166.jpg,5,8,0
images - 2025-11-15T221726.166.jpg,6,1,0
images - 2025-11-15T221726.166.jpg,6,2,0
images - 2025-11-15T221726.166.jpg,6,3,0
images - 2025-11-15T221726.166.jpg,6,4,0
images - 2025-11-15T221726.166.jpg,6,5,0
images - 2025-11-15T221726.166.jpg,6,6,0
images - 2025-11-15T221726.166.jpg,6,7,0
images - 2025-11-15T221726.166.jpg,6,8,0
images - 2025-11-15T221726.166.jpg,7,1,0
images - 2025-11-15T221726.166.jpg,7,2,0
images - 2025-11-15T221726.166.jpg,7,3,0
images - 2025-11-15T221726.166.jpg,7,4,0
images - 2025-11-15T221726.166.jpg,7,5,0
images - 2025-11-15T221726.166.jpg,7,6,0
images - 2025-11-15T221726.166.jpg,7,7,0
images - 2025-11-15T221726.166.jpg,7,8,0
images - 2025-11-15T221726.166.jpg,8,1,0
images - 2025-11-15T221726.166.jpg,8,2,0
images - 2025-11-15T221726.166.jpg,8,3,0
images - 2025-11-15T221726.166.jpg,8,4,0
images - 2025-11-15T221726.166.jpg,8,5,0
images - 2025-11-15T221726.166.jpg,8,6,0
images - 2025-11-15T221726.166.jpg,8,7,0
images - 2025-11-15T221726.166.jpg,8,8,0
images - 2025-11-15T221726.189.jpg,1,1,0
images - 2025-11-15T221726.189.jpg,1,2,0
images - 2025-11-15T221726.189.jpg,1,3,1
images - 2025-11-15T221726.189.jpg,1,4,1
images - 2025-11-15T221726.189.jpg,1,5,1
images - 2025-11-15T221726.189.jpg,1,6,0
images - 2025-11-15T221726.189.jpg,1,7,0
images - 2025-11-15T221726.189.jpg,1,8,0
images - 2025-11-15T221726.189.jpg,2,1,0
images - 2025-11-15T221726.189.jpg,2,2,0
images - 2025-11-15T221726.189.jpg,2,3,1
images - 2025-11-15T221726.189.jpg,2,4,1
images - 2025-11-15T221726.189.jpg,2,5,1
images - 2025-11-15T221726.189.jpg,2,6,0
images - 2025-11-15T221726.189.jpg,2,7,0
images - 2025-11-15T221726.189.jpg,2,8,0
images - 2025-11-15T221726.189.jpg,3,1,0
images - 2025-11-15T221726.189.jpg,3,2,0
images - 2025-11-15T221726.189.jpg,3,3,1
images - 2025-11-15T221726.189.jpg,3,4,1
images - 2025-11-15T221726.189.jpg,3,5,1
images - 2025-11-15T221726.189.jpg,3,6,0
images - 2025-11-15T221726.189.jpg,3,7,0
images - 2025-11-15T221726.189.jpg,3,8,0
images - 2025-11-15T221726.189.jpg,4,1,0
images - 2025-11-15T221726.189.jpg,4,2,0
images - 2025-11-15T221726.189.jpg,4,3,1
images - 2025-11-15T221726.189.jpg,4,4,1
images - 2025-11-15T221726.189.jpg,4,5,1
images - 2025-11-15T221726.189.jpg,4,6,0
images - 2025-11-15T221726.189.jpg,4,7,0
images - 2025-11-15T221726.189.jpg,4,8,0
images - 2025-11-15T221726.189.jpg,5,1,0
images - 2025-11-15T221726.189.jpg,5,2,0
images - 2025-11-15T221726.189.jpg,5,3,0
images - 2025-11-15T221726.189.jpg,5,4,0
images - 2025-11-15T221726.189.jpg,5,5,0
images - 2025-11-15T221726.189.jpg,5,6,0
images - 2025-11-15T221726.189.jpg,5,7,0
images - 2025-11-15T221726.189.jpg,5,8,0
images - 2025-11-15T221726.189.jpg,6,1,0
images - 2025-11-15T221726.189.jpg,6,2,0
images - 2025-11-15T221726.189.jpg,6,3,0
images - 2025-11-15T221726.189.jpg,6,4,0
images - 2025-11-15T221726.189.jpg,6,5,0
images - 2025-11-15T221726.189.jpg,6,6,0
images - 2025-11-15T221726.189.jpg,6,7,0
images - 2025-11-15T221726.189.jpg,6,8,0
images - 2025-11-15T221726.189.jpg,7,1,0
images - 2025-11-15T221726.189.jpg,7,2,0
images - 2025-11-15T221726.189.jpg,7,3,0
images - 2025-11-15T221726.189.jpg,7,4,0
images - 2025-11-15T221726.189.jpg,7,5,0
images - 2025-11-15T221726.189.jpg,7,6,0
images - 2025-11-15T221726.189.jpg,7,7,0
images - 2025-11-15T221726.189.jpg,7,8,0
images - 2025-11-15T221726.189.jpg,8,1,0
images - 2025-11-15T221726.189.jpg,8,2,0
images - 2025-11-15T221726.189.jpg,8,3,0
images - 2025-11-15T221726.189.jpg,8,4,0
images - 2025-11-15T221726.189.jpg,8,5,0
images - 2025-11-15T221726.189.jpg,8,6,0
images - 2025-11-15T221726.189.jpg,8,7,0
images - 2025-11-15T221726.189.jpg,8,8,0
images - 2025-11-15T221726.293.jpg,1,1,1
images - 2025-11-15T221726.293.jpg,1,2,1
images - 2025-11-15T221726.293.jpg,1,3,1
images - 2025-11-15T221726.293.jpg,1,4,1
images - 2025-11-15T221726.293.jpg,1,5,1
images - 2025-11-15T221726.293.jpg,1,6,1
images - 2025-11-15T221726.293.jpg,1,7,1
images - 2025-11-15T221726.293.jpg,1,8,1
images - 2025-11-15T221726.293.jpg,2,1,1
images - 2025-11-15T221726.293.jpg,2,2,1
images - 2025-11-15T221726.293.jpg,2,3,1
images - 2025-11-15T221726.293.jpg,2,4,1
images - 2025-11-15T221726.293.jpg,2,5,1
images - 2025-11-15T221726.293.jpg,2,6,1
images - 2025-11-15T221726.293.jpg,2,7,1
images - 2025-11-15T221726.293.jpg,2,8,1
images - 2025-11-15T221726.293.jpg,3,1,1
images - 2025-11-15T221726.293.jpg,3,2,1
images - 2025-11-15T221726.293.jpg,3,3,1
images - 2025-11-15T221726.293.jpg,3,4,1
images - 2025-11-15T221726.293.jpg,3,5,1
images - 2025-11-15T221726.293.jpg,3,6,1
images - 2025-11-15T221726.293.jpg,3,7,1
images - 2025-11-15T221726.293.jpg,3,8,1
images - 2025-11-15T221726.293.jpg,4,1,1
images - 2025-11-15T221726.293.jpg,4,2,1
images - 2025-11-15T221726.293.jpg,4,3,1
images - 2025-11-15T221726.293.jpg,4,4,1
images - 2025-11-15T221726.293.jpg,4,5,1
images - 2025-11-15T221726.293.jpg,4,6,1
images - 2025-11-15T221726.293.jpg,4,7,1
images - 2025-11-15T221726.293.jpg,4,8,1
images - 2025-11-15T221726.293.jpg,5,1,1
images - 2025-11-15T221726.293.jpg,5,2,1
images - 2025-11-15T221726.293.jpg,5,3,1
images - 2025-11-15T221726.293.jpg,5,4,1
images - 2025-11-15T221726.293.jpg,5,5,1
images - 2025-11-15T221726.293.jpg,5,6,1
images - 2025-11-15T221726.293.jpg,5,7,1
images - 2025-11-15T221726.293.jpg,5,8,1
images - 2025-11-15T221726.293.jpg,6,1,1
images - 2025-11-15T221726.293.jpg,6,2,1
images - 2025-11-15T221726.293.jpg,6,3,1
images - 2025-11-15T221726.293.jpg,6,4,1
images - 2025-11-15T221726.293.jpg,6,5,1
images - 2025-11-15T221726.293.jpg,6,6,1
images - 2025-11-15T221726.293.jpg,6,7,1
images - 2025-11-15T221726.293.jpg,6,8,1
images - 2025-11-15T221726.293.jpg,7,1,1
images - 2025-11-15T221726.293.jpg,7,2,1
images - 2025-11-15T221726.293.jpg,7,3,1
images - 2025-11-15T221726.293.jpg,7,4,1
images - 2025-11-15T221726.293.jpg,7,5,1
images - 2025-11-15T221726.293.jpg,7,6,1
images - 2025-11-15T221726.293.jpg,7,7,1
images - 2025-11-15T221726.293.jpg,7,8,1
images - 2025-11-15T221726.293.jpg,8,1,0
images - 2025-11-15T221726.293.jpg,8,2,1
images - 2025-11-15T221726.293.jpg,8,3,1
images - 2025-11-15T221726.293.jpg,8,4,1
images - 2025-11-15T221726.293.jpg,8,5,1
images - 2025-11-15T221726.293.jpg,8,6,1
images - 2025-11-15T221726.293.jpg,8,7,1
images - 2025-11-15T221726.293.jpg,8,8,0
images - 2025-11-15T221726.407.jpg,1,1,0
images - 2025-11-15T221726.407.jpg,1,2,0
images - 2025-11-15T221726.407.jpg,1,3,0
images - 2025-11-15T221726.407.jpg,1,4,0
images - 2025-11-15T221726.407.jpg,1,5,0
images - 2025-11-15T221726.407.jpg,1,6,0
images - 2025-11-15T221726.407.jpg,1,7,0
images - 2025-11-15T221726.407.jpg,1,8,0
images - 2025-11-15T221726.407.jpg,2,1,0
images - 2025-11-15T221726.407.jpg,2,2,0
images - 2025-11-15T221726.407.jpg,2,3,1
images - 2025-11-15T221726.407.jpg,2,4,1
images - 2025-11-15T221726.407.jpg,2,5,1
images - 2025-11-15T221726.407.jpg,2,6,1
images - 2025-11-15T221726.407.jpg,2,7,0
images - 2025-11-15T221726.407.jpg,2,8,0
images - 2025-11-15T221726.407.jpg,3,1,0
images - 2025-11-15T221726.407.jpg,3,2,1
images - 2025-11-15T221726.407.jpg,3,3,1
images - 2025-11-15T221726.407.jpg,3,4,1
images - 2025-11-15T221726.407.jpg,3,5,1
images - 2025-11-15T221726.407.jpg,3,6,1
images - 2025-11-15T221726.407.jpg,3,7,0
images - 2025-11-15T221726.407.jpg,3,8,0
images - 2025-11-15T221726.407.jpg,4,1,0
images - 2025-11-15T221726.407.jpg,4,2,1
images - 2025-11-15T221726.407.jpg,4,3,1
images - 2025-11-15T221726.407.jpg,4,4,1
images - 2025-11-15T221726.407.jpg,4,5,1
images - 2025-11-15T221726.407.jpg,4,6,1
images - 2025-11-15T221726.407.jpg,4,7,0
images - 2025-11-15T221726.407.jpg,4,8,0
images - 2025-11-15T221726.407.jpg,5,1,0
images - 2025-11-15T221726.407.jpg,5,2,1
images - 2025-11-15T221726.407.jpg,5,3,1
images - 2025-11-15T221726.407.jpg,5,4,1
images - 2025-11-15T221726.407.jpg,5,5,1
images - 2025-11-15T221726.407.jpg,5,6,1
images - 2025-11-15T221726.407.jpg,5,7,0
images - 2025-11-15T221726.407.jpg,5,8,0
images - 2025-11-15T221726.407.jpg,6,1,0
images - 2025-11-15T221726.407.jpg,6,2,0
images - 2025-11-15T221726.407.jpg,6,3,1
images - 2025-11-15T221726.407.jpg,6,4,1
images - 2025-11-15T221726.407.jpg,6,5,1
images - 2025-11-15T221726.407.jpg,6,6,1
images - 2025-11-15T221726.407.jpg,6,7,0
images - 2025-11-15T221726.407.jpg,6,8,0
images - 2025-11-15T221726.407.jpg,7,1,0
images - 2025-11-15T221726.407.jpg,7,2,0
images - 2025-11-15T221726.407.jpg,7,3,1
images - 2025-11-15T221726.407.jpg,7,4,1
images - 2025-11-15T221726.407.jpg,7,5,1
images - 2025-11-15T221726.407.jpg,7,6,0
images - 2025-11-15T221726.407.jpg,7,7,0
images - 2025-11-15T221726.407.jpg,7,8,0
images - 2025-11-15T221726.407.jpg,8,1,0
images - 2025-11-15T221726.407.jpg,8,2,0
images - 2025-11-15T221726.407.jpg,8,3,0
images - 2025-11-15T221726.407.jpg,8,4,0
images - 2025-11-15T221726.407.jpg,8,5,0
images - 2025-11-15T221726.407.jpg,8,6,0
images - 2025-11-15T221726.407.jpg,8,7,0
images - 2025-11-15T221726.407.jpg,8,8,0
images - 2025-11-15T221726.461.jpg,1,1,0
images - 2025-11-15T221726.461.jpg,1,2,0
images - 2025-11-15T221726.461.jpg,1,3,1
images - 2025-11-15T221726.461.jpg,1,4,1
images - 2025-11-15T221726.461.jpg,1,5,1
images - 2025-11-15T221726.461.jpg,1,6,1
images - 2025-11-15T221726.461.jpg,1,7,0
images - 2025-11-15T221726.461.jpg,1,8,0
images - 2025-11-15T221726.461.jpg,2,1,0
images - 2025-11-15T221726.461.jpg,2,2,1
images - 2025-11-15T221726.461.jpg,2,3,1
images - 2025-11-15T221726.461.jpg,2,4,1
images - 2025-11-15T221726.461.jpg,2,5,1
images - 2025-11-15T221726.461.jpg,2,6,1
images - 2025-11-15T221726.461.jpg,2,7,1
images - 2025-11-15T221726.461.jpg,2,8,0
images - 2025-11-15T221726.461.jpg,3,1,0
images - 2025-11-15T221726.461.jpg,3,2,1
images - 2025-11-15T221726.461.jpg,3,3,1
images - 2025-11-15T221726.461.jpg,3,4,1
images - 2025-11-15T221726.461.jpg,3,5,1
images - 2025-11-15T221726.461.jpg,3,6,1
images - 2025-11-15T221726.461.jpg,3,7,1
images - 2025-11-15T221726.461.jpg,3,8,0
images - 2025-11-15T221726.461.jpg,4,1,1
images - 2025-11-15T221726.461.jpg,4,2,1
images - 2025-11-15T221726.461.jpg,4,3,1
images - 2025-11-15T221726.461.jpg,4,4,1
images - 2025-11-15T221726.461.jpg,4,5,1
images - 2025-11-15T221726.461.jpg,4,6,1
images - 2025-11-15T221726.461.jpg,4,7,1
images - 2025-11-15T221726.461.jpg,4,8,1
images - 2025-11-15T221726.461.jpg,5,1,1
images - 2025-11-15T221726.461.jpg,5,2,1
images - 2025-11-15T221726.461.jpg,5,3,1
images - 2025-11-15T221726.461.jpg,5,4,1
images - 2025-11-15T221726.461.jpg,5,5,1
images - 2025-11-15T221726.461.jpg,5,6,1
images - 2025-11-15T221726.461.jpg,5,7,1
images - 2025-11-15T221726.461.jpg,5,8,1
images - 2025-11-15T221726.461.jpg,6,1,0
images - 2025-11-15T221726.461.jpg,6,2,1
images - 2025-11-15T221726.461.jpg,6,3,1
images - 2025-11-15T221726.461.jpg,6,4,1
images - 2025-11-15T221726.461.jpg,6,5,1
images - 2025-11-15T221726.461.jpg,6,6,1
images - 2025-11-15T221726.461.jpg,6,7,1
images - 2025-11-15T221726.461.jpg,6,8,0
images - 2025-11-15T221726.461.jpg,7,1,0
images - 2025-11-15T221726.461.jpg,7,2,1
images - 2025-11-15T221726.461.jpg,7,3,1
images - 2025-11-15T221726.461.jpg,7,4,1
images - 2025-11-15T221726.461.jpg,7,5,1
images - 2025-11-15T221726.461.jpg,7,6,1
images - 2025-11-15T221726.461.jpg,7,7,1
images - 2025-11-15T221726.461.jpg,7,8,0
images - 2025-11-15T221726.461.jpg,8,1,0
images - 2025-11-15T221726.461.jpg,8,2,0
images - 2025-11-15T221726.461.jpg,8,3,1
images - 2025-11-15T221726.461.jpg,8,4,1
images - 2025-11-15T221726.461.jpg,8,5,1
images - 2025-11-15T221726.461.jpg,8,6,1
images - 2025-11-15T221726.461.jpg,8,7,0
images - 2025-11-15T221726.461.jpg,8,8,0
images - 2025-11-15T221726.481.jpg,1,1,0
images - 2025-11-15T221726.481.jpg,1,2,0
images - 2025-11-15T221726.481.jpg,1,3,0
images - 2025-11-15T221726.481.jpg,1,4,0
images - 2025-11-15T221726.481.jpg,1,5,0
images - 2025-11-15T221726.481.jpg,1,6,0
images - 2025-11-15T221726.481.jpg,1,7,0
images - 2025-11-15T221726.481.jpg,1,8,0
images - 2025-11-15T221726.481.jpg,2,1,0
images - 2025-11-15T221726.481.jpg,2,2,0
images - 2025-11-15T221726.481.jpg,2,3,0
images - 2025-11-15T221726.481.jpg,2,4,0
images - 2025-11-15T221726.481.jpg,2,5,0
images - 2025-11-15T221726.481.jpg,2,6,0
images - 2025-11-15T221726.481.jpg,2,7,0
images - 2025-11-15T221726.481.jpg,2,8,0
images - 2025-11-15T221726.481.jpg,3,1,0
images - 2025-11-15T221726.481.jpg,3,2,0
images - 2025-11-15T221726.481.jpg,3,3,0
images - 2025-11-15T221726.481.jpg,3,4,0
images - 2025-11-15T221726.481.jpg,3,5,1
images - 2025-11-15T221726.481.jpg,3,6,1
images - 2025-11-15T221726.481.jpg,3,7,1
images - 2025-11-15T221726.481.jpg,3,8,0
images - 2025-11-15T221726.481.jpg,4,1,0
images - 2025-11-15T221726.481.jpg,4,2,0
images - 2025-11-15T221726.481.jpg,4,3,0
images - 2025-11-15T221726.481.jpg,4,4,1
images - 2025-11-15T221726.481.jpg,4,5,1
images - 2025-11-15T221726.481.jpg,4,6,1
images - 2025-11-15T221726.481.jpg,4,7,1
images - 2025-11-15T221726.481.jpg,4,8,1
images - 2025-11-15T221726.481.jpg,5,1,0
images - 2025-11-15T221726.481.jpg,5,2,0
images - 2025-11-15T221726.481.jpg,5,3,0
images - 2025-11-15T221726.481.jpg,5,4,1
images - 2025-11-15T221726.481.jpg,5,5,1
images - 2025-11-15T221726.481.jpg,5,6,1
images - 2025-11-15T221726.481.jpg,5,7,1
images - 2025-11-15T221726.481.jpg,5,8,1
images - 2025-11-15T221726.481.jpg,6,1,0
images - 2025-11-15T221726.481.jpg,6,2,0
images - 2025-11-15T221726.481.jpg,6,3,0
images - 2025-11-15T221726.481.jpg,6,4,1
images - 2025-11-15T221726.481.jpg,6,5,1
images - 2025-11-15T221726.481.jpg,6,6,1
images - 2025-11-15T221726.481.jpg,6,7,1
images - 2025-11-15T221726.481.jpg,6,8,1
images - 2025-11-15T221726.481.jpg,7,1,0
images - 2025-11-15T221726.481.jpg,7,2,0
images - 2025-11-15T221726.481.jpg,7,3,0
images - 2025-11-15T221726.481.jpg,7,4,0
images - 2025-11-15T221726.481.jpg,7,5,1
images - 2025-11-15T221726.481.jpg,7,6,1
images - 2025-11-15T221726.481.jpg,7,7,1
images - 2025-11-15T221726.481.jpg,7,8,0
images - 2025-11-15T221726.481.jpg,8,1,0
images - 2025-11-15T221726.481.jpg,8,2,0
images - 2025-11-15T221726.481.jpg,8,3,0
images - 2025-11-15T221726.481.jpg,8,4,0
images - 2025-11-15T221726.481.jpg,8,5,0
images - 2025-11-15T221726.481.jpg,8,6,0
images - 2025-11-15T221726.481.jpg,8,7,0
images - 2025-11-15T221726.481.jpg,8,8,0
