image_name,cell_row,cell_column,label
-NeNQ3KDNlitNqsWDKM8.jpg,1,1,0
-NeNQ3KDNlitNqsWDKM8.jpg,1,2,0
-NeNQ3KDNlitNqsWDKM8.jpg,1,3,3
-NeNQ3KDNlitNqsWDKM8.jpg,1,4,3
-NeNQ3KDNlitNqsWDKM8.jpg,1,5,3
-NeNQ3KDNlitNqsWDKM8.jpg,1,6,3
-NeNQ3KDNlitNqsWDKM8.jpg,1,7,0
-NeNQ3KDNlitNqsWDKM8.jpg,1,8,0
-NeNQ3KDNlitNqsWDKM8.jpg,2,1,0
-NeNQ3KDNlitNqsWDKM8.jpg,2,2,0
-NeNQ3KDNlitNqsWDKM8.jpg,2,3,3
-NeNQ3KDNlitNqsWDKM8.jpg,2,4,3
-NeNQ3KDNlitNqsWDKM8.jpg,2,5,3
-NeNQ3KDNlitNqsWDKM8.jpg,2,6,3
-NeNQ3KDNlitNqsWDKM8.jpg,2,7,0
-NeNQ3KDNlitNqsWDKM8.jpg,2,8,0
-NeNQ3KDNlitNqsWDKM8.jpg,3,1,0
-NeNQ3KDNlitNqsWDKM8.jpg,3,2,0
-NeNQ3KDNlitNqsWDKM8.jpg,3,3,3
-NeNQ3KDNlitNqsWDKM8.jpg,3,4,3
-NeNQ3KDNlitNqsWDKM8.jpg,3,5,3
-NeNQ3KDNlitNqsWDKM8.jpg,3,6,3
-NeNQ3KDNlitNqsWDKM8.jpg,3,7,0
-NeNQ3KDNlitNqsWDKM8.jpg,3,8,0
-NeNQ3KDNlitNqsWDKM8.jpg,4,1,0
-NeNQ3KDNlitNqsWDKM8.jpg,4,2,0
-NeNQ3KDNlitNqsWDKM8.jpg,4,3,3
-NeNQ3KDNlitNqsWDKM8.jpg,4,4,3
-NeNQ3KDNlitNqsWDKM8.jpg,4,5,3
-NeNQ3KDNlitNqsWDKM8.jpg,4,6,3
-NeNQ3KDNlitNqsWDKM8.jpg,4,7,0
-NeNQ3KDNlitNqsWDKM8.jpg,4,8,0
-NeNQ3KDNlitNqsWDKM8.jpg,5,1,0
-NeNQ3KDNlitNqsWDKM8.jpg,5,2,0
-NeNQ3KDNlitNqsWDKM8.jpg,5,3,3
-NeNQ3KDNlitNqsWDKM8.jpg,5,4,3
-NeNQ3KDNlitNqsWDKM8.jpg,5,5,3
-NeNQ3KDNlitNqsWDKM8.jpg,5,6,3
-NeNQ3KDNlitNqsWDKM8.jpg,5,7,0
-NeNQ3KDNlitNqsWDKM8.jpg,5,8,0
-NeNQ3KDNlitNqsWDKM8.jpg,6,1,0
-NeNQ3KDNlitNqsWDKM8.jpg,6,2,0
-NeNQ3KDNlitNqsWDKM8.jpg,6,3,3
-NeNQ3KDNlitNqsWDKM8.jpg,6,4,3
-NeNQ3KDNlitNqsWDKM8.jpg,6,5,3
-NeNQ3KDNlitNqsWDKM8.jpg,6,6,3
-NeNQ3KDNlitNqsWDKM8.jpg,6,7,0
-NeNQ3KDNlitNqsWDKM8.jpg,6,8,0
-NeNQ3KDNlitNqsWDKM8.jpg,7,1,0
-NeNQ3KDNlitNqsWDKM8.jpg,7,2,0
-NeNQ3KDNlitNqsWDKM8.jpg,7,3,3
-NeNQ3KDNlitNqsWDKM8.jpg,7,4,3
-NeNQ3KDNlitNqsWDKM8.jpg,7,5,3
-NeNQ3KDNlitNqsWDKM8.jpg,7,6,3
-NeNQ3KDNlitNqsWDKM8.jpg,7,7,0
-NeNQ3KDNlitNqsWDKM8.jpg,7,8,0
-NeNQ3KDNlitNqsWDKM8.jpg,8,1,0
-NeNQ3KDNlitNqsWDKM8.jpg,8,2,0
-NeNQ3KDNlitNqsWDKM8.jpg,8,3,3
-NeNQ3KDNlitNqsWDKM8.jpg,8,4,3
-NeNQ3KDNlitNqsWDKM8.jpg,8,5,3
-NeNQ3KDNlitNqsWDKM8.jpg,8,6,3
-NeNQ3KDNlitNqsWDKM8.jpg,8,7,0
-NeNQ3KDNlitNqsWDKM8.jpg,8,8,0
05pant.jpg,1,1,0
05pant.jpg,1,2,0
05pant.jpg,1,3,0
05pant.jpg,1,4,0
05pant.jpg,1,5,0
05pant.jpg,1,6,0
05pant.jpg,1,7,0
05pant.jpg,1,8,0
05pant.jpg,2,1,0
05pant.jpg,2,2,0
05pant.jpg,2,3,2
05pant.jpg,2,4,2
05pant.jpg,2,5,2
05pant.jpg,2,6,2
05pant.jpg,2,7,0
05pant.jpg,2,8,0
05pant.jpg,3,1,0
05pant.jpg,3,2,0
05pant.jpg,3,3,0
05pant.jpg,3,4,0
05pant.jpg,3,5,0
05pant.jpg,3,6,0
05pant.jpg,3,7,0
05pant.jpg,3,8,0
05pant.jpg,4,1,0
05pant.jpg,4,2,0
05pant.jpg,4,3,0
05pant.jpg,4,4,0
05pant.jpg,4,5,0
05pant.jpg,4,6,0
05pant.jpg,4,7,0
05pant.jpg,4,8,0
05pant.jpg,5,1,0
05pant.jpg,5,2,0
05pant.jpg,5,3,0
05pant.jpg,5,4,0
05pant.jpg,5,5,0
05pant.jpg,5,6,0
05pant.jpg,5,7,0
05pant.jpg,5,8,0
05pant.jpg,6,1,0
05pant.jpg,6,2,0
05pant.jpg,6,3,0
05pant.jpg,6,4,0
05pant.jpg,6,5,0
05pant.jpg,6,6,0
05pant.jpg,6,7,0
05pant.jpg,6,8,0
05pant.jpg,7,1,0
05pant.jpg,7,2,0
05pant.jpg,7,3,0
05pant.jpg,7,4,0
05pant.jpg,7,5,0
05pant.jpg,7,6,0
05pant.jpg,7,7,0
05pant.jpg,7,8,0
05pant.jpg,8,1,0
05pant.jpg,8,2,0
05pant.jpg,8,3,0
05pant.jpg,8,4,0
05pant.jpg,8,5,0
05pant.jpg,8,6,0
05pant.jpg,8,7,0
05pant.jpg,8,8,0
1-One-Cricket-Bats.jpg,1,1,0
1-One-Cricket-Bats.jpg,1,2,0
1-One-Cricket-Bats.jpg,1,3,2
1-One-Cricket-Bats.jpg,1,4,2
1-One-Cricket-Bats.jpg,1,5,2
1-One-Cricket-Bats.jpg,1,6,2
1-One-Cricket-Bats.jpg,1,7,0
1-One-Cricket-Bats.jpg,1,8,0
1-One-Cricket-Bats.jpg,2,1,0
1-One-Cricket-Bats.jpg,2,2,0
1-One-Cricket-Bats.jpg,2,3,2
1-One-Cricket-Bats.jpg,2,4,2
1-One-Cricket-Bats.jpg,2,5,2
1-One-Cricket-Bats.jpg,2,6,2
1-One-Cricket-Bats.jpg,2,7,0
1-One-Cricket-Bats.jpg,2,8,0
1-One-Cricket-Bats.jpg,3,1,0
1-One-Cricket-Bats.jpg,3,2,0
1-One-Cricket-Bats.jpg,3,3,2
1-One-Cricket-Bats.jpg,3,4,2
1-One-Cricket-Bats.jpg,3,5,2
1-One-Cricket-Bats.jpg,3,6,2
1-One-Cricket-Bats.jpg,3,7,0
1-One-Cricket-Bats.jpg,3,8,0
1-One-Cricket-Bats.jpg,4,1,0
1-One-Cricket-Bats.jpg,4,2,0
1-One-Cricket-Bats.jpg,4,3,2
1-One-Cricket-Bats.jpg,4,4,2
1-One-Cricket-Bats.jpg,4,5,2
1-One-Cricket-Bats.jpg,4,6,2
1-One-Cricket-Bats.jpg,4,7,0
1-One-Cricket-Bats.jpg,4,8,0
1-One-Cricket-Bats.jpg,5,1,0
1-One-Cricket-Bats.jpg,5,2,0
1-One-Cricket-Bats.jpg,5,3,2
1-One-Cricket-Bats.jpg,5,4,2
1-One-Cricket-Bats.jpg,5,5,2
1-One-Cricket-Bats.jpg,5,6,2
1-One-Cricket-Bats.jpg,5,7,0
1-One-Cricket-Bats.jpg,5,8,0
1-One-Cricket-Bats.jpg,6,1,0
1-One-Cricket-Bats.jpg,6,2,0
1-One-Cricket-Bats.jpg,6,3,2
1-One-Cricket-Bats.jpg,6,4,2
1-One-Cricket-Bats.jpg,6,5,2
1-One-Cricket-Bats.jpg,6,6,2
1-One-Cricket-Bats.jpg,6,7,0
1-One-Cricket-Bats.jpg,6,8,0
1-One-Cricket-Bats.jpg,7,1,0
1-One-Cricket-Bats.jpg,7,2,0
1-One-Cricket-Bats.jpg,7,3,2
1-One-Cricket-Bats.jpg,7,4,2
1-One-Cricket-Bats.jpg,7,5,2
1-One-Cricket-Bats.jpg,7,6,2
1-One-Cricket-Bats.jpg,7,7,0
1-One-Cricket-Bats.jpg,7,8,0
1-One-Cricket-Bats.jpg,8,1,0
1-One-Cricket-Bats.jpg,8,2,0
1-One-Cricket-Bats.jpg,8,3,2
1-One-Cricket-Bats.jpg,8,4,2
1-One-Cricket-Bats.jpg,8,5,2
1-One-Cricket-Bats.jpg,8,6,2
1-One-Cricket-Bats.jpg,8,7,0
1-One-Cricket-Bats.jpg,8,8,0
146730.jpg,1,1,0
146730.jpg,1,2,0
146730.jpg,1,3,0
146730.jpg,1,4,0
146730.jpg,1,5,0
146730.jpg,1,6,2
146730.jpg,1,7,2
146730.jpg,1,8,0
146730.jpg,2,1,0
146730.jpg,2,2,0
146730.jpg,2,3,0
146730.jpg,2,4,0
146730.jpg,2,5,0
146730.jpg,2,6,2
146730.jpg,2,7,2
146730.jpg,2,8,0
146730.jpg,3,1,0
146730.jpg,3,2,0
146730.jpg,3,3,0
146730.jpg,3,4,0
146730.jpg,3,5,0
146730.jpg,3,6,2
146730.jpg,3,7,2
146730.jpg,3,8,0
146730.jpg,4,1,0
146730.jpg,4,2,0
146730.jpg,4,3,0
146730.jpg,4,4,0
146730.jpg,4,5,0
146730.jpg,4,6,2
146730.jpg,4,7,0
146730.jpg,4,8,0
146730.jpg,5,1,0
146730.jpg,5,2,0
146730.jpg,5,3,0
146730.jpg,5,4,0
146730.jpg,5,5,0
146730.jpg,5,6,0
146730.jpg,5,7,0
146730.jpg,5,8,0
146730.jpg,6,1,0
146730.jpg,6,2,0
146730.jpg,6,3,0
146730.jpg,6,4,0
146730.jpg,6,5,0
146730.jpg,6,6,0
146730.jpg,6,7,0
146730.jpg,6,8,0
146730.jpg,7,1,0
146730.jpg,7,2,0
146730.jpg,7,3,0
146730.jpg,7,4,0
146730.jpg,7,5,0
146730.jpg,7,6,0
146730.jpg,7,7,0
146730.jpg,7,8,0
146730.jpg,8,1,0
146730.jpg,8,2,0
146730.jpg,8,3,0
146730.jpg,8,4,0
146730.jpg,8,5,0
146730.jpg,8,6,0
146730.jpg,8,7,0
146730.jpg,8,8,0
1549449753_VINEX-CRICKET-STUMPS-SET-PRIMA.jpg,1,1,0
1549449753_VINEX-CRICKET-STUMPS-SET-PRIMA.jpg,1,2,0
1549449753_VINEX-CRICKET-STUMPS-SET-PRIMA.jpg,1,3,0
1549449753_VINEX-CRICKET-STUMPS-SET-PRIMA.jpg,1,4,0
1549449753_VINEX-CRICKET-STUMPS-SET-PRIMA.jpg,1,5,0
1549449753_VINEX-CRICKET-STUMPS-SET-PRIMA.jpg,1,6,0
1549449753_VINEX-CRICKET-STUMPS-SET-PRIMA.jpg,1,7,0
1549449753_VINEX-CRICKET-STUMPS-SET-PRIMA.jpg,1,8,0
1549449753_VINEX-CRICKET-STUMPS-SET-PRIMA.jpg,2,1,0
1549449753_VINEX-CRICKET-STUMPS-SET-PRIMA.jpg,2,2,0
1549449753_VINEX-CRICKET-STUMPS-SET-PRIMA.jpg,2,3,0
1549449753_VINEX-CRICKET-STUMPS-SET-PRIMA.jpg,2,4,3
1549449753_VINEX-CRICKET-STUMPS-SET-PRIMA.jpg,2,5,3
1549449753_VINEX-CRICKET-STUMPS-SET-PRIMA.jpg,2,6,3
1549449753_VINEX-CRICKET-STUMPS-SET-PRIMA.jpg,2,7,0
1549449753_VINEX-CRICKET-STUMPS-SET-PRIMA.jpg,2,8,0
1549449753_VINEX-CRICKET-STUMPS-SET-PRIMA.jpg,3,1,3
1549449753_VINEX-CRICKET-STUMPS-SET-PRIMA.jpg,3,2,3
1549449753_VINEX-CRICKET-STUMPS-SET-PRIMA.jpg,3,3,3
1549449753_VINEX-CRICKET-STUMPS-SET-PRIMA.jpg,3,4,3
1549449753_VINEX-CRICKET-STUMPS-SET-PRIMA.jpg,3,5,3
1549449753_VINEX-CRICKET-STUMPS-SET-PRIMA.jpg,3,6,3
1549449753_VINEX-CRICKET-STUMPS-SET-PRIMA.jpg,3,7,3
1549449753_VINEX-CRICKET-STUMPS-SET-PRIMA.jpg,3,8,3
1549449753_VINEX-CRICKET-STUMPS-SET-PRIMA.jpg,4,1,3
1549449753_VINEX-CRICKET-STUMPS-SET-PRIMA.jpg,4,2,3
1549449753_VINEX-CRICKET-STUMPS-SET-PRIMA.jpg,4,3,3
1549449753_VINEX-CRICKET-STUMPS-SET-PRIMA.jpg,4,4,3
1549449753_VINEX-CRICKET-STUMPS-SET-PRIMA.jpg,4,5,3
1549449753_VINEX-CRICKET-STUMPS-SET-PRIMA.jpg,4,6,3
1549449753_VINEX-CRICKET-STUMPS-SET-PRIMA.jpg,4,7,3
1549449753_VINEX-CRICKET-STUMPS-SET-PRIMA.jpg,4,8,3
1549449753_VINEX-CRICKET-STUMPS-SET-PRIMA.jpg,5,1,3
1549449753_VINEX-CRICKET-STUMPS-SET-PRIMA.jpg,5,2,3
1549449753_VINEX-CRICKET-STUMPS-SET-PRIMA.jpg,5,3,3
1549449753_VINEX-CRICKET-STUMPS-SET-PRIMA.jpg,5,4,3
1549449753_VINEX-CRICKET-STUMPS-SET-PRIMA.jpg,5,5,3
1549449753_VINEX-CRICKET-STUMPS-SET-PRIMA.jpg,5,6,3
1549449753_VINEX-CRICKET-STUMPS-SET-PRIMA.jpg,5,7,3
1549449753_VINEX-CRICKET-STUMPS-SET-PRIMA.jpg,5,8,3
1549449753_VINEX-CRICKET-STUMPS-SET-PRIMA.jpg,6,1,3
1549449753_VINEX-CRICKET-STUMPS-SET-PRIMA.jpg,6,2,3
1549449753_VINEX-CRICKET-STUMPS-SET-PRIMA.jpg,6,3,3
1549449753_VINEX-CRICKET-STUMPS-SET-PRIMA.jpg,6,4,3
1549449753_VINEX-CRICKET-STUMPS-SET-PRIMA.jpg,6,5,3
1549449753_VINEX-CRICKET-STUMPS-SET-PRIMA.jpg,6,6,3
1549449753_VINEX-CRICKET-STUMPS-SET-PRIMA.jpg,6,7,3
1549449753_VINEX-CRICKET-STUMPS-SET-PRIMA.jpg,6,8,3
1549449753_VINEX-CRICKET-STUMPS-SET-PRIMA.jpg,7,1,0
1549449753_VINEX-CRICKET-STUMPS-SET-PRIMA.jpg,7,2,0
1549449753_VINEX-CRICKET-STUMPS-SET-PRIMA.jpg,7,3,0
1549449753_VINEX-CRICKET-STUMPS-SET-PRIMA.jpg,7,4,0
1549449753_VINEX-CRICKET-STUMPS-SET-PRIMA.jpg,7,5,0
1549449753_VINEX-CRICKET-STUMPS-SET-PRIMA.jpg,7,6,0
1549449753_VINEX-CRICKET-STUMPS-SET-PRIMA.jpg,7,7,0
1549449753_VINEX-CRICKET-STUMPS-SET-PRIMA.jpg,7,8,0
1549449753_VINEX-CRICKET-STUMPS-SET-PRIMA.jpg,8,1,0
1549449753_VINEX-CRICKET-STUMPS-SET-PRIMA.jpg,8,2,0
1549449753_VINEX-CRICKET-STUMPS-SET-PRIMA.jpg,8,3,0
1549449753_VINEX-CRICKET-STUMPS-SET-PRIMA.jpg,8,4,0
1549449753_VINEX-CRICKET-STUMPS-SET-PRIMA.jpg,8,5,0
1549449753_VINEX-CRICKET-STUMPS-SET-PRIMA.jpg,8,6,0
1549449753_VINEX-CRICKET-STUMPS-SET-PRIMA.jpg,8,7,0
1549449753_VINEX-CRICKET-STUMPS-SET-PRIMA.jpg,8,8,0
1698294888_new-project-21.jpg,1,1,0
1698294888_new-project-21.jpg,1,2,0
1698294888_new-project-21.jpg,1,3,0
1698294888_new-project-21.jpg,1,4,0
1698294888_new-project-21.jpg,1,5,0
1698294888_new-project-21.jpg,1,6,0
1698294888_new-project-21.jpg,1,7,0
1698294888_new-project-21.jpg,1,8,0
1698294888_new-project-21.jpg,2,1,0
1698294888_new-project-21.jpg,2,2,0
1698294888_new-project-21.jpg,2,3,0
1698294888_new-project-21.jpg,2,4,0
1698294888_new-project-21.jpg,2,5,0
1698294888_new-project-21.jpg,2,6,0
1698294888_new-project-21.jpg,2,7,0
1698294888_new-project-21.jpg,2,8,0
1698294888_new-project-21.jpg,3,1,0
1698294888_new-project-21.jpg,3,2,0
1698294888_new-project-21.jpg,3,3,0
1698294888_new-project-21.jpg,3,4,0
1698294888_new-project-21.jpg,3,5,0
1698294888_new-project-21.jpg,3,6,0
1698294888_new-project-21.jpg,3,7,0
1698294888_new-project-21.jpg,3,8,0
1698294888_new-project-21.jpg,4,1,0
1698294888_new-project-21.jpg,4,2,0
1698294888_new-project-21.jpg,4,3,0
1698294888_new-project-21.jpg,4,4,0
1698294888_new-project-21.jpg,4,5,0
1698294888_new-project-21.jpg,4,6,0
1698294888_new-project-21.jpg,4,7,0
1698294888_new-project-21.jpg,4,8,0
1698294888_new-project-21.jpg,5,1,0
1698294888_new-project-21.jpg,5,2,0
1698294888_new-project-21.jpg,5,3,0
1698294888_new-project-21.jpg,5,4,0
1698294888_new-project-21.jpg,5,5,0
1698294888_new-project-21.jpg,5,6,2
1698294888_new-project-21.jpg,5,7,0
1698294888_new-project-21.jpg,5,8,0
1698294888_new-project-21.jpg,6,1,0
1698294888_new-project-21.jpg,6,2,0
1698294888_new-project-21.jpg,6,3,0
1698294888_new-project-21.jpg,6,4,0
1698294888_new-project-21.jpg,6,5,0
1698294888_new-project-21.jpg,6,6,2
1698294888_new-project-21.jpg,6,7,0
1698294888_new-project-21.jpg,6,8,1
1698294888_new-project-21.jpg,7,1,0
1698294888_new-project-21.jpg,7,2,0
1698294888_new-project-21.jpg,7,3,0
1698294888_new-project-21.jpg,7,4,0
1698294888_new-project-21.jpg,7,5,0
1698294888_new-project-21.jpg,7,6,2
1698294888_new-project-21.jpg,7,7,0
1698294888_new-project-21.jpg,7,8,0
1698294888_new-project-21.jpg,8,1,0
1698294888_new-project-21.jpg,8,2,0
1698294888_new-project-21.jpg,8,3,0
1698294888_new-project-21.jpg,8,4,0
1698294888_new-project-21.jpg,8,5,0
1698294888_new-project-21.jpg,8,6,2
1698294888_new-project-21.jpg,8,7,2
1698294888_new-project-21.jpg,8,8,0
1735034114535_virat_kohli_outside_off_stump.jpg,1,1,0
1735034114535_virat_kohli_outside_off_stump.jpg,1,2,0
1735034114535_virat_kohli_outside_off_stump.jpg,1,3,0
1735034114535_virat_kohli_outside_off_stump.jpg,1,4,0
1735034114535_virat_kohli_outside_off_stump.jpg,1,5,0
1735034114535_virat_kohli_outside_off_stump.jpg,1,6,0
1735034114535_virat_kohli_outside_off_stump.jpg,1,7,0
1735034114535_virat_kohli_outside_off_stump.jpg,1,8,0
1735034114535_virat_kohli_outside_off_stump.jpg,2,1,0
1735034114535_virat_kohli_outside_off_stump.jpg,2,2,0
1735034114535_virat_kohli_outside_off_stump.jpg,2,3,0
1735034114535_virat_kohli_outside_off_stump.jpg,2,4,0
1735034114535_virat_kohli_outside_off_stump.jpg,2,5,0
1735034114535_virat_kohli_outside_off_stump.jpg,2,6,0
1735034114535_virat_kohli_outside_off_stump.jpg,2,7,0
1735034114535_virat_kohli_outside_off_stump.jpg,2,8,0
1735034114535_virat_kohli_outside_off_stump.jpg,3,1,0
1735034114535_virat_kohli_outside_off_stump.jpg,3,2,3
1735034114535_virat_kohli_outside_off_stump.jpg,3,3,0
1735034114535_virat_kohli_outside_off_stump.jpg,3,4,0
1735034114535_virat_kohli_outside_off_stump.jpg,3,5,0
1735034114535_virat_kohli_outside_off_stump.jpg,3,6,0
1735034114535_virat_kohli_outside_off_stump.jpg,3,7,0
1735034114535_virat_kohli_outside_off_stump.jpg,3,8,0
1735034114535_virat_kohli_outside_off_stump.jpg,4,1,0
1735034114535_virat_kohli_outside_off_stump.jpg,4,2,0
1735034114535_virat_kohli_outside_off_stump.jpg,4,3,0
1735034114535_virat_kohli_outside_off_stump.jpg,4,4,0
1735034114535_virat_kohli_outside_off_stump.jpg,4,5,0
1735034114535_virat_kohli_outside_off_stump.jpg,4,6,2
1735034114535_virat_kohli_outside_off_stump.jpg,4,7,2
1735034114535_virat_kohli_outside_off_stump.jpg,4,8,0
1735034114535_virat_kohli_outside_off_stump.jpg,5,1,0
1735034114535_virat_kohli_outside_off_stump.jpg,5,2,0
1735034114535_virat_kohli_outside_off_stump.jpg,5,3,0
1735034114535_virat_kohli_outside_off_stump.jpg,5,4,0
1735034114535_virat_kohli_outside_off_stump.jpg,5,5,0
1735034114535_virat_kohli_outside_off_stump.jpg,5,6,0
1735034114535_virat_kohli_outside_off_stump.jpg,5,7,0
1735034114535_virat_kohli_outside_off_stump.jpg,5,8,0
1735034114535_virat_kohli_outside_off_stump.jpg,6,1,0
1735034114535_virat_kohli_outside_off_stump.jpg,6,2,0
1735034114535_virat_kohli_outside_off_stump.jpg,6,3,0
1735034114535_virat_kohli_outside_off_stump.jpg,6,4,0
1735034114535_virat_kohli_outside_off_stump.jpg,6,5,0
1735034114535_virat_kohli_outside_off_stump.jpg,6,6,0
1735034114535_virat_kohli_outside_off_stump.jpg,6,7,0
1735034114535_virat_kohli_outside_off_stump.jpg,6,8,0
1735034114535_virat_kohli_outside_off_stump.jpg,7,1,0
1735034114535_virat_kohli_outside_off_stump.jpg,7,2,0
1735034114535_virat_kohli_outside_off_stump.jpg,7,3,0
1735034114535_virat_kohli_outside_off_stump.jpg,7,4,0
1735034114535_virat_kohli_outside_off_stump.jpg,7,5,0
1735034114535_virat_kohli_outside_off_stump.jpg,7,6,0
1735034114535_virat_kohli_outside_off_stump.jpg,7,7,0
1735034114535_virat_kohli_outside_off_stump.jpg,7,8,0
1735034114535_virat_kohli_outside_off_stump.jpg,8,1,0
1735034114535_virat_kohli_outside_off_stump.jpg,8,2,0
1735034114535_virat_kohli_outside_off_stump.jpg,8,3,0
1735034114535_virat_kohli_outside_off_stump.jpg,8,4,0
1735034114535_virat_kohli_outside_off_stump.jpg,8,5,0
1735034114535_virat_kohli_outside_off_stump.jpg,8,6,0
1735034114535_virat_kohli_outside_off_stump.jpg,8,7,0
1735034114535_virat_kohli_outside_off_stump.jpg,8,8,0
1739151141_newbarabati-stadium (1).jpg,1,1,0
1739151141_newbarabati-stadium (1).jpg,1,2,0
1739151141_newbarabati-stadium (1).jpg,1,3,0
1739151141_newbarabati-stadium (1).jpg,1,4,1
1739151141_newbarabati-stadium (1).jpg,1,5,0
1739151141_newbarabati-stadium (1).jpg,1,6,0
1739151141_newbarabati-stadium (1).jpg,1,7,0
1739151141_newbarabati-stadium (1).jpg,1,8,0
1739151141_newbarabati-stadium (1).jpg,2,1,0
1739151141_newbarabati-stadium (1).jpg,2,2,0
1739151141_newbarabati-stadium (1).jpg,2,3,0
1739151141_newbarabati-stadium (1).jpg,2,4,0
1739151141_newbarabati-stadium (1).jpg,2,5,2
1739151141_newbarabati-stadium (1).jpg,2,6,0
1739151141_newbarabati-stadium (1).jpg,2,7,0
1739151141_newbarabati-stadium (1).jpg,2,8,0
1739151141_newbarabati-stadium (1).jpg,3,1,0
1739151141_newbarabati-stadium (1).jpg,3,2,0
1739151141_newbarabati-stadium (1).jpg,3,3,0
1739151141_newbarabati-stadium (1).jpg,3,4,2
1739151141_newbarabati-stadium (1).jpg,3,5,0
1739151141_newbarabati-stadium (1).jpg,3,6,0
1739151141_newbarabati-stadium (1).jpg,3,7,0
1739151141_newbarabati-stadium (1).jpg,3,8,0
1739151141_newbarabati-stadium (1).jpg,4,1,0
1739151141_newbarabati-stadium (1).jpg,4,2,0
1739151141_newbarabati-stadium (1).jpg,4,3,0
1739151141_newbarabati-stadium (1).jpg,4,4,0
1739151141_newbarabati-stadium (1).jpg,4,5,0
1739151141_newbarabati-stadium (1).jpg,4,6,0
1739151141_newbarabati-stadium (1).jpg,4,7,0
1739151141_newbarabati-stadium (1).jpg,4,8,0
1739151141_newbarabati-stadium (1).jpg,5,1,0
1739151141_newbarabati-stadium (1).jpg,5,2,0
1739151141_newbarabati-stadium (1).jpg,5,3,0
1739151141_newbarabati-stadium (1).jpg,5,4,0
1739151141_newbarabati-stadium (1).jpg,5,5,0
1739151141_newbarabati-stadium (1).jpg,5,6,0
1739151141_newbarabati-stadium (1).jpg,5,7,0
1739151141_newbarabati-stadium (1).jpg,5,8,0
1739151141_newbarabati-stadium (1).jpg,6,1,0
1739151141_newbarabati-stadium (1).jpg,6,2,0
1739151141_newbarabati-stadium (1).jpg,6,3,0
1739151141_newbarabati-stadium (1).jpg,6,4,0
1739151141_newbarabati-stadium (1).jpg,6,5,0
1739151141_newbarabati-stadium (1).jpg,6,6,0
1739151141_newbarabati-stadium (1).jpg,6,7,0
1739151141_newbarabati-stadium (1).jpg,6,8,0
1739151141_newbarabati-stadium (1).jpg,7,1,0
1739151141_newbarabati-stadium (1).jpg,7,2,0
1739151141_newbarabati-stadium (1).jpg,7,3,0
1739151141_newbarabati-stadium (1).jpg,7,4,0
1739151141_newbarabati-stadium (1).jpg,7,5,0
1739151141_newbarabati-stadium (1).jpg,7,6,0
1739151141_newbarabati-stadium (1).jpg,7,7,0
1739151141_newbarabati-stadium (1).jpg,7,8,0
1739151141_newbarabati-stadium (1).jpg,8,1,0
1739151141_newbarabati-stadium (1).jpg,8,2,0
1739151141_newbarabati-stadium (1).jpg,8,3,0
1739151141_newbarabati-stadium (1).jpg,8,4,0
1739151141_newbarabati-stadium (1).jpg,8,5,0
1739151141_newbarabati-stadium (1).jpg,8,6,0
1739151141_newbarabati-stadium (1).jpg,8,7,0
1739151141_newbarabati-stadium (1).jpg,8,8,0
1760078603_cricket.jpg,1,1,0
1760078603_cricket.jpg,1,2,0
1760078603_cricket.jpg,1,3,0
1760078603_cricket.jpg,1,4,0
1760078603_cricket.jpg,1,5,0
1760078603_cricket.jpg,1,6,0
1760078603_cricket.jpg,1,7,0
1760078603_cricket.jpg,1,8,0
1760078603_cricket.jpg,2,1,0
1760078603_cricket.jpg,2,2,0
1760078603_cricket.jpg,2,3,0
1760078603_cricket.jpg,2,4,0
1760078603_cricket.jpg,2,5,0
1760078603_cricket.jpg,2,6,0
1760078603_cricket.jpg,2,7,0
1760078603_cricket.jpg,2,8,0
1760078603_cricket.jpg,3,1,0
1760078603_cricket.jpg,3,2,0
1760078603_cricket.jpg,3,3,0
1760078603_cricket.jpg,3,4,0
1760078603_cricket.jpg,3,5,0
1760078603_cricket.jpg,3,6,0
1760078603_cricket.jpg,3,7,0
1760078603_cricket.jpg,3,8,3
1760078603_cricket.jpg,4,1,0
1760078603_cricket.jpg,4,2,0
1760078603_cricket.jpg,4,3,0
1760078603_cricket.jpg,4,4,0
1760078603_cricket.jpg,4,5,0
1760078603_cricket.jpg,4,6,0
1760078603_cricket.jpg,4,7,0
1760078603_cricket.jpg,4,8,0
1760078603_cricket.jpg,5,1,0
1760078603_cricket.jpg,5,2,2
1760078603_cricket.jpg,5,3,0
1760078603_cricket.jpg,5,4,0
1760078603_cricket.jpg,5,5,0
1760078603_cricket.jpg,5,6,0
1760078603_cricket.jpg,5,7,0
1760078603_cricket.jpg,5,8,0
1760078603_cricket.jpg,6,1,0
1760078603_cricket.jpg,6,2,2
1760078603_cricket.jpg,6,3,0
1760078603_cricket.jpg,6,4,0
1760078603_cricket.jpg,6,5,0
1760078603_cricket.jpg,6,6,0
1760078603_cricket.jpg,6,7,0
1760078603_cricket.jpg,6,8,0
1760078603_cricket.jpg,7,1,0
1760078603_cricket.jpg,7,2,2
1760078603_cricket.jpg,7,3,3
1760078603_cricket.jpg,7,4,0
1760078603_cricket.jpg,7,5,0
1760078603_cricket.jpg,7,6,0
1760078603_cricket.jpg,7,7,0
1760078603_cricket.jpg,7,8,0
1760078603_cricket.jpg,8,1,0
1760078603_cricket.jpg,8,2,0
1760078603_cricket.jpg,8,3,3
1760078603_cricket.jpg,8,4,3
1760078603_cricket.jpg,8,5,3
1760078603_cricket.jpg,8,6,3
1760078603_cricket.jpg,8,7,0
1760078603_cricket.jpg,8,8,0
1763440851_new-project-9 (1).jpg,1,1,0
1763440851_new-project-9 (1).jpg,1,2,0
1763440851_new-project-9 (1).jpg,1,3,0
1763440851_new-project-9 (1).jpg,1,4,0
1763440851_new-project-9 (1).jpg,1,5,0
1763440851_new-project-9 (1).jpg,1,6,0
1763440851_new-project-9 (1).jpg,1,7,0
1763440851_new-project-9 (1).jpg,1,8,0
1763440851_new-project-9 (1).jpg,2,1,0
1763440851_new-project-9 (1).jpg,2,2,0
1763440851_new-project-9 (1).jpg,2,3,0
1763440851_new-project-9 (1).jpg,2,4,1
1763440851_new-project-9 (1).jpg,2,5,0
1763440851_new-project-9 (1).jpg,2,6,0
1763440851_new-project-9 (1).jpg,2,7,0
1763440851_new-project-9 (1).jpg,2,8,0
1763440851_new-project-9 (1).jpg,3,1,0
1763440851_new-project-9 (1).jpg,3,2,0
1763440851_new-project-9 (1).jpg,3,3,0
1763440851_new-project-9 (1).jpg,3,4,1
1763440851_new-project-9 (1).jpg,3,5,0
1763440851_new-project-9 (1).jpg,3,6,0
1763440851_new-project-9 (1).jpg,3,7,0
1763440851_new-project-9 (1).jpg,3,8,0
1763440851_new-project-9 (1).jpg,4,1,0
1763440851_new-project-9 (1).jpg,4,2,0
1763440851_new-project-9 (1).jpg,4,3,0
1763440851_new-project-9 (1).jpg,4,4,0
1763440851_new-project-9 (1).jpg,4,5,0
1763440851_new-project-9 (1).jpg,4,6,0
1763440851_new-project-9 (1).jpg,4,7,0
1763440851_new-project-9 (1).jpg,4,8,0
1763440851_new-project-9 (1).jpg,5,1,0
1763440851_new-project-9 (1).jpg,5,2,0
1763440851_new-project-9 (1).jpg,5,3,0
1763440851_new-project-9 (1).jpg,5,4,0
1763440851_new-project-9 (1).jpg,5,5,2
1763440851_new-project-9 (1).jpg,5,6,0
1763440851_new-project-9 (1).jpg,5,7,0
1763440851_new-project-9 (1).jpg,5,8,0
1763440851_new-project-9 (1).jpg,6,1,0
1763440851_new-project-9 (1).jpg,6,2,0
1763440851_new-project-9 (1).jpg,6,3,0
1763440851_new-project-9 (1).jpg,6,4,0
1763440851_new-project-9 (1).jpg,6,5,0
1763440851_new-project-9 (1).jpg,6,6,2
1763440851_new-project-9 (1).jpg,6,7,0
1763440851_new-project-9 (1).jpg,6,8,0
1763440851_new-project-9 (1).jpg,7,1,0
1763440851_new-project-9 (1).jpg,7,2,0
1763440851_new-project-9 (1).jpg,7,3,0
1763440851_new-project-9 (1).jpg,7,4,0
1763440851_new-project-9 (1).jpg,7,5,0
1763440851_new-project-9 (1).jpg,7,6,2
1763440851_new-project-9 (1).jpg,7,7,0
1763440851_new-project-9 (1).jpg,7,8,0
1763440851_new-project-9 (1).jpg,8,1,0
1763440851_new-project-9 (1).jpg,8,2,0
1763440851_new-project-9 (1).jpg,8,3,0
1763440851_new-project-9 (1).jpg,8,4,0
1763440851_new-project-9 (1).jpg,8,5,0
1763440851_new-project-9 (1).jpg,8,6,2
1763440851_new-project-9 (1).jpg,8,7,2
1763440851_new-project-9 (1).jpg,8,8,0
2-One-Cricket-Bats.jpg,1,1,0
2-One-Cricket-Bats.jpg,1,2,0
2-One-Cricket-Bats.jpg,1,3,2
2-One-Cricket-Bats.jpg,1,4,0
2-One-Cricket-Bats.jpg,1,5,2
2-One-Cricket-Bats.jpg,1,6,2
2-One-Cricket-Bats.jpg,1,7,0
2-One-Cricket-Bats.jpg,1,8,0
2-One-Cricket-Bats.jpg,2,1,0
2-One-Cricket-Bats.jpg,2,2,0
2-One-Cricket-Bats.jpg,2,3,2
2-One-Cricket-Bats.jpg,2,4,0
2-One-Cricket-Bats.jpg,2,5,2
2-One-Cricket-Bats.jpg,2,6,2
2-One-Cricket-Bats.jpg,2,7,0
2-One-Cricket-Bats.jpg,2,8,0
2-One-Cricket-Bats.jpg,3,1,0
2-One-Cricket-Bats.jpg,3,2,0
2-One-Cricket-Bats.jpg,3,3,2
2-One-Cricket-Bats.jpg,3,4,2
2-One-Cricket-Bats.jpg,3,5,2
2-One-Cricket-Bats.jpg,3,6,2
2-One-Cricket-Bats.jpg,3,7,0
2-One-Cricket-Bats.jpg,3,8,0
2-One-Cricket-Bats.jpg,4,1,0
2-One-Cricket-Bats.jpg,4,2,0
2-One-Cricket-Bats.jpg,4,3,2
2-One-Cricket-Bats.jpg,4,4,2
2-One-Cricket-Bats.jpg,4,5,2
2-One-Cricket-Bats.jpg,4,6,2
2-One-Cricket-Bats.jpg,4,7,0
2-One-Cricket-Bats.jpg,4,8,0
2-One-Cricket-Bats.jpg,5,1,0
2-One-Cricket-Bats.jpg,5,2,0
2-One-Cricket-Bats.jpg,5,3,2
2-One-Cricket-Bats.jpg,5,4,2
2-One-Cricket-Bats.jpg,5,5,2
2-One-Cricket-Bats.jpg,5,6,2
2-One-Cricket-Bats.jpg,5,7,0
2-One-Cricket-Bats.jpg,5,8,0
2-One-Cricket-Bats.jpg,6,1,0
2-One-Cricket-Bats.jpg,6,2,0
2-One-Cricket-Bats.jpg,6,3,2
2-One-Cricket-Bats.jpg,6,4,2
2-One-Cricket-Bats.jpg,6,5,2
2-One-Cricket-Bats.jpg,6,6,2
2-One-Cricket-Bats.jpg,6,7,0
2-One-Cricket-Bats.jpg,6,8,0
2-One-Cricket-Bats.jpg,7,1,0
2-One-Cricket-Bats.jpg,7,2,0
2-One-Cricket-Bats.jpg,7,3,2
2-One-Cricket-Bats.jpg,7,4,2
2-One-Cricket-Bats.jpg,7,5,2
2-One-Cricket-Bats.jpg,7,6,2
2-One-Cricket-Bats.jpg,7,7,0
2-One-Cricket-Bats.jpg,7,8,0
2-One-Cricket-Bats.jpg,8,1,0
2-One-Cricket-Bats.jpg,8,2,0
2-One-Cricket-Bats.jpg,8,3,2
2-One-Cricket-Bats.jpg,8,4,2
2-One-Cricket-Bats.jpg,8,5,2
2-One-Cricket-Bats.jpg,8,6,2
2-One-Cricket-Bats.jpg,8,7,0
2-One-Cricket-Bats.jpg,8,8,0
2021-Category-Banner-Stumps (1).jpg,1,1,0
2021-Category-Banner-Stumps (1).jpg,1,2,0
2021-Category-Banner-Stumps (1).jpg,1,3,0
2021-Category-Banner-Stumps (1).jpg,1,4,0
2021-Category-Banner-Stumps (1).jpg,1,5,0
2021-Category-Banner-Stumps (1).jpg,1,6,0
2021-Category-Banner-Stumps (1).jpg,1,7,3
2021-Category-Banner-Stumps (1).jpg,1,8,3
2021-Category-Banner-Stumps (1).jpg,2,1,0
2021-Category-Banner-Stumps (1).jpg,2,2,0
2021-Category-Banner-Stumps (1).jpg,2,3,0
2021-Category-Banner-Stumps (1).jpg,2,4,0
2021-Category-Banner-Stumps (1).jpg,2,5,0
2021-Category-Banner-Stumps (1).jpg,2,6,0
2021-Category-Banner-Stumps (1).jpg,2,7,3
2021-Category-Banner-Stumps (1).jpg,2,8,3
2021-Category-Banner-Stumps (1).jpg,3,1,0
2021-Category-Banner-Stumps (1).jpg,3,2,0
2021-Category-Banner-Stumps (1).jpg,3,3,0
2021-Category-Banner-Stumps (1).jpg,3,4,0
2021-Category-Banner-Stumps (1).jpg,3,5,0
2021-Category-Banner-Stumps (1).jpg,3,6,0
2021-Category-Banner-Stumps (1).jpg,3,7,3
2021-Category-Banner-Stumps (1).jpg,3,8,3
2021-Category-Banner-Stumps (1).jpg,4,1,0
2021-Category-Banner-Stumps (1).jpg,4,2,0
2021-Category-Banner-Stumps (1).jpg,4,3,0
2021-Category-Banner-Stumps (1).jpg,4,4,0
2021-Category-Banner-Stumps (1).jpg,4,5,0
2021-Category-Banner-Stumps (1).jpg,4,6,0
2021-Category-Banner-Stumps (1).jpg,4,7,3
2021-Category-Banner-Stumps (1).jpg,4,8,3
2021-Category-Banner-Stumps (1).jpg,5,1,0
2021-Category-Banner-Stumps (1).jpg,5,2,0
2021-Category-Banner-Stumps (1).jpg,5,3,0
2021-Category-Banner-Stumps (1).jpg,5,4,0
2021-Category-Banner-Stumps (1).jpg,5,5,0
2021-Category-Banner-Stumps (1).jpg,5,6,0
2021-Category-Banner-Stumps (1).jpg,5,7,3
2021-Category-Banner-Stumps (1).jpg,5,8,3
2021-Category-Banner-Stumps (1).jpg,6,1,0
2021-Category-Banner-Stumps (1).jpg,6,2,0
2021-Category-Banner-Stumps (1).jpg,6,3,0
2021-Category-Banner-Stumps (1).jpg,6,4,0
2021-Category-Banner-Stumps (1).jpg,6,5,0
2021-Category-Banner-Stumps (1).jpg,6,6,0
2021-Category-Banner-Stumps (1).jpg,6,7,3
2021-Category-Banner-Stumps (1).jpg,6,8,3
2021-Category-Banner-Stumps (1).jpg,7,1,0
2021-Category-Banner-Stumps (1).jpg,7,2,0
2021-Category-Banner-Stumps (1).jpg,7,3,0
2021-Category-Banner-Stumps (1).jpg,7,4,0
2021-Category-Banner-Stumps (1).jpg,7,5,0
2021-Category-Banner-Stumps (1).jpg,7,6,0
2021-Category-Banner-Stumps (1).jpg,7,7,3
2021-Category-Banner-Stumps (1).jpg,7,8,3
2021-Category-Banner-Stumps (1).jpg,8,1,0
2021-Category-Banner-Stumps (1).jpg,8,2,0
2021-Category-Banner-Stumps (1).jpg,8,3,0
2021-Category-Banner-Stumps (1).jpg,8,4,0
2021-Category-Banner-Stumps (1).jpg,8,5,0
2021-Category-Banner-Stumps (1).jpg,8,6,0
2021-Category-Banner-Stumps (1).jpg,8,7,3
2021-Category-Banner-Stumps (1).jpg,8,8,3
2022–23_WNCL_WA_v_ACT_22-09-25_Mack_(07) (1).jpg,1,1,0
2022–23_WNCL_WA_v_ACT_22-09-25_Mack_(07) (1).jpg,1,2,0
2022–23_WNCL_WA_v_ACT_22-09-25_Mack_(07) (1).jpg,1,3,0
2022–23_WNCL_WA_v_ACT_22-09-25_Mack_(07) (1).jpg,1,4,0
2022–23_WNCL_WA_v_ACT_22-09-25_Mack_(07) (1).jpg,1,5,0
2022–23_WNCL_WA_v_ACT_22-09-25_Mack_(07) (1).jpg,1,6,0
2022–23_WNCL_WA_v_ACT_22-09-25_Mack_(07) (1).jpg,1,7,0
2022–23_WNCL_WA_v_ACT_22-09-25_Mack_(07) (1).jpg,1,8,0
2022–23_WNCL_WA_v_ACT_22-09-25_Mack_(07) (1).jpg,2,1,0
2022–23_WNCL_WA_v_ACT_22-09-25_Mack_(07) (1).jpg,2,2,0
2022–23_WNCL_WA_v_ACT_22-09-25_Mack_(07) (1).jpg,2,3,0
2022–23_WNCL_WA_v_ACT_22-09-25_Mack_(07) (1).jpg,2,4,0
2022–23_WNCL_WA_v_ACT_22-09-25_Mack_(07) (1).jpg,2,5,0
2022–23_WNCL_WA_v_ACT_22-09-25_Mack_(07) (1).jpg,2,6,0
2022–23_WNCL_WA_v_ACT_22-09-25_Mack_(07) (1).jpg,2,7,0
2022–23_WNCL_WA_v_ACT_22-09-25_Mack_(07) (1).jpg,2,8,0
2022–23_WNCL_WA_v_ACT_22-09-25_Mack_(07) (1).jpg,3,1,0
2022–23_WNCL_WA_v_ACT_22-09-25_Mack_(07) (1).jpg,3,2,0
2022–23_WNCL_WA_v_ACT_22-09-25_Mack_(07) (1).jpg,3,3,0
2022–23_WNCL_WA_v_ACT_22-09-25_Mack_(07) (1).jpg,3,4,0
2022–23_WNCL_WA_v_ACT_22-09-25_Mack_(07) (1).jpg,3,5,0
2022–23_WNCL_WA_v_ACT_22-09-25_Mack_(07) (1).jpg,3,6,0
2022–23_WNCL_WA_v_ACT_22-09-25_Mack_(07) (1).jpg,3,7,0
2022–23_WNCL_WA_v_ACT_22-09-25_Mack_(07) (1).jpg,3,8,0
2022–23_WNCL_WA_v_ACT_22-09-25_Mack_(07) (1).jpg,4,1,0
2022–23_WNCL_WA_v_ACT_22-09-25_Mack_(07) (1).jpg,4,2,0
2022–23_WNCL_WA_v_ACT_22-09-25_Mack_(07) (1).jpg,4,3,0
2022–23_WNCL_WA_v_ACT_22-09-25_Mack_(07) (1).jpg,4,4,0
2022–23_WNCL_WA_v_ACT_22-09-25_Mack_(07) (1).jpg,4,5,0
2022–23_WNCL_WA_v_ACT_22-09-25_Mack_(07) (1).jpg,4,6,0
2022–23_WNCL_WA_v_ACT_22-09-25_Mack_(07) (1).jpg,4,7,0
2022–23_WNCL_WA_v_ACT_22-09-25_Mack_(07) (1).jpg,4,8,0
2022–23_WNCL_WA_v_ACT_22-09-25_Mack_(07) (1).jpg,5,1,0
2022–23_WNCL_WA_v_ACT_22-09-25_Mack_(07) (1).jpg,5,2,0
2022–23_WNCL_WA_v_ACT_22-09-25_Mack_(07) (1).jpg,5,3,0
2022–23_WNCL_WA_v_ACT_22-09-25_Mack_(07) (1).jpg,5,4,0
2022–23_WNCL_WA_v_ACT_22-09-25_Mack_(07) (1).jpg,5,5,0
2022–23_WNCL_WA_v_ACT_22-09-25_Mack_(07) (1).jpg,5,6,0
2022–23_WNCL_WA_v_ACT_22-09-25_Mack_(07) (1).jpg,5,7,0
2022–23_WNCL_WA_v_ACT_22-09-25_Mack_(07) (1).jpg,5,8,0
2022–23_WNCL_WA_v_ACT_22-09-25_Mack_(07) (1).jpg,6,1,0
2022–23_WNCL_WA_v_ACT_22-09-25_Mack_(07) (1).jpg,6,2,0
2022–23_WNCL_WA_v_ACT_22-09-25_Mack_(07) (1).jpg,6,3,0
2022–23_WNCL_WA_v_ACT_22-09-25_Mack_(07) (1).jpg,6,4,3
2022–23_WNCL_WA_v_ACT_22-09-25_Mack_(07) (1).jpg,6,5,3
2022–23_WNCL_WA_v_ACT_22-09-25_Mack_(07) (1).jpg,6,6,0
2022–23_WNCL_WA_v_ACT_22-09-25_Mack_(07) (1).jpg,6,7,0
2022–23_WNCL_WA_v_ACT_22-09-25_Mack_(07) (1).jpg,6,8,0
2022–23_WNCL_WA_v_ACT_22-09-25_Mack_(07) (1).jpg,7,1,0
2022–23_WNCL_WA_v_ACT_22-09-25_Mack_(07) (1).jpg,7,2,0
2022–23_WNCL_WA_v_ACT_22-09-25_Mack_(07) (1).jpg,7,3,0
2022–23_WNCL_WA_v_ACT_22-09-25_Mack_(07) (1).jpg,7,4,3
2022–23_WNCL_WA_v_ACT_22-09-25_Mack_(07) (1).jpg,7,5,2
2022–23_WNCL_WA_v_ACT_22-09-25_Mack_(07) (1).jpg,7,6,2
2022–23_WNCL_WA_v_ACT_22-09-25_Mack_(07) (1).jpg,7,7,0
2022–23_WNCL_WA_v_ACT_22-09-25_Mack_(07) (1).jpg,7,8,0
2022–23_WNCL_WA_v_ACT_22-09-25_Mack_(07) (1).jpg,8,1,0
2022–23_WNCL_WA_v_ACT_22-09-25_Mack_(07) (1).jpg,8,2,0
2022–23_WNCL_WA_v_ACT_22-09-25_Mack_(07) (1).jpg,8,3,0
2022–23_WNCL_WA_v_ACT_22-09-25_Mack_(07) (1).jpg,8,4,3
2022–23_WNCL_WA_v_ACT_22-09-25_Mack_(07) (1).jpg,8,5,3
2022–23_WNCL_WA_v_ACT_22-09-25_Mack_(07) (1).jpg,8,6,2
2022–23_WNCL_WA_v_ACT_22-09-25_Mack_(07) (1).jpg,8,7,0
2022–23_WNCL_WA_v_ACT_22-09-25_Mack_(07) (1).jpg,8,8,0
2603140-led-stumps.jpg,1,1,0
2603140-led-stumps.jpg,1,2,0
2603140-led-stumps.jpg,1,3,0
2603140-led-stumps.jpg,1,4,0
2603140-led-stumps.jpg,1,5,0
2603140-led-stumps.jpg,1,6,0
2603140-led-stumps.jpg,1,7,0
2603140-led-stumps.jpg,1,8,0
2603140-led-stumps.jpg,2,1,0
2603140-led-stumps.jpg,2,2,0
2603140-led-stumps.jpg,2,3,0
2603140-led-stumps.jpg,2,4,0
2603140-led-stumps.jpg,2,5,0
2603140-led-stumps.jpg,2,6,0
2603140-led-stumps.jpg,2,7,0
2603140-led-stumps.jpg,2,8,0
2603140-led-stumps.jpg,3,1,0
2603140-led-stumps.jpg,3,2,0
2603140-led-stumps.jpg,3,3,0
2603140-led-stumps.jpg,3,4,0
2603140-led-stumps.jpg,3,5,0
2603140-led-stumps.jpg,3,6,0
2603140-led-stumps.jpg,3,7,0
2603140-led-stumps.jpg,3,8,0
2603140-led-stumps.jpg,4,1,0
2603140-led-stumps.jpg,4,2,0
2603140-led-stumps.jpg,4,3,0
2603140-led-stumps.jpg,4,4,0
2603140-led-stumps.jpg,4,5,0
2603140-led-stumps.jpg,4,6,0
2603140-led-stumps.jpg,4,7,0
2603140-led-stumps.jpg,4,8,0
2603140-led-stumps.jpg,5,1,0
2603140-led-stumps.jpg,5,2,3
2603140-led-stumps.jpg,5,3,3
2603140-led-stumps.jpg,5,4,0
2603140-led-stumps.jpg,5,5,0
2603140-led-stumps.jpg,5,6,0
2603140-led-stumps.jpg,5,7,0
2603140-led-stumps.jpg,5,8,0
2603140-led-stumps.jpg,6,1,0
2603140-led-stumps.jpg,6,2,3
2603140-led-stumps.jpg,6,3,3
2603140-led-stumps.jpg,6,4,0
2603140-led-stumps.jpg,6,5,0
2603140-led-stumps.jpg,6,6,0
2603140-led-stumps.jpg,6,7,0
2603140-led-stumps.jpg,6,8,0
2603140-led-stumps.jpg,7,1,0
2603140-led-stumps.jpg,7,2,3
2603140-led-stumps.jpg,7,3,3
2603140-led-stumps.jpg,7,4,0
2603140-led-stumps.jpg,7,5,0
2603140-led-stumps.jpg,7,6,0
2603140-led-stumps.jpg,7,7,0
2603140-led-stumps.jpg,7,8,0
2603140-led-stumps.jpg,8,1,0
2603140-led-stumps.jpg,8,2,3
2603140-led-stumps.jpg,8,3,3
2603140-led-stumps.jpg,8,4,0
2603140-led-stumps.jpg,8,5,0
2603140-led-stumps.jpg,8,6,0
2603140-led-stumps.jpg,8,7,0
2603140-led-stumps.jpg,8,8,0
266795 (1).jpg,1,1,0
266795 (1).jpg,1,2,0
266795 (1).jpg,1,3,0
266795 (1).jpg,1,4,0
266795 (1).jpg,1,5,0
266795 (1).jpg,1,6,0
266795 (1).jpg,1,7,0
266795 (1).jpg,1,8,0
266795 (1).jpg,2,1,0
266795 (1).jpg,2,2,0
266795 (1).jpg,2,3,0
266795 (1).jpg,2,4,0
266795 (1).jpg,2,5,3
266795 (1).jpg,2,6,0
266795 (1).jpg,2,7,0
266795 (1).jpg,2,8,0
266795 (1).jpg,3,1,0
266795 (1).jpg,3,2,0
266795 (1).jpg,3,3,0
266795 (1).jpg,3,4,0
266795 (1).jpg,3,5,3
266795 (1).jpg,3,6,0
266795 (1).jpg,3,7,0
266795 (1).jpg,3,8,2
266795 (1).jpg,4,1,0
266795 (1).jpg,4,2,0
266795 (1).jpg,4,3,0
266795 (1).jpg,4,4,0
266795 (1).jpg,4,5,0
266795 (1).jpg,4,6,0
266795 (1).jpg,4,7,0
266795 (1).jpg,4,8,0
266795 (1).jpg,5,1,0
266795 (1).jpg,5,2,0
266795 (1).jpg,5,3,0
266795 (1).jpg,5,4,0
266795 (1).jpg,5,5,0
266795 (1).jpg,5,6,0
266795 (1).jpg,5,7,0
266795 (1).jpg,5,8,0
266795 (1).jpg,6,1,0
266795 (1).jpg,6,2,0
266795 (1).jpg,6,3,0
266795 (1).jpg,6,4,0
266795 (1).jpg,6,5,0
266795 (1).jpg,6,6,0
266795 (1).jpg,6,7,0
266795 (1).jpg,6,8,0
266795 (1).jpg,7,1,0
266795 (1).jpg,7,2,0
266795 (1).jpg,7,3,0
266795 (1).jpg,7,4,0
266795 (1).jpg,7,5,0
266795 (1).jpg,7,6,0
266795 (1).jpg,7,7,0
266795 (1).jpg,7,8,0
266795 (1).jpg,8,1,0
266795 (1).jpg,8,2,0
266795 (1).jpg,8,3,0
266795 (1).jpg,8,4,0
266795 (1).jpg,8,5,0
266795 (1).jpg,8,6,0
266795 (1).jpg,8,7,0
266795 (1).jpg,8,8,0
289956.11 (1).jpg,1,1,0
289956.11 (1).jpg,1,2,0
289956.11 (1).jpg,1,3,0
289956.11 (1).jpg,1,4,0
289956.11 (1).jpg,1,5,0
289956.11 (1).jpg,1,6,0
289956.11 (1).jpg,1,7,0
289956.11 (1).jpg,1,8,0
289956.11 (1).jpg,2,1,0
289956.11 (1).jpg,2,2,0
289956.11 (1).jpg,2,3,0
289956.11 (1).jpg,2,4,0
289956.11 (1).jpg,2,5,0
289956.11 (1).jpg,2,6,0
289956.11 (1).jpg,2,7,0
289956.11 (1).jpg,2,8,0
289956.11 (1).jpg,3,1,2
289956.11 (1).jpg,3,2,1
289956.11 (1).jpg,3,3,2
289956.11 (1).jpg,3,4,0
289956.11 (1).jpg,3,5,0
289956.11 (1).jpg,3,6,0
289956.11 (1).jpg,3,7,0
289956.11 (1).jpg,3,8,0
289956.11 (1).jpg,4,1,2
289956.11 (1).jpg,4,2,2
289956.11 (1).jpg,4,3,0
289956.11 (1).jpg,4,4,0
289956.11 (1).jpg,4,5,0
289956.11 (1).jpg,4,6,0
289956.11 (1).jpg,4,7,0
289956.11 (1).jpg,4,8,0
289956.11 (1).jpg,5,1,0
289956.11 (1).jpg,5,2,0
289956.11 (1).jpg,5,3,0
289956.11 (1).jpg,5,4,0
289956.11 (1).jpg,5,5,0
289956.11 (1).jpg,5,6,0
289956.11 (1).jpg,5,7,3
289956.11 (1).jpg,5,8,3
289956.11 (1).jpg,6,1,0
289956.11 (1).jpg,6,2,0
289956.11 (1).jpg,6,3,0
289956.11 (1).jpg,6,4,0
289956.11 (1).jpg,6,5,0
289956.11 (1).jpg,6,6,0
289956.11 (1).jpg,6,7,3
289956.11 (1).jpg,6,8,3
289956.11 (1).jpg,7,1,0
289956.11 (1).jpg,7,2,0
289956.11 (1).jpg,7,3,0
289956.11 (1).jpg,7,4,0
289956.11 (1).jpg,7,5,0
289956.11 (1).jpg,7,6,0
289956.11 (1).jpg,7,7,3
289956.11 (1).jpg,7,8,3
289956.11 (1).jpg,8,1,0
289956.11 (1).jpg,8,2,0
289956.11 (1).jpg,8,3,0
289956.11 (1).jpg,8,4,0
289956.11 (1).jpg,8,5,0
289956.11 (1).jpg,8,6,0
289956.11 (1).jpg,8,7,3
289956.11 (1).jpg,8,8,3
2_05_Bairstow_out.jpg,1,1,0
2_05_Bairstow_out.jpg,1,2,0
2_05_Bairstow_out.jpg,1,3,0
2_05_Bairstow_out.jpg,1,4,0
2_05_Bairstow_out.jpg,1,5,0
2_05_Bairstow_out.jpg,1,6,0
2_05_Bairstow_out.jpg,1,7,0
2_05_Bairstow_out.jpg,1,8,0
2_05_Bairstow_out.jpg,2,1,0
2_05_Bairstow_out.jpg,2,2,0
2_05_Bairstow_out.jpg,2,3,0
2_05_Bairstow_out.jpg,2,4,0
2_05_Bairstow_out.jpg,2,5,0
2_05_Bairstow_out.jpg,2,6,0
2_05_Bairstow_out.jpg,2,7,0
2_05_Bairstow_out.jpg,2,8,0
2_05_Bairstow_out.jpg,3,1,0
2_05_Bairstow_out.jpg,3,2,0
2_05_Bairstow_out.jpg,3,3,0
2_05_Bairstow_out.jpg,3,4,0
2_05_Bairstow_out.jpg,3,5,0
2_05_Bairstow_out.jpg,3,6,0
2_05_Bairstow_out.jpg,3,7,0
2_05_Bairstow_out.jpg,3,8,0
2_05_Bairstow_out.jpg,4,1,0
2_05_Bairstow_out.jpg,4,2,0
2_05_Bairstow_out.jpg,4,3,0
2_05_Bairstow_out.jpg,4,4,0
2_05_Bairstow_out.jpg,4,5,0
2_05_Bairstow_out.jpg,4,6,0
2_05_Bairstow_out.jpg,4,7,0
2_05_Bairstow_out.jpg,4,8,0
2_05_Bairstow_out.jpg,5,1,0
2_05_Bairstow_out.jpg,5,2,0
2_05_Bairstow_out.jpg,5,3,0
2_05_Bairstow_out.jpg,5,4,0
2_05_Bairstow_out.jpg,5,5,0
2_05_Bairstow_out.jpg,5,6,0
2_05_Bairstow_out.jpg,5,7,2
2_05_Bairstow_out.jpg,5,8,0
2_05_Bairstow_out.jpg,6,1,0
2_05_Bairstow_out.jpg,6,2,0
2_05_Bairstow_out.jpg,6,3,0
2_05_Bairstow_out.jpg,6,4,0
2_05_Bairstow_out.jpg,6,5,2
2_05_Bairstow_out.jpg,6,6,2
2_05_Bairstow_out.jpg,6,7,2
2_05_Bairstow_out.jpg,6,8,0
2_05_Bairstow_out.jpg,7,1,0
2_05_Bairstow_out.jpg,7,2,0
2_05_Bairstow_out.jpg,7,3,2
2_05_Bairstow_out.jpg,7,4,2
2_05_Bairstow_out.jpg,7,5,2
2_05_Bairstow_out.jpg,7,6,0
2_05_Bairstow_out.jpg,7,7,0
2_05_Bairstow_out.jpg,7,8,0
2_05_Bairstow_out.jpg,8,1,0
2_05_Bairstow_out.jpg,8,2,0
2_05_Bairstow_out.jpg,8,3,0
2_05_Bairstow_out.jpg,8,4,0
2_05_Bairstow_out.jpg,8,5,0
2_05_Bairstow_out.jpg,8,6,0
2_05_Bairstow_out.jpg,8,7,0
2_05_Bairstow_out.jpg,8,8,0
3-9.jpg,1,1,0
3-9.jpg,1,2,0
3-9.jpg,1,3,0
3-9.jpg,1,4,0
3-9.jpg,1,5,0
3-9.jpg,1,6,0
3-9.jpg,1,7,0
3-9.jpg,1,8,0
3-9.jpg,2,1,0
3-9.jpg,2,2,0
3-9.jpg,2,3,0
3-9.jpg,2,4,3
3-9.jpg,2,5,0
3-9.jpg,2,6,0
3-9.jpg,2,7,0
3-9.jpg,2,8,0
3-9.jpg,3,1,0
3-9.jpg,3,2,0
3-9.jpg,3,3,0
3-9.jpg,3,4,3
3-9.jpg,3,5,0
3-9.jpg,3,6,0
3-9.jpg,3,7,0
3-9.jpg,3,8,0
3-9.jpg,4,1,0
3-9.jpg,4,2,0
3-9.jpg,4,3,0
3-9.jpg,4,4,0
3-9.jpg,4,5,0
3-9.jpg,4,6,0
3-9.jpg,4,7,0
3-9.jpg,4,8,0
3-9.jpg,5,1,0
3-9.jpg,5,2,0
3-9.jpg,5,3,3
3-9.jpg,5,4,3
3-9.jpg,5,5,0
3-9.jpg,5,6,0
3-9.jpg,5,7,0
3-9.jpg,5,8,0
3-9.jpg,6,1,0
3-9.jpg,6,2,0
3-9.jpg,6,3,3
3-9.jpg,6,4,3
3-9.jpg,6,5,0
3-9.jpg,6,6,0
3-9.jpg,6,7,0
3-9.jpg,6,8,0
3-9.jpg,7,1,0
3-9.jpg,7,2,0
3-9.jpg,7,3,3
3-9.jpg,7,4,3
3-9.jpg,7,5,0
3-9.jpg,7,6,0
3-9.jpg,7,7,0
3-9.jpg,7,8,0
3-9.jpg,8,1,0
3-9.jpg,8,2,0
3-9.jpg,8,3,3
3-9.jpg,8,4,3
3-9.jpg,8,5,0
3-9.jpg,8,6,0
3-9.jpg,8,7,0
3-9.jpg,8,8,0
37205930-a-cricket-stadium-with-cricket-pitch-and-set-up-wickets-in-the-daytime-under-a-blue-sky.jpg,1,1,0
37205930-a-cricket-stadium-with-cricket-pitch-and-set-up-wickets-in-the-daytime-under-a-blue-sky.jpg,1,2,0
37205930-a-cricket-stadium-with-cricket-pitch-and-set-up-wickets-in-the-daytime-under-a-blue-sky.jpg,1,3,0
37205930-a-cricket-stadium-with-cricket-pitch-and-set-up-wickets-in-the-daytime-under-a-blue-sky.jpg,1,4,0
37205930-a-cricket-stadium-with-cricket-pitch-and-set-up-wickets-in-the-daytime-under-a-blue-sky.jpg,1,5,0
37205930-a-cricket-stadium-with-cricket-pitch-and-set-up-wickets-in-the-daytime-under-a-blue-sky.jpg,1,6,0
37205930-a-cricket-stadium-with-cricket-pitch-and-set-up-wickets-in-the-daytime-under-a-blue-sky.jpg,1,7,0
37205930-a-cricket-stadium-with-cricket-pitch-and-set-up-wickets-in-the-daytime-under-a-blue-sky.jpg,1,8,0
37205930-a-cricket-stadium-with-cricket-pitch-and-set-up-wickets-in-the-daytime-under-a-blue-sky.jpg,2,1,0
37205930-a-cricket-stadium-with-cricket-pitch-and-set-up-wickets-in-the-daytime-under-a-blue-sky.jpg,2,2,0
37205930-a-cricket-stadium-with-cricket-pitch-and-set-up-wickets-in-the-daytime-under-a-blue-sky.jpg,2,3,0
37205930-a-cricket-stadium-with-cricket-pitch-and-set-up-wickets-in-the-daytime-under-a-blue-sky.jpg,2,4,0
37205930-a-cricket-stadium-with-cricket-pitch-and-set-up-wickets-in-the-daytime-under-a-blue-sky.jpg,2,5,0
37205930-a-cricket-stadium-with-cricket-pitch-and-set-up-wickets-in-the-daytime-under-a-blue-sky.jpg,2,6,0
37205930-a-cricket-stadium-with-cricket-pitch-and-set-up-wickets-in-the-daytime-under-a-blue-sky.jpg,2,7,0
37205930-a-cricket-stadium-with-cricket-pitch-and-set-up-wickets-in-the-daytime-under-a-blue-sky.jpg,2,8,0
37205930-a-cricket-stadium-with-cricket-pitch-and-set-up-wickets-in-the-daytime-under-a-blue-sky.jpg,3,1,0
37205930-a-cricket-stadium-with-cricket-pitch-and-set-up-wickets-in-the-daytime-under-a-blue-sky.jpg,3,2,0
37205930-a-cricket-stadium-with-cricket-pitch-and-set-up-wickets-in-the-daytime-under-a-blue-sky.jpg,3,3,0
37205930-a-cricket-stadium-with-cricket-pitch-and-set-up-wickets-in-the-daytime-under-a-blue-sky.jpg,3,4,0
37205930-a-cricket-stadium-with-cricket-pitch-and-set-up-wickets-in-the-daytime-under-a-blue-sky.jpg,3,5,0
37205930-a-cricket-stadium-with-cricket-pitch-and-set-up-wickets-in-the-daytime-under-a-blue-sky.jpg,3,6,0
37205930-a-cricket-stadium-with-cricket-pitch-and-set-up-wickets-in-the-daytime-under-a-blue-sky.jpg,3,7,0
37205930-a-cricket-stadium-with-cricket-pitch-and-set-up-wickets-in-the-daytime-under-a-blue-sky.jpg,3,8,0
37205930-a-cricket-stadium-with-cricket-pitch-and-set-up-wickets-in-the-daytime-under-a-blue-sky.jpg,4,1,0
37205930-a-cricket-stadium-with-cricket-pitch-and-set-up-wickets-in-the-daytime-under-a-blue-sky.jpg,4,2,0
37205930-a-cricket-stadium-with-cricket-pitch-and-set-up-wickets-in-the-daytime-under-a-blue-sky.jpg,4,3,0
37205930-a-cricket-stadium-with-cricket-pitch-and-set-up-wickets-in-the-daytime-under-a-blue-sky.jpg,4,4,0
37205930-a-cricket-stadium-with-cricket-pitch-and-set-up-wickets-in-the-daytime-under-a-blue-sky.jpg,4,5,0
37205930-a-cricket-stadium-with-cricket-pitch-and-set-up-wickets-in-the-daytime-under-a-blue-sky.jpg,4,6,0
37205930-a-cricket-stadium-with-cricket-pitch-and-set-up-wickets-in-the-daytime-under-a-blue-sky.jpg,4,7,0
37205930-a-cricket-stadium-with-cricket-pitch-and-set-up-wickets-in-the-daytime-under-a-blue-sky.jpg,4,8,0
37205930-a-cricket-stadium-with-cricket-pitch-and-set-up-wickets-in-the-daytime-under-a-blue-sky.jpg,5,1,0
37205930-a-cricket-stadium-with-cricket-pitch-and-set-up-wickets-in-the-daytime-under-a-blue-sky.jpg,5,2,0
37205930-a-cricket-stadium-with-cricket-pitch-and-set-up-wickets-in-the-daytime-under-a-blue-sky.jpg,5,3,0
37205930-a-cricket-stadium-with-cricket-pitch-and-set-up-wickets-in-the-daytime-under-a-blue-sky.jpg,5,4,3
37205930-a-cricket-stadium-with-cricket-pitch-and-set-up-wickets-in-the-daytime-under-a-blue-sky.jpg,5,5,3
37205930-a-cricket-stadium-with-cricket-pitch-and-set-up-wickets-in-the-daytime-under-a-blue-sky.jpg,5,6,0
37205930-a-cricket-stadium-with-cricket-pitch-and-set-up-wickets-in-the-daytime-under-a-blue-sky.jpg,5,7,0
37205930-a-cricket-stadium-with-cricket-pitch-and-set-up-wickets-in-the-daytime-under-a-blue-sky.jpg,5,8,0
37205930-a-cricket-stadium-with-cricket-pitch-and-set-up-wickets-in-the-daytime-under-a-blue-sky.jpg,6,1,0
37205930-a-cricket-stadium-with-cricket-pitch-and-set-up-wickets-in-the-daytime-under-a-blue-sky.jpg,6,2,0
37205930-a-cricket-stadium-with-cricket-pitch-and-set-up-wickets-in-the-daytime-under-a-blue-sky.jpg,6,3,0
37205930-a-cricket-stadium-with-cricket-pitch-and-set-up-wickets-in-the-daytime-under-a-blue-sky.jpg,6,4,3
37205930-a-cricket-stadium-with-cricket-pitch-and-set-up-wickets-in-the-daytime-under-a-blue-sky.jpg,6,5,3
37205930-a-cricket-stadium-with-cricket-pitch-and-set-up-wickets-in-the-daytime-under-a-blue-sky.jpg,6,6,0
37205930-a-cricket-stadium-with-cricket-pitch-and-set-up-wickets-in-the-daytime-under-a-blue-sky.jpg,6,7,0
37205930-a-cricket-stadium-with-cricket-pitch-and-set-up-wickets-in-the-daytime-under-a-blue-sky.jpg,6,8,0
37205930-a-cricket-stadium-with-cricket-pitch-and-set-up-wickets-in-the-daytime-under-a-blue-sky.jpg,7,1,0
37205930-a-cricket-stadium-with-cricket-pitch-and-set-up-wickets-in-the-daytime-under-a-blue-sky.jpg,7,2,0
37205930-a-cricket-stadium-with-cricket-pitch-and-set-up-wickets-in-the-daytime-under-a-blue-sky.jpg,7,3,0
37205930-a-cricket-stadium-with-cricket-pitch-and-set-up-wickets-in-the-daytime-under-a-blue-sky.jpg,7,4,3
37205930-a-cricket-stadium-with-cricket-pitch-and-set-up-wickets-in-the-daytime-under-a-blue-sky.jpg,7,5,3
37205930-a-cricket-stadium-with-cricket-pitch-and-set-up-wickets-in-the-daytime-under-a-blue-sky.jpg,7,6,0
37205930-a-cricket-stadium-with-cricket-pitch-and-set-up-wickets-in-the-daytime-under-a-blue-sky.jpg,7,7,0
37205930-a-cricket-stadium-with-cricket-pitch-and-set-up-wickets-in-the-daytime-under-a-blue-sky.jpg,7,8,0
37205930-a-cricket-stadium-with-cricket-pitch-and-set-up-wickets-in-the-daytime-under-a-blue-sky.jpg,8,1,0
37205930-a-cricket-stadium-with-cricket-pitch-and-set-up-wickets-in-the-daytime-under-a-blue-sky.jpg,8,2,0
37205930-a-cricket-stadium-with-cricket-pitch-and-set-up-wickets-in-the-daytime-under-a-blue-sky.jpg,8,3,0
37205930-a-cricket-stadium-with-cricket-pitch-and-set-up-wickets-in-the-daytime-under-a-blue-sky.jpg,8,4,3
37205930-a-cricket-stadium-with-cricket-pitch-and-set-up-wickets-in-the-daytime-under-a-blue-sky.jpg,8,5,3
37205930-a-cricket-stadium-with-cricket-pitch-and-set-up-wickets-in-the-daytime-under-a-blue-sky.jpg,8,6,0
37205930-a-cricket-stadium-with-cricket-pitch-and-set-up-wickets-in-the-daytime-under-a-blue-sky.jpg,8,7,0
37205930-a-cricket-stadium-with-cricket-pitch-and-set-up-wickets-in-the-daytime-under-a-blue-sky.jpg,8,8,0
38a127fff03644b28dc2d38e56381cb6-38a127fff03644b28dc2d38e56381cb6-0_1632740350347.jpg,1,1,0
38a127fff03644b28dc2d38e56381cb6-38a127fff03644b28dc2d38e56381cb6-0_1632740350347.jpg,1,2,0
38a127fff03644b28dc2d38e56381cb6-38a127fff03644b28dc2d38e56381cb6-0_1632740350347.jpg,1,3,0
38a127fff03644b28dc2d38e56381cb6-38a127fff03644b28dc2d38e56381cb6-0_1632740350347.jpg,1,4,0
38a127fff03644b28dc2d38e56381cb6-38a127fff03644b28dc2d38e56381cb6-0_1632740350347.jpg,1,5,0
38a127fff03644b28dc2d38e56381cb6-38a127fff03644b28dc2d38e56381cb6-0_1632740350347.jpg,1,6,0
38a127fff03644b28dc2d38e56381cb6-38a127fff03644b28dc2d38e56381cb6-0_1632740350347.jpg,1,7,0
38a127fff03644b28dc2d38e56381cb6-38a127fff03644b28dc2d38e56381cb6-0_1632740350347.jpg,1,8,0
38a127fff03644b28dc2d38e56381cb6-38a127fff03644b28dc2d38e56381cb6-0_1632740350347.jpg,2,1,0
38a127fff03644b28dc2d38e56381cb6-38a127fff03644b28dc2d38e56381cb6-0_1632740350347.jpg,2,2,0
38a127fff03644b28dc2d38e56381cb6-38a127fff03644b28dc2d38e56381cb6-0_1632740350347.jpg,2,3,0
38a127fff03644b28dc2d38e56381cb6-38a127fff03644b28dc2d38e56381cb6-0_1632740350347.jpg,2,4,0
38a127fff03644b28dc2d38e56381cb6-38a127fff03644b28dc2d38e56381cb6-0_1632740350347.jpg,2,5,0
38a127fff03644b28dc2d38e56381cb6-38a127fff03644b28dc2d38e56381cb6-0_1632740350347.jpg,2,6,0
38a127fff03644b28dc2d38e56381cb6-38a127fff03644b28dc2d38e56381cb6-0_1632740350347.jpg,2,7,0
38a127fff03644b28dc2d38e56381cb6-38a127fff03644b28dc2d38e56381cb6-0_1632740350347.jpg,2,8,0
38a127fff03644b28dc2d38e56381cb6-38a127fff03644b28dc2d38e56381cb6-0_1632740350347.jpg,3,1,0
38a127fff03644b28dc2d38e56381cb6-38a127fff03644b28dc2d38e56381cb6-0_1632740350347.jpg,3,2,0
38a127fff03644b28dc2d38e56381cb6-38a127fff03644b28dc2d38e56381cb6-0_1632740350347.jpg,3,3,0
38a127fff03644b28dc2d38e56381cb6-38a127fff03644b28dc2d38e56381cb6-0_1632740350347.jpg,3,4,0
38a127fff03644b28dc2d38e56381cb6-38a127fff03644b28dc2d38e56381cb6-0_1632740350347.jpg,3,5,1
38a127fff03644b28dc2d38e56381cb6-38a127fff03644b28dc2d38e56381cb6-0_1632740350347.jpg,3,6,2
38a127fff03644b28dc2d38e56381cb6-38a127fff03644b28dc2d38e56381cb6-0_1632740350347.jpg,3,7,2
38a127fff03644b28dc2d38e56381cb6-38a127fff03644b28dc2d38e56381cb6-0_1632740350347.jpg,3,8,0
38a127fff03644b28dc2d38e56381cb6-38a127fff03644b28dc2d38e56381cb6-0_1632740350347.jpg,4,1,0
38a127fff03644b28dc2d38e56381cb6-38a127fff03644b28dc2d38e56381cb6-0_1632740350347.jpg,4,2,0
38a127fff03644b28dc2d38e56381cb6-38a127fff03644b28dc2d38e56381cb6-0_1632740350347.jpg,4,3,0
38a127fff03644b28dc2d38e56381cb6-38a127fff03644b28dc2d38e56381cb6-0_1632740350347.jpg,4,4,0
38a127fff03644b28dc2d38e56381cb6-38a127fff03644b28dc2d38e56381cb6-0_1632740350347.jpg,4,5,0
38a127fff03644b28dc2d38e56381cb6-38a127fff03644b28dc2d38e56381cb6-0_1632740350347.jpg,4,6,2
38a127fff03644b28dc2d38e56381cb6-38a127fff03644b28dc2d38e56381cb6-0_1632740350347.jpg,4,7,0
38a127fff03644b28dc2d38e56381cb6-38a127fff03644b28dc2d38e56381cb6-0_1632740350347.jpg,4,8,0
38a127fff03644b28dc2d38e56381cb6-38a127fff03644b28dc2d38e56381cb6-0_1632740350347.jpg,5,1,0
38a127fff03644b28dc2d38e56381cb6-38a127fff03644b28dc2d38e56381cb6-0_1632740350347.jpg,5,2,0
38a127fff03644b28dc2d38e56381cb6-38a127fff03644b28dc2d38e56381cb6-0_1632740350347.jpg,5,3,0
38a127fff03644b28dc2d38e56381cb6-38a127fff03644b28dc2d38e56381cb6-0_1632740350347.jpg,5,4,0
38a127fff03644b28dc2d38e56381cb6-38a127fff03644b28dc2d38e56381cb6-0_1632740350347.jpg,5,5,0
38a127fff03644b28dc2d38e56381cb6-38a127fff03644b28dc2d38e56381cb6-0_1632740350347.jpg,5,6,0
38a127fff03644b28dc2d38e56381cb6-38a127fff03644b28dc2d38e56381cb6-0_1632740350347.jpg,5,7,0
38a127fff03644b28dc2d38e56381cb6-38a127fff03644b28dc2d38e56381cb6-0_1632740350347.jpg,5,8,0
38a127fff03644b28dc2d38e56381cb6-38a127fff03644b28dc2d38e56381cb6-0_1632740350347.jpg,6,1,0
38a127fff03644b28dc2d38e56381cb6-38a127fff03644b28dc2d38e56381cb6-0_1632740350347.jpg,6,2,0
38a127fff03644b28dc2d38e56381cb6-38a127fff03644b28dc2d38e56381cb6-0_1632740350347.jpg,6,3,0
38a127fff03644b28dc2d38e56381cb6-38a127fff03644b28dc2d38e56381cb6-0_1632740350347.jpg,6,4,3
38a127fff03644b28dc2d38e56381cb6-38a127fff03644b28dc2d38e56381cb6-0_1632740350347.jpg,6,5,3
38a127fff03644b28dc2d38e56381cb6-38a127fff03644b28dc2d38e56381cb6-0_1632740350347.jpg,6,6,0
38a127fff03644b28dc2d38e56381cb6-38a127fff03644b28dc2d38e56381cb6-0_1632740350347.jpg,6,7,0
38a127fff03644b28dc2d38e56381cb6-38a127fff03644b28dc2d38e56381cb6-0_1632740350347.jpg,6,8,0
38a127fff03644b28dc2d38e56381cb6-38a127fff03644b28dc2d38e56381cb6-0_1632740350347.jpg,7,1,0
38a127fff03644b28dc2d38e56381cb6-38a127fff03644b28dc2d38e56381cb6-0_1632740350347.jpg,7,2,0
38a127fff03644b28dc2d38e56381cb6-38a127fff03644b28dc2d38e56381cb6-0_1632740350347.jpg,7,3,0
38a127fff03644b28dc2d38e56381cb6-38a127fff03644b28dc2d38e56381cb6-0_1632740350347.jpg,7,4,3
38a127fff03644b28dc2d38e56381cb6-38a127fff03644b28dc2d38e56381cb6-0_1632740350347.jpg,7,5,3
38a127fff03644b28dc2d38e56381cb6-38a127fff03644b28dc2d38e56381cb6-0_1632740350347.jpg,7,6,0
38a127fff03644b28dc2d38e56381cb6-38a127fff03644b28dc2d38e56381cb6-0_1632740350347.jpg,7,7,0
38a127fff03644b28dc2d38e56381cb6-38a127fff03644b28dc2d38e56381cb6-0_1632740350347.jpg,7,8,0
38a127fff03644b28dc2d38e56381cb6-38a127fff03644b28dc2d38e56381cb6-0_1632740350347.jpg,8,1,0
38a127fff03644b28dc2d38e56381cb6-38a127fff03644b28dc2d38e56381cb6-0_1632740350347.jpg,8,2,0
38a127fff03644b28dc2d38e56381cb6-38a127fff03644b28dc2d38e56381cb6-0_1632740350347.jpg,8,3,0
38a127fff03644b28dc2d38e56381cb6-38a127fff03644b28dc2d38e56381cb6-0_1632740350347.jpg,8,4,3
38a127fff03644b28dc2d38e56381cb6-38a127fff03644b28dc2d38e56381cb6-0_1632740350347.jpg,8,5,3
38a127fff03644b28dc2d38e56381cb6-38a127fff03644b28dc2d38e56381cb6-0_1632740350347.jpg,8,6,0
38a127fff03644b28dc2d38e56381cb6-38a127fff03644b28dc2d38e56381cb6-0_1632740350347.jpg,8,7,0
38a127fff03644b28dc2d38e56381cb6-38a127fff03644b28dc2d38e56381cb6-0_1632740350347.jpg,8,8,0
3CAS5Setof3SpringPlasticStumpswithBase_Bails.jpg,1,1,0
3CAS5Setof3SpringPlasticStumpswithBase_Bails.jpg,1,2,0
3CAS5Setof3SpringPlasticStumpswithBase_Bails.jpg,1,3,0
3CAS5Setof3SpringPlasticStumpswithBase_Bails.jpg,1,4,3
3CAS5Setof3SpringPlasticStumpswithBase_Bails.jpg,1,5,3
3CAS5Setof3SpringPlasticStumpswithBase_Bails.jpg,1,6,3
3CAS5Setof3SpringPlasticStumpswithBase_Bails.jpg,1,7,0
3CAS5Setof3SpringPlasticStumpswithBase_Bails.jpg,1,8,0
3CAS5Setof3SpringPlasticStumpswithBase_Bails.jpg,2,1,0
3CAS5Setof3SpringPlasticStumpswithBase_Bails.jpg,2,2,0
3CAS5Setof3SpringPlasticStumpswithBase_Bails.jpg,2,3,0
3CAS5Setof3SpringPlasticStumpswithBase_Bails.jpg,2,4,3
3CAS5Setof3SpringPlasticStumpswithBase_Bails.jpg,2,5,3
3CAS5Setof3SpringPlasticStumpswithBase_Bails.jpg,2,6,3
3CAS5Setof3SpringPlasticStumpswithBase_Bails.jpg,2,7,0
3CAS5Setof3SpringPlasticStumpswithBase_Bails.jpg,2,8,0
3CAS5Setof3SpringPlasticStumpswithBase_Bails.jpg,3,1,0
3CAS5Setof3SpringPlasticStumpswithBase_Bails.jpg,3,2,0
3CAS5Setof3SpringPlasticStumpswithBase_Bails.jpg,3,3,0
3CAS5Setof3SpringPlasticStumpswithBase_Bails.jpg,3,4,3
3CAS5Setof3SpringPlasticStumpswithBase_Bails.jpg,3,5,3
3CAS5Setof3SpringPlasticStumpswithBase_Bails.jpg,3,6,3
3CAS5Setof3SpringPlasticStumpswithBase_Bails.jpg,3,7,0
3CAS5Setof3SpringPlasticStumpswithBase_Bails.jpg,3,8,0
3CAS5Setof3SpringPlasticStumpswithBase_Bails.jpg,4,1,0
3CAS5Setof3SpringPlasticStumpswithBase_Bails.jpg,4,2,0
3CAS5Setof3SpringPlasticStumpswithBase_Bails.jpg,4,3,0
3CAS5Setof3SpringPlasticStumpswithBase_Bails.jpg,4,4,3
3CAS5Setof3SpringPlasticStumpswithBase_Bails.jpg,4,5,3
3CAS5Setof3SpringPlasticStumpswithBase_Bails.jpg,4,6,3
3CAS5Setof3SpringPlasticStumpswithBase_Bails.jpg,4,7,0
3CAS5Setof3SpringPlasticStumpswithBase_Bails.jpg,4,8,0
3CAS5Setof3SpringPlasticStumpswithBase_Bails.jpg,5,1,0
3CAS5Setof3SpringPlasticStumpswithBase_Bails.jpg,5,2,0
3CAS5Setof3SpringPlasticStumpswithBase_Bails.jpg,5,3,0
3CAS5Setof3SpringPlasticStumpswithBase_Bails.jpg,5,4,3
3CAS5Setof3SpringPlasticStumpswithBase_Bails.jpg,5,5,3
3CAS5Setof3SpringPlasticStumpswithBase_Bails.jpg,5,6,3
3CAS5Setof3SpringPlasticStumpswithBase_Bails.jpg,5,7,0
3CAS5Setof3SpringPlasticStumpswithBase_Bails.jpg,5,8,0
3CAS5Setof3SpringPlasticStumpswithBase_Bails.jpg,6,1,0
3CAS5Setof3SpringPlasticStumpswithBase_Bails.jpg,6,2,0
3CAS5Setof3SpringPlasticStumpswithBase_Bails.jpg,6,3,0
3CAS5Setof3SpringPlasticStumpswithBase_Bails.jpg,6,4,3
3CAS5Setof3SpringPlasticStumpswithBase_Bails.jpg,6,5,3
3CAS5Setof3SpringPlasticStumpswithBase_Bails.jpg,6,6,3
3CAS5Setof3SpringPlasticStumpswithBase_Bails.jpg,6,7,0
3CAS5Setof3SpringPlasticStumpswithBase_Bails.jpg,6,8,0
3CAS5Setof3SpringPlasticStumpswithBase_Bails.jpg,7,1,0
3CAS5Setof3SpringPlasticStumpswithBase_Bails.jpg,7,2,0
3CAS5Setof3SpringPlasticStumpswithBase_Bails.jpg,7,3,0
3CAS5Setof3SpringPlasticStumpswithBase_Bails.jpg,7,4,3
3CAS5Setof3SpringPlasticStumpswithBase_Bails.jpg,7,5,3
3CAS5Setof3SpringPlasticStumpswithBase_Bails.jpg,7,6,3
3CAS5Setof3SpringPlasticStumpswithBase_Bails.jpg,7,7,0
3CAS5Setof3SpringPlasticStumpswithBase_Bails.jpg,7,8,0
3CAS5Setof3SpringPlasticStumpswithBase_Bails.jpg,8,1,0
3CAS5Setof3SpringPlasticStumpswithBase_Bails.jpg,8,2,0
3CAS5Setof3SpringPlasticStumpswithBase_Bails.jpg,8,3,0
3CAS5Setof3SpringPlasticStumpswithBase_Bails.jpg,8,4,3
3CAS5Setof3SpringPlasticStumpswithBase_Bails.jpg,8,5,3
3CAS5Setof3SpringPlasticStumpswithBase_Bails.jpg,8,6,3
3CAS5Setof3SpringPlasticStumpswithBase_Bails.jpg,8,7,0
3CAS5Setof3SpringPlasticStumpswithBase_Bails.jpg,8,8,0
4138RahOWCL.jpg,1,1,0
4138RahOWCL.jpg,1,2,0
4138RahOWCL.jpg,1,3,0
4138RahOWCL.jpg,1,4,3
4138RahOWCL.jpg,1,5,3
4138RahOWCL.jpg,1,6,3
4138RahOWCL.jpg,1,7,0
4138RahOWCL.jpg,1,8,0
4138RahOWCL.jpg,2,1,0
4138RahOWCL.jpg,2,2,0
4138RahOWCL.jpg,2,3,0
4138RahOWCL.jpg,2,4,3
4138RahOWCL.jpg,2,5,3
4138RahOWCL.jpg,2,6,3
4138RahOWCL.jpg,2,7,0
4138RahOWCL.jpg,2,8,0
4138RahOWCL.jpg,3,1,0
4138RahOWCL.jpg,3,2,0
4138RahOWCL.jpg,3,3,0
4138RahOWCL.jpg,3,4,3
4138RahOWCL.jpg,3,5,3
4138RahOWCL.jpg,3,6,3
4138RahOWCL.jpg,3,7,0
4138RahOWCL.jpg,3,8,0
4138RahOWCL.jpg,4,1,0
4138RahOWCL.jpg,4,2,0
4138RahOWCL.jpg,4,3,0
4138RahOWCL.jpg,4,4,3
4138RahOWCL.jpg,4,5,3
4138RahOWCL.jpg,4,6,3
4138RahOWCL.jpg,4,7,0
4138RahOWCL.jpg,4,8,0
4138RahOWCL.jpg,5,1,0
4138RahOWCL.jpg,5,2,0
4138RahOWCL.jpg,5,3,0
4138RahOWCL.jpg,5,4,3
4138RahOWCL.jpg,5,5,3
4138RahOWCL.jpg,5,6,3
4138RahOWCL.jpg,5,7,0
4138RahOWCL.jpg,5,8,0
4138RahOWCL.jpg,6,1,0
4138RahOWCL.jpg,6,2,0
4138RahOWCL.jpg,6,3,0
4138RahOWCL.jpg,6,4,3
4138RahOWCL.jpg,6,5,3
4138RahOWCL.jpg,6,6,3
4138RahOWCL.jpg,6,7,0
4138RahOWCL.jpg,6,8,0
4138RahOWCL.jpg,7,1,0
4138RahOWCL.jpg,7,2,0
4138RahOWCL.jpg,7,3,0
4138RahOWCL.jpg,7,4,3
4138RahOWCL.jpg,7,5,3
4138RahOWCL.jpg,7,6,3
4138RahOWCL.jpg,7,7,0
4138RahOWCL.jpg,7,8,0
4138RahOWCL.jpg,8,1,0
4138RahOWCL.jpg,8,2,0
4138RahOWCL.jpg,8,3,0
4138RahOWCL.jpg,8,4,0
4138RahOWCL.jpg,8,5,3
4138RahOWCL.jpg,8,6,3
4138RahOWCL.jpg,8,7,0
4138RahOWCL.jpg,8,8,0
51N4osZp-rL.jpg,1,1,0
51N4osZp-rL.jpg,1,2,0
51N4osZp-rL.jpg,1,3,0
51N4osZp-rL.jpg,1,4,0
51N4osZp-rL.jpg,1,5,0
51N4osZp-rL.jpg,1,6,0
51N4osZp-rL.jpg,1,7,0
51N4osZp-rL.jpg,1,8,0
51N4osZp-rL.jpg,2,1,0
51N4osZp-rL.jpg,2,2,0
51N4osZp-rL.jpg,2,3,0
51N4osZp-rL.jpg,2,4,0
51N4osZp-rL.jpg,2,5,0
51N4osZp-rL.jpg,2,6,0
51N4osZp-rL.jpg,2,7,0
51N4osZp-rL.jpg,2,8,0
51N4osZp-rL.jpg,3,1,0
51N4osZp-rL.jpg,3,2,0
51N4osZp-rL.jpg,3,3,0
51N4osZp-rL.jpg,3,4,0
51N4osZp-rL.jpg,3,5,0
51N4osZp-rL.jpg,3,6,0
51N4osZp-rL.jpg,3,7,0
51N4osZp-rL.jpg,3,8,0
51N4osZp-rL.jpg,4,1,0
51N4osZp-rL.jpg,4,2,0
51N4osZp-rL.jpg,4,3,3
51N4osZp-rL.jpg,4,4,3
51N4osZp-rL.jpg,4,5,0
51N4osZp-rL.jpg,4,6,0
51N4osZp-rL.jpg,4,7,0
51N4osZp-rL.jpg,4,8,0
51N4osZp-rL.jpg,5,1,0
51N4osZp-rL.jpg,5,2,0
51N4osZp-rL.jpg,5,3,3
51N4osZp-rL.jpg,5,4,3
51N4osZp-rL.jpg,5,5,0
51N4osZp-rL.jpg,5,6,0
51N4osZp-rL.jpg,5,7,0
51N4osZp-rL.jpg,5,8,0
51N4osZp-rL.jpg,6,1,0
51N4osZp-rL.jpg,6,2,0
51N4osZp-rL.jpg,6,3,3
51N4osZp-rL.jpg,6,4,3
51N4osZp-rL.jpg,6,5,0
51N4osZp-rL.jpg,6,6,0
51N4osZp-rL.jpg,6,7,0
51N4osZp-rL.jpg,6,8,0
51N4osZp-rL.jpg,7,1,0
51N4osZp-rL.jpg,7,2,0
51N4osZp-rL.jpg,7,3,3
51N4osZp-rL.jpg,7,4,3
51N4osZp-rL.jpg,7,5,0
51N4osZp-rL.jpg,7,6,0
51N4osZp-rL.jpg,7,7,0
51N4osZp-rL.jpg,7,8,0
51N4osZp-rL.jpg,8,1,0
51N4osZp-rL.jpg,8,2,0
51N4osZp-rL.jpg,8,3,3
51N4osZp-rL.jpg,8,4,3
51N4osZp-rL.jpg,8,5,0
51N4osZp-rL.jpg,8,6,0
51N4osZp-rL.jpg,8,7,0
51N4osZp-rL.jpg,8,8,0
51vixSq1Z9L (1).jpg,1,1,0
51vixSq1Z9L (1).jpg,1,2,0
51vixSq1Z9L (1).jpg,1,3,3
51vixSq1Z9L (1).jpg,1,4,3
51vixSq1Z9L (1).jpg,1,5,3
51vixSq1Z9L (1).jpg,1,6,3
51vixSq1Z9L (1).jpg,1,7,0
51vixSq1Z9L (1).jpg,1,8,0
51vixSq1Z9L (1).jpg,2,1,0
51vixSq1Z9L (1).jpg,2,2,0
51vixSq1Z9L (1).jpg,2,3,3
51vixSq1Z9L (1).jpg,2,4,3
51vixSq1Z9L (1).jpg,2,5,3
51vixSq1Z9L (1).jpg,2,6,3
51vixSq1Z9L (1).jpg,2,7,0
51vixSq1Z9L (1).jpg,2,8,0
51vixSq1Z9L (1).jpg,3,1,0
51vixSq1Z9L (1).jpg,3,2,0
51vixSq1Z9L (1).jpg,3,3,3
51vixSq1Z9L (1).jpg,3,4,3
51vixSq1Z9L (1).jpg,3,5,3
51vixSq1Z9L (1).jpg,3,6,3
51vixSq1Z9L (1).jpg,3,7,0
51vixSq1Z9L (1).jpg,3,8,0
51vixSq1Z9L (1).jpg,4,1,0
51vixSq1Z9L (1).jpg,4,2,0
51vixSq1Z9L (1).jpg,4,3,3
51vixSq1Z9L (1).jpg,4,4,3
51vixSq1Z9L (1).jpg,4,5,3
51vixSq1Z9L (1).jpg,4,6,3
51vixSq1Z9L (1).jpg,4,7,0
51vixSq1Z9L (1).jpg,4,8,0
51vixSq1Z9L (1).jpg,5,1,0
51vixSq1Z9L (1).jpg,5,2,0
51vixSq1Z9L (1).jpg,5,3,3
51vixSq1Z9L (1).jpg,5,4,3
51vixSq1Z9L (1).jpg,5,5,3
51vixSq1Z9L (1).jpg,5,6,3
51vixSq1Z9L (1).jpg,5,7,0
51vixSq1Z9L (1).jpg,5,8,0
51vixSq1Z9L (1).jpg,6,1,0
51vixSq1Z9L (1).jpg,6,2,0
51vixSq1Z9L (1).jpg,6,3,3
51vixSq1Z9L (1).jpg,6,4,3
51vixSq1Z9L (1).jpg,6,5,3
51vixSq1Z9L (1).jpg,6,6,3
51vixSq1Z9L (1).jpg,6,7,0
51vixSq1Z9L (1).jpg,6,8,0
51vixSq1Z9L (1).jpg,7,1,0
51vixSq1Z9L (1).jpg,7,2,0
51vixSq1Z9L (1).jpg,7,3,3
51vixSq1Z9L (1).jpg,7,4,3
51vixSq1Z9L (1).jpg,7,5,3
51vixSq1Z9L (1).jpg,7,6,3
51vixSq1Z9L (1).jpg,7,7,0
51vixSq1Z9L (1).jpg,7,8,0
51vixSq1Z9L (1).jpg,8,1,0
51vixSq1Z9L (1).jpg,8,2,0
51vixSq1Z9L (1).jpg,8,3,3
51vixSq1Z9L (1).jpg,8,4,3
51vixSq1Z9L (1).jpg,8,5,3
51vixSq1Z9L (1).jpg,8,6,3
51vixSq1Z9L (1).jpg,8,7,0
51vixSq1Z9L (1).jpg,8,8,0
51xKwpMH5OL.jpg,1,1,0
51xKwpMH5OL.jpg,1,2,0
51xKwpMH5OL.jpg,1,3,3
51xKwpMH5OL.jpg,1,4,3
51xKwpMH5OL.jpg,1,5,3
51xKwpMH5OL.jpg,1,6,3
51xKwpMH5OL.jpg,1,7,0
51xKwpMH5OL.jpg,1,8,0
51xKwpMH5OL.jpg,2,1,0
51xKwpMH5OL.jpg,2,2,0
51xKwpMH5OL.jpg,2,3,3
51xKwpMH5OL.jpg,2,4,3
51xKwpMH5OL.jpg,2,5,3
51xKwpMH5OL.jpg,2,6,3
51xKwpMH5OL.jpg,2,7,0
51xKwpMH5OL.jpg,2,8,0
51xKwpMH5OL.jpg,3,1,0
51xKwpMH5OL.jpg,3,2,0
51xKwpMH5OL.jpg,3,3,3
51xKwpMH5OL.jpg,3,4,3
51xKwpMH5OL.jpg,3,5,3
51xKwpMH5OL.jpg,3,6,3
51xKwpMH5OL.jpg,3,7,0
51xKwpMH5OL.jpg,3,8,0
51xKwpMH5OL.jpg,4,1,0
51xKwpMH5OL.jpg,4,2,0
51xKwpMH5OL.jpg,4,3,3
51xKwpMH5OL.jpg,4,4,3
51xKwpMH5OL.jpg,4,5,3
51xKwpMH5OL.jpg,4,6,3
51xKwpMH5OL.jpg,4,7,0
51xKwpMH5OL.jpg,4,8,0
51xKwpMH5OL.jpg,5,1,0
51xKwpMH5OL.jpg,5,2,0
51xKwpMH5OL.jpg,5,3,3
51xKwpMH5OL.jpg,5,4,3
51xKwpMH5OL.jpg,5,5,3
51xKwpMH5OL.jpg,5,6,3
51xKwpMH5OL.jpg,5,7,0
51xKwpMH5OL.jpg,5,8,0
51xKwpMH5OL.jpg,6,1,0
51xKwpMH5OL.jpg,6,2,0
51xKwpMH5OL.jpg,6,3,3
51xKwpMH5OL.jpg,6,4,3
51xKwpMH5OL.jpg,6,5,3
51xKwpMH5OL.jpg,6,6,3
51xKwpMH5OL.jpg,6,7,0
51xKwpMH5OL.jpg,6,8,0
51xKwpMH5OL.jpg,7,1,0
51xKwpMH5OL.jpg,7,2,0
51xKwpMH5OL.jpg,7,3,3
51xKwpMH5OL.jpg,7,4,3
51xKwpMH5OL.jpg,7,5,3
51xKwpMH5OL.jpg,7,6,3
51xKwpMH5OL.jpg,7,7,0
51xKwpMH5OL.jpg,7,8,0
51xKwpMH5OL.jpg,8,1,0
51xKwpMH5OL.jpg,8,2,0
51xKwpMH5OL.jpg,8,3,3
51xKwpMH5OL.jpg,8,4,3
51xKwpMH5OL.jpg,8,5,3
51xKwpMH5OL.jpg,8,6,3
51xKwpMH5OL.jpg,8,7,0
51xKwpMH5OL.jpg,8,8,0
51yt53t775L_1.jpg,1,1,0
51yt53t775L_1.jpg,1,2,0
51yt53t775L_1.jpg,1,3,0
51yt53t775L_1.jpg,1,4,0
51yt53t775L_1.jpg,1,5,3
51yt53t775L_1.jpg,1,6,3
51yt53t775L_1.jpg,1,7,3
51yt53t775L_1.jpg,1,8,0
51yt53t775L_1.jpg,2,1,0
51yt53t775L_1.jpg,2,2,0
51yt53t775L_1.jpg,2,3,0
51yt53t775L_1.jpg,2,4,0
51yt53t775L_1.jpg,2,5,3
51yt53t775L_1.jpg,2,6,3
51yt53t775L_1.jpg,2,7,3
51yt53t775L_1.jpg,2,8,0
51yt53t775L_1.jpg,3,1,0
51yt53t775L_1.jpg,3,2,0
51yt53t775L_1.jpg,3,3,0
51yt53t775L_1.jpg,3,4,0
51yt53t775L_1.jpg,3,5,3
51yt53t775L_1.jpg,3,6,3
51yt53t775L_1.jpg,3,7,3
51yt53t775L_1.jpg,3,8,0
51yt53t775L_1.jpg,4,1,0
51yt53t775L_1.jpg,4,2,0
51yt53t775L_1.jpg,4,3,0
51yt53t775L_1.jpg,4,4,0
51yt53t775L_1.jpg,4,5,3
51yt53t775L_1.jpg,4,6,3
51yt53t775L_1.jpg,4,7,3
51yt53t775L_1.jpg,4,8,0
51yt53t775L_1.jpg,5,1,0
51yt53t775L_1.jpg,5,2,0
51yt53t775L_1.jpg,5,3,0
51yt53t775L_1.jpg,5,4,0
51yt53t775L_1.jpg,5,5,3
51yt53t775L_1.jpg,5,6,3
51yt53t775L_1.jpg,5,7,3
51yt53t775L_1.jpg,5,8,0
51yt53t775L_1.jpg,6,1,0
51yt53t775L_1.jpg,6,2,0
51yt53t775L_1.jpg,6,3,0
51yt53t775L_1.jpg,6,4,0
51yt53t775L_1.jpg,6,5,3
51yt53t775L_1.jpg,6,6,3
51yt53t775L_1.jpg,6,7,3
51yt53t775L_1.jpg,6,8,0
51yt53t775L_1.jpg,7,1,0
51yt53t775L_1.jpg,7,2,0
51yt53t775L_1.jpg,7,3,0
51yt53t775L_1.jpg,7,4,0
51yt53t775L_1.jpg,7,5,3
51yt53t775L_1.jpg,7,6,3
51yt53t775L_1.jpg,7,7,3
51yt53t775L_1.jpg,7,8,0
51yt53t775L_1.jpg,8,1,0
51yt53t775L_1.jpg,8,2,0
51yt53t775L_1.jpg,8,3,0
51yt53t775L_1.jpg,8,4,0
51yt53t775L_1.jpg,8,5,3
51yt53t775L_1.jpg,8,6,3
51yt53t775L_1.jpg,8,7,3
51yt53t775L_1.jpg,8,8,0
54127.jpg,1,1,0
54127.jpg,1,2,0
54127.jpg,1,3,2
54127.jpg,1,4,0
54127.jpg,1,5,0
54127.jpg,1,6,0
54127.jpg,1,7,0
54127.jpg,1,8,0
54127.jpg,2,1,0
54127.jpg,2,2,0
54127.jpg,2,3,2
54127.jpg,2,4,3
54127.jpg,2,5,3
54127.jpg,2,6,3
54127.jpg,2,7,0
54127.jpg,2,8,0
54127.jpg,3,1,0
54127.jpg,3,2,0
54127.jpg,3,3,2
54127.jpg,3,4,3
54127.jpg,3,5,3
54127.jpg,3,6,3
54127.jpg,3,7,0
54127.jpg,3,8,0
54127.jpg,4,1,0
54127.jpg,4,2,0
54127.jpg,4,3,2
54127.jpg,4,4,3
54127.jpg,4,5,3
54127.jpg,4,6,3
54127.jpg,4,7,0
54127.jpg,4,8,0
54127.jpg,5,1,0
54127.jpg,5,2,0
54127.jpg,5,3,2
54127.jpg,5,4,3
54127.jpg,5,5,3
54127.jpg,5,6,3
54127.jpg,5,7,0
54127.jpg,5,8,0
54127.jpg,6,1,0
54127.jpg,6,2,0
54127.jpg,6,3,2
54127.jpg,6,4,3
54127.jpg,6,5,3
54127.jpg,6,6,3
54127.jpg,6,7,0
54127.jpg,6,8,0
54127.jpg,7,1,0
54127.jpg,7,2,0
54127.jpg,7,3,2
54127.jpg,7,4,3
54127.jpg,7,5,3
54127.jpg,7,6,3
54127.jpg,7,7,0
54127.jpg,7,8,0
54127.jpg,8,1,0
54127.jpg,8,2,0
54127.jpg,8,3,2
54127.jpg,8,4,3
54127.jpg,8,5,3
54127.jpg,8,6,3
54127.jpg,8,7,0
54127.jpg,8,8,0
61blbEC4c7L.jpg,1,1,0
61blbEC4c7L.jpg,1,2,0
61blbEC4c7L.jpg,1,3,0
61blbEC4c7L.jpg,1,4,2
61blbEC4c7L.jpg,1,5,0
61blbEC4c7L.jpg,1,6,0
61blbEC4c7L.jpg,1,7,0
61blbEC4c7L.jpg,1,8,0
61blbEC4c7L.jpg,2,1,0
61blbEC4c7L.jpg,2,2,0
61blbEC4c7L.jpg,2,3,0
61blbEC4c7L.jpg,2,4,2
61blbEC4c7L.jpg,2,5,0
61blbEC4c7L.jpg,2,6,0
61blbEC4c7L.jpg,2,7,0
61blbEC4c7L.jpg,2,8,0
61blbEC4c7L.jpg,3,1,0
61blbEC4c7L.jpg,3,2,0
61blbEC4c7L.jpg,3,3,0
61blbEC4c7L.jpg,3,4,2
61blbEC4c7L.jpg,3,5,2
61blbEC4c7L.jpg,3,6,0
61blbEC4c7L.jpg,3,7,0
61blbEC4c7L.jpg,3,8,0
61blbEC4c7L.jpg,4,1,0
61blbEC4c7L.jpg,4,2,0
61blbEC4c7L.jpg,4,3,0
61blbEC4c7L.jpg,4,4,2
61blbEC4c7L.jpg,4,5,2
61blbEC4c7L.jpg,4,6,0
61blbEC4c7L.jpg,4,7,0
61blbEC4c7L.jpg,4,8,0
61blbEC4c7L.jpg,5,1,0
61blbEC4c7L.jpg,5,2,0
61blbEC4c7L.jpg,5,3,0
61blbEC4c7L.jpg,5,4,2
61blbEC4c7L.jpg,5,5,2
61blbEC4c7L.jpg,5,6,0
61blbEC4c7L.jpg,5,7,0
61blbEC4c7L.jpg,5,8,0
61blbEC4c7L.jpg,6,1,0
61blbEC4c7L.jpg,6,2,0
61blbEC4c7L.jpg,6,3,0
61blbEC4c7L.jpg,6,4,2
61blbEC4c7L.jpg,6,5,2
61blbEC4c7L.jpg,6,6,0
61blbEC4c7L.jpg,6,7,0
61blbEC4c7L.jpg,6,8,0
61blbEC4c7L.jpg,7,1,0
61blbEC4c7L.jpg,7,2,0
61blbEC4c7L.jpg,7,3,0
61blbEC4c7L.jpg,7,4,2
61blbEC4c7L.jpg,7,5,2
61blbEC4c7L.jpg,7,6,0
61blbEC4c7L.jpg,7,7,0
61blbEC4c7L.jpg,7,8,0
61blbEC4c7L.jpg,8,1,0
61blbEC4c7L.jpg,8,2,0
61blbEC4c7L.jpg,8,3,0
61blbEC4c7L.jpg,8,4,2
61blbEC4c7L.jpg,8,5,2
61blbEC4c7L.jpg,8,6,0
61blbEC4c7L.jpg,8,7,0
61blbEC4c7L.jpg,8,8,0
63c11b978ed14a68cc0edeea-yoogi-all-in-one-plastic-stump-set.jpg,1,1,0
63c11b978ed14a68cc0edeea-yoogi-all-in-one-plastic-stump-set.jpg,1,2,0
63c11b978ed14a68cc0edeea-yoogi-all-in-one-plastic-stump-set.jpg,1,3,0
63c11b978ed14a68cc0edeea-yoogi-all-in-one-plastic-stump-set.jpg,1,4,3
63c11b978ed14a68cc0edeea-yoogi-all-in-one-plastic-stump-set.jpg,1,5,3
63c11b978ed14a68cc0edeea-yoogi-all-in-one-plastic-stump-set.jpg,1,6,3
63c11b978ed14a68cc0edeea-yoogi-all-in-one-plastic-stump-set.jpg,1,7,3
63c11b978ed14a68cc0edeea-yoogi-all-in-one-plastic-stump-set.jpg,1,8,2
63c11b978ed14a68cc0edeea-yoogi-all-in-one-plastic-stump-set.jpg,2,1,0
63c11b978ed14a68cc0edeea-yoogi-all-in-one-plastic-stump-set.jpg,2,2,0
63c11b978ed14a68cc0edeea-yoogi-all-in-one-plastic-stump-set.jpg,2,3,0
63c11b978ed14a68cc0edeea-yoogi-all-in-one-plastic-stump-set.jpg,2,4,3
63c11b978ed14a68cc0edeea-yoogi-all-in-one-plastic-stump-set.jpg,2,5,3
63c11b978ed14a68cc0edeea-yoogi-all-in-one-plastic-stump-set.jpg,2,6,3
63c11b978ed14a68cc0edeea-yoogi-all-in-one-plastic-stump-set.jpg,2,7,3
63c11b978ed14a68cc0edeea-yoogi-all-in-one-plastic-stump-set.jpg,2,8,2
63c11b978ed14a68cc0edeea-yoogi-all-in-one-plastic-stump-set.jpg,3,1,0
63c11b978ed14a68cc0edeea-yoogi-all-in-one-plastic-stump-set.jpg,3,2,0
63c11b978ed14a68cc0edeea-yoogi-all-in-one-plastic-stump-set.jpg,3,3,0
63c11b978ed14a68cc0edeea-yoogi-all-in-one-plastic-stump-set.jpg,3,4,3
63c11b978ed14a68cc0edeea-yoogi-all-in-one-plastic-stump-set.jpg,3,5,3
63c11b978ed14a68cc0edeea-yoogi-all-in-one-plastic-stump-set.jpg,3,6,3
63c11b978ed14a68cc0edeea-yoogi-all-in-one-plastic-stump-set.jpg,3,7,3
63c11b978ed14a68cc0edeea-yoogi-all-in-one-plastic-stump-set.jpg,3,8,2
63c11b978ed14a68cc0edeea-yoogi-all-in-one-plastic-stump-set.jpg,4,1,0
63c11b978ed14a68cc0edeea-yoogi-all-in-one-plastic-stump-set.jpg,4,2,0
63c11b978ed14a68cc0edeea-yoogi-all-in-one-plastic-stump-set.jpg,4,3,0
63c11b978ed14a68cc0edeea-yoogi-all-in-one-plastic-stump-set.jpg,4,4,3
63c11b978ed14a68cc0edeea-yoogi-all-in-one-plastic-stump-set.jpg,4,5,3
63c11b978ed14a68cc0edeea-yoogi-all-in-one-plastic-stump-set.jpg,4,6,3
63c11b978ed14a68cc0edeea-yoogi-all-in-one-plastic-stump-set.jpg,4,7,3
63c11b978ed14a68cc0edeea-yoogi-all-in-one-plastic-stump-set.jpg,4,8,2
63c11b978ed14a68cc0edeea-yoogi-all-in-one-plastic-stump-set.jpg,5,1,0
63c11b978ed14a68cc0edeea-yoogi-all-in-one-plastic-stump-set.jpg,5,2,0
63c11b978ed14a68cc0edeea-yoogi-all-in-one-plastic-stump-set.jpg,5,3,0
63c11b978ed14a68cc0edeea-yoogi-all-in-one-plastic-stump-set.jpg,5,4,3
63c11b978ed14a68cc0edeea-yoogi-all-in-one-plastic-stump-set.jpg,5,5,3
63c11b978ed14a68cc0edeea-yoogi-all-in-one-plastic-stump-set.jpg,5,6,3
63c11b978ed14a68cc0edeea-yoogi-all-in-one-plastic-stump-set.jpg,5,7,3
63c11b978ed14a68cc0edeea-yoogi-all-in-one-plastic-stump-set.jpg,5,8,2
63c11b978ed14a68cc0edeea-yoogi-all-in-one-plastic-stump-set.jpg,6,1,0
63c11b978ed14a68cc0edeea-yoogi-all-in-one-plastic-stump-set.jpg,6,2,0
63c11b978ed14a68cc0edeea-yoogi-all-in-one-plastic-stump-set.jpg,6,3,0
63c11b978ed14a68cc0edeea-yoogi-all-in-one-plastic-stump-set.jpg,6,4,3
63c11b978ed14a68cc0edeea-yoogi-all-in-one-plastic-stump-set.jpg,6,5,3
63c11b978ed14a68cc0edeea-yoogi-all-in-one-plastic-stump-set.jpg,6,6,3
63c11b978ed14a68cc0edeea-yoogi-all-in-one-plastic-stump-set.jpg,6,7,3
63c11b978ed14a68cc0edeea-yoogi-all-in-one-plastic-stump-set.jpg,6,8,2
63c11b978ed14a68cc0edeea-yoogi-all-in-one-plastic-stump-set.jpg,7,1,0
63c11b978ed14a68cc0edeea-yoogi-all-in-one-plastic-stump-set.jpg,7,2,0
63c11b978ed14a68cc0edeea-yoogi-all-in-one-plastic-stump-set.jpg,7,3,0
63c11b978ed14a68cc0edeea-yoogi-all-in-one-plastic-stump-set.jpg,7,4,3
63c11b978ed14a68cc0edeea-yoogi-all-in-one-plastic-stump-set.jpg,7,5,3
63c11b978ed14a68cc0edeea-yoogi-all-in-one-plastic-stump-set.jpg,7,6,3
63c11b978ed14a68cc0edeea-yoogi-all-in-one-plastic-stump-set.jpg,7,7,3
63c11b978ed14a68cc0edeea-yoogi-all-in-one-plastic-stump-set.jpg,7,8,2
63c11b978ed14a68cc0edeea-yoogi-all-in-one-plastic-stump-set.jpg,8,1,0
63c11b978ed14a68cc0edeea-yoogi-all-in-one-plastic-stump-set.jpg,8,2,0
63c11b978ed14a68cc0edeea-yoogi-all-in-one-plastic-stump-set.jpg,8,3,0
63c11b978ed14a68cc0edeea-yoogi-all-in-one-plastic-stump-set.jpg,8,4,0
63c11b978ed14a68cc0edeea-yoogi-all-in-one-plastic-stump-set.jpg,8,5,0
63c11b978ed14a68cc0edeea-yoogi-all-in-one-plastic-stump-set.jpg,8,6,0
63c11b978ed14a68cc0edeea-yoogi-all-in-one-plastic-stump-set.jpg,8,7,0
63c11b978ed14a68cc0edeea-yoogi-all-in-one-plastic-stump-set.jpg,8,8,0
64d8b8bf7904b412d52d8e46-sportaxis-wooden-cricket-stumps-wickets.jpg,1,1,3
64d8b8bf7904b412d52d8e46-sportaxis-wooden-cricket-stumps-wickets.jpg,1,2,3
64d8b8bf7904b412d52d8e46-sportaxis-wooden-cricket-stumps-wickets.jpg,1,3,3
64d8b8bf7904b412d52d8e46-sportaxis-wooden-cricket-stumps-wickets.jpg,1,4,3
64d8b8bf7904b412d52d8e46-sportaxis-wooden-cricket-stumps-wickets.jpg,1,5,0
64d8b8bf7904b412d52d8e46-sportaxis-wooden-cricket-stumps-wickets.jpg,1,6,0
64d8b8bf7904b412d52d8e46-sportaxis-wooden-cricket-stumps-wickets.jpg,1,7,0
64d8b8bf7904b412d52d8e46-sportaxis-wooden-cricket-stumps-wickets.jpg,1,8,0
64d8b8bf7904b412d52d8e46-sportaxis-wooden-cricket-stumps-wickets.jpg,2,1,3
64d8b8bf7904b412d52d8e46-sportaxis-wooden-cricket-stumps-wickets.jpg,2,2,3
64d8b8bf7904b412d52d8e46-sportaxis-wooden-cricket-stumps-wickets.jpg,2,3,3
64d8b8bf7904b412d52d8e46-sportaxis-wooden-cricket-stumps-wickets.jpg,2,4,3
64d8b8bf7904b412d52d8e46-sportaxis-wooden-cricket-stumps-wickets.jpg,2,5,0
64d8b8bf7904b412d52d8e46-sportaxis-wooden-cricket-stumps-wickets.jpg,2,6,0
64d8b8bf7904b412d52d8e46-sportaxis-wooden-cricket-stumps-wickets.jpg,2,7,0
64d8b8bf7904b412d52d8e46-sportaxis-wooden-cricket-stumps-wickets.jpg,2,8,0
64d8b8bf7904b412d52d8e46-sportaxis-wooden-cricket-stumps-wickets.jpg,3,1,3
64d8b8bf7904b412d52d8e46-sportaxis-wooden-cricket-stumps-wickets.jpg,3,2,3
64d8b8bf7904b412d52d8e46-sportaxis-wooden-cricket-stumps-wickets.jpg,3,3,3
64d8b8bf7904b412d52d8e46-sportaxis-wooden-cricket-stumps-wickets.jpg,3,4,3
64d8b8bf7904b412d52d8e46-sportaxis-wooden-cricket-stumps-wickets.jpg,3,5,0
64d8b8bf7904b412d52d8e46-sportaxis-wooden-cricket-stumps-wickets.jpg,3,6,0
64d8b8bf7904b412d52d8e46-sportaxis-wooden-cricket-stumps-wickets.jpg,3,7,0
64d8b8bf7904b412d52d8e46-sportaxis-wooden-cricket-stumps-wickets.jpg,3,8,0
64d8b8bf7904b412d52d8e46-sportaxis-wooden-cricket-stumps-wickets.jpg,4,1,3
64d8b8bf7904b412d52d8e46-sportaxis-wooden-cricket-stumps-wickets.jpg,4,2,3
64d8b8bf7904b412d52d8e46-sportaxis-wooden-cricket-stumps-wickets.jpg,4,3,3
64d8b8bf7904b412d52d8e46-sportaxis-wooden-cricket-stumps-wickets.jpg,4,4,3
64d8b8bf7904b412d52d8e46-sportaxis-wooden-cricket-stumps-wickets.jpg,4,5,3
64d8b8bf7904b412d52d8e46-sportaxis-wooden-cricket-stumps-wickets.jpg,4,6,0
64d8b8bf7904b412d52d8e46-sportaxis-wooden-cricket-stumps-wickets.jpg,4,7,0
64d8b8bf7904b412d52d8e46-sportaxis-wooden-cricket-stumps-wickets.jpg,4,8,0
64d8b8bf7904b412d52d8e46-sportaxis-wooden-cricket-stumps-wickets.jpg,5,1,3
64d8b8bf7904b412d52d8e46-sportaxis-wooden-cricket-stumps-wickets.jpg,5,2,3
64d8b8bf7904b412d52d8e46-sportaxis-wooden-cricket-stumps-wickets.jpg,5,3,3
64d8b8bf7904b412d52d8e46-sportaxis-wooden-cricket-stumps-wickets.jpg,5,4,3
64d8b8bf7904b412d52d8e46-sportaxis-wooden-cricket-stumps-wickets.jpg,5,5,0
64d8b8bf7904b412d52d8e46-sportaxis-wooden-cricket-stumps-wickets.jpg,5,6,0
64d8b8bf7904b412d52d8e46-sportaxis-wooden-cricket-stumps-wickets.jpg,5,7,0
64d8b8bf7904b412d52d8e46-sportaxis-wooden-cricket-stumps-wickets.jpg,5,8,0
64d8b8bf7904b412d52d8e46-sportaxis-wooden-cricket-stumps-wickets.jpg,6,1,3
64d8b8bf7904b412d52d8e46-sportaxis-wooden-cricket-stumps-wickets.jpg,6,2,3
64d8b8bf7904b412d52d8e46-sportaxis-wooden-cricket-stumps-wickets.jpg,6,3,3
64d8b8bf7904b412d52d8e46-sportaxis-wooden-cricket-stumps-wickets.jpg,6,4,3
64d8b8bf7904b412d52d8e46-sportaxis-wooden-cricket-stumps-wickets.jpg,6,5,0
64d8b8bf7904b412d52d8e46-sportaxis-wooden-cricket-stumps-wickets.jpg,6,6,0
64d8b8bf7904b412d52d8e46-sportaxis-wooden-cricket-stumps-wickets.jpg,6,7,0
64d8b8bf7904b412d52d8e46-sportaxis-wooden-cricket-stumps-wickets.jpg,6,8,0
64d8b8bf7904b412d52d8e46-sportaxis-wooden-cricket-stumps-wickets.jpg,7,1,3
64d8b8bf7904b412d52d8e46-sportaxis-wooden-cricket-stumps-wickets.jpg,7,2,3
64d8b8bf7904b412d52d8e46-sportaxis-wooden-cricket-stumps-wickets.jpg,7,3,3
64d8b8bf7904b412d52d8e46-sportaxis-wooden-cricket-stumps-wickets.jpg,7,4,3
64d8b8bf7904b412d52d8e46-sportaxis-wooden-cricket-stumps-wickets.jpg,7,5,0
64d8b8bf7904b412d52d8e46-sportaxis-wooden-cricket-stumps-wickets.jpg,7,6,0
64d8b8bf7904b412d52d8e46-sportaxis-wooden-cricket-stumps-wickets.jpg,7,7,0
64d8b8bf7904b412d52d8e46-sportaxis-wooden-cricket-stumps-wickets.jpg,7,8,0
64d8b8bf7904b412d52d8e46-sportaxis-wooden-cricket-stumps-wickets.jpg,8,1,3
64d8b8bf7904b412d52d8e46-sportaxis-wooden-cricket-stumps-wickets.jpg,8,2,3
64d8b8bf7904b412d52d8e46-sportaxis-wooden-cricket-stumps-wickets.jpg,8,3,3
64d8b8bf7904b412d52d8e46-sportaxis-wooden-cricket-stumps-wickets.jpg,8,4,3
64d8b8bf7904b412d52d8e46-sportaxis-wooden-cricket-stumps-wickets.jpg,8,5,0
64d8b8bf7904b412d52d8e46-sportaxis-wooden-cricket-stumps-wickets.jpg,8,6,0
64d8b8bf7904b412d52d8e46-sportaxis-wooden-cricket-stumps-wickets.jpg,8,7,0
64d8b8bf7904b412d52d8e46-sportaxis-wooden-cricket-stumps-wickets.jpg,8,8,0
669e095499b1b8614832a274-cricket-best-buy-cbb-stumps-for-cricket.jpg,1,1,0
669e095499b1b8614832a274-cricket-best-buy-cbb-stumps-for-cricket.jpg,1,2,3
669e095499b1b8614832a274-cricket-best-buy-cbb-stumps-for-cricket.jpg,1,3,3
669e095499b1b8614832a274-cricket-best-buy-cbb-stumps-for-cricket.jpg,1,4,3
669e095499b1b8614832a274-cricket-best-buy-cbb-stumps-for-cricket.jpg,1,5,3
669e095499b1b8614832a274-cricket-best-buy-cbb-stumps-for-cricket.jpg,1,6,0
669e095499b1b8614832a274-cricket-best-buy-cbb-stumps-for-cricket.jpg,1,7,3
669e095499b1b8614832a274-cricket-best-buy-cbb-stumps-for-cricket.jpg,1,8,3
669e095499b1b8614832a274-cricket-best-buy-cbb-stumps-for-cricket.jpg,2,1,0
669e095499b1b8614832a274-cricket-best-buy-cbb-stumps-for-cricket.jpg,2,2,3
669e095499b1b8614832a274-cricket-best-buy-cbb-stumps-for-cricket.jpg,2,3,3
669e095499b1b8614832a274-cricket-best-buy-cbb-stumps-for-cricket.jpg,2,4,3
669e095499b1b8614832a274-cricket-best-buy-cbb-stumps-for-cricket.jpg,2,5,3
669e095499b1b8614832a274-cricket-best-buy-cbb-stumps-for-cricket.jpg,2,6,0
669e095499b1b8614832a274-cricket-best-buy-cbb-stumps-for-cricket.jpg,2,7,3
669e095499b1b8614832a274-cricket-best-buy-cbb-stumps-for-cricket.jpg,2,8,3
669e095499b1b8614832a274-cricket-best-buy-cbb-stumps-for-cricket.jpg,3,1,0
669e095499b1b8614832a274-cricket-best-buy-cbb-stumps-for-cricket.jpg,3,2,3
669e095499b1b8614832a274-cricket-best-buy-cbb-stumps-for-cricket.jpg,3,3,3
669e095499b1b8614832a274-cricket-best-buy-cbb-stumps-for-cricket.jpg,3,4,3
669e095499b1b8614832a274-cricket-best-buy-cbb-stumps-for-cricket.jpg,3,5,0
669e095499b1b8614832a274-cricket-best-buy-cbb-stumps-for-cricket.jpg,3,6,0
669e095499b1b8614832a274-cricket-best-buy-cbb-stumps-for-cricket.jpg,3,7,3
669e095499b1b8614832a274-cricket-best-buy-cbb-stumps-for-cricket.jpg,3,8,3
669e095499b1b8614832a274-cricket-best-buy-cbb-stumps-for-cricket.jpg,4,1,0
669e095499b1b8614832a274-cricket-best-buy-cbb-stumps-for-cricket.jpg,4,2,3
669e095499b1b8614832a274-cricket-best-buy-cbb-stumps-for-cricket.jpg,4,3,3
669e095499b1b8614832a274-cricket-best-buy-cbb-stumps-for-cricket.jpg,4,4,3
669e095499b1b8614832a274-cricket-best-buy-cbb-stumps-for-cricket.jpg,4,5,3
669e095499b1b8614832a274-cricket-best-buy-cbb-stumps-for-cricket.jpg,4,6,0
669e095499b1b8614832a274-cricket-best-buy-cbb-stumps-for-cricket.jpg,4,7,3
669e095499b1b8614832a274-cricket-best-buy-cbb-stumps-for-cricket.jpg,4,8,0
669e095499b1b8614832a274-cricket-best-buy-cbb-stumps-for-cricket.jpg,5,1,0
669e095499b1b8614832a274-cricket-best-buy-cbb-stumps-for-cricket.jpg,5,2,3
669e095499b1b8614832a274-cricket-best-buy-cbb-stumps-for-cricket.jpg,5,3,3
669e095499b1b8614832a274-cricket-best-buy-cbb-stumps-for-cricket.jpg,5,4,3
669e095499b1b8614832a274-cricket-best-buy-cbb-stumps-for-cricket.jpg,5,5,0
669e095499b1b8614832a274-cricket-best-buy-cbb-stumps-for-cricket.jpg,5,6,0
669e095499b1b8614832a274-cricket-best-buy-cbb-stumps-for-cricket.jpg,5,7,3
669e095499b1b8614832a274-cricket-best-buy-cbb-stumps-for-cricket.jpg,5,8,3
669e095499b1b8614832a274-cricket-best-buy-cbb-stumps-for-cricket.jpg,6,1,0
669e095499b1b8614832a274-cricket-best-buy-cbb-stumps-for-cricket.jpg,6,2,3
669e095499b1b8614832a274-cricket-best-buy-cbb-stumps-for-cricket.jpg,6,3,3
669e095499b1b8614832a274-cricket-best-buy-cbb-stumps-for-cricket.jpg,6,4,3
669e095499b1b8614832a274-cricket-best-buy-cbb-stumps-for-cricket.jpg,6,5,0
669e095499b1b8614832a274-cricket-best-buy-cbb-stumps-for-cricket.jpg,6,6,0
669e095499b1b8614832a274-cricket-best-buy-cbb-stumps-for-cricket.jpg,6,7,3
669e095499b1b8614832a274-cricket-best-buy-cbb-stumps-for-cricket.jpg,6,8,3
669e095499b1b8614832a274-cricket-best-buy-cbb-stumps-for-cricket.jpg,7,1,0
669e095499b1b8614832a274-cricket-best-buy-cbb-stumps-for-cricket.jpg,7,2,3
669e095499b1b8614832a274-cricket-best-buy-cbb-stumps-for-cricket.jpg,7,3,3
669e095499b1b8614832a274-cricket-best-buy-cbb-stumps-for-cricket.jpg,7,4,3
669e095499b1b8614832a274-cricket-best-buy-cbb-stumps-for-cricket.jpg,7,5,0
669e095499b1b8614832a274-cricket-best-buy-cbb-stumps-for-cricket.jpg,7,6,0
669e095499b1b8614832a274-cricket-best-buy-cbb-stumps-for-cricket.jpg,7,7,3
669e095499b1b8614832a274-cricket-best-buy-cbb-stumps-for-cricket.jpg,7,8,3
669e095499b1b8614832a274-cricket-best-buy-cbb-stumps-for-cricket.jpg,8,1,0
669e095499b1b8614832a274-cricket-best-buy-cbb-stumps-for-cricket.jpg,8,2,3
669e095499b1b8614832a274-cricket-best-buy-cbb-stumps-for-cricket.jpg,8,3,3
669e095499b1b8614832a274-cricket-best-buy-cbb-stumps-for-cricket.jpg,8,4,3
669e095499b1b8614832a274-cricket-best-buy-cbb-stumps-for-cricket.jpg,8,5,0
669e095499b1b8614832a274-cricket-best-buy-cbb-stumps-for-cricket.jpg,8,6,0
669e095499b1b8614832a274-cricket-best-buy-cbb-stumps-for-cricket.jpg,8,7,3
669e095499b1b8614832a274-cricket-best-buy-cbb-stumps-for-cricket.jpg,8,8,3
71eAz0uJqKL.jpg,1,1,0
71eAz0uJqKL.jpg,1,2,0
71eAz0uJqKL.jpg,1,3,0
71eAz0uJqKL.jpg,1,4,2
71eAz0uJqKL.jpg,1,5,2
71eAz0uJqKL.jpg,1,6,0
71eAz0uJqKL.jpg,1,7,0
71eAz0uJqKL.jpg,1,8,0
71eAz0uJqKL.jpg,2,1,0
71eAz0uJqKL.jpg,2,2,0
71eAz0uJqKL.jpg,2,3,2
71eAz0uJqKL.jpg,2,4,2
71eAz0uJqKL.jpg,2,5,2
71eAz0uJqKL.jpg,2,6,0
71eAz0uJqKL.jpg,2,7,0
71eAz0uJqKL.jpg,2,8,0
71eAz0uJqKL.jpg,3,1,0
71eAz0uJqKL.jpg,3,2,0
71eAz0uJqKL.jpg,3,3,2
71eAz0uJqKL.jpg,3,4,2
71eAz0uJqKL.jpg,3,5,2
71eAz0uJqKL.jpg,3,6,2
71eAz0uJqKL.jpg,3,7,0
71eAz0uJqKL.jpg,3,8,0
71eAz0uJqKL.jpg,4,1,0
71eAz0uJqKL.jpg,4,2,0
71eAz0uJqKL.jpg,4,3,2
71eAz0uJqKL.jpg,4,4,2
71eAz0uJqKL.jpg,4,5,2
71eAz0uJqKL.jpg,4,6,2
71eAz0uJqKL.jpg,4,7,0
71eAz0uJqKL.jpg,4,8,0
71eAz0uJqKL.jpg,5,1,0
71eAz0uJqKL.jpg,5,2,0
71eAz0uJqKL.jpg,5,3,2
71eAz0uJqKL.jpg,5,4,2
71eAz0uJqKL.jpg,5,5,2
71eAz0uJqKL.jpg,5,6,2
71eAz0uJqKL.jpg,5,7,0
71eAz0uJqKL.jpg,5,8,0
71eAz0uJqKL.jpg,6,1,0
71eAz0uJqKL.jpg,6,2,0
71eAz0uJqKL.jpg,6,3,2
71eAz0uJqKL.jpg,6,4,2
71eAz0uJqKL.jpg,6,5,2
71eAz0uJqKL.jpg,6,6,2
71eAz0uJqKL.jpg,6,7,0
71eAz0uJqKL.jpg,6,8,0
71eAz0uJqKL.jpg,7,1,0
71eAz0uJqKL.jpg,7,2,0
71eAz0uJqKL.jpg,7,3,2
71eAz0uJqKL.jpg,7,4,2
71eAz0uJqKL.jpg,7,5,2
71eAz0uJqKL.jpg,7,6,2
71eAz0uJqKL.jpg,7,7,0
71eAz0uJqKL.jpg,7,8,0
71eAz0uJqKL.jpg,8,1,0
71eAz0uJqKL.jpg,8,2,0
71eAz0uJqKL.jpg,8,3,2
71eAz0uJqKL.jpg,8,4,2
71eAz0uJqKL.jpg,8,5,2
71eAz0uJqKL.jpg,8,6,2
71eAz0uJqKL.jpg,8,7,0
71eAz0uJqKL.jpg,8,8,0
81dVcsoYvcL._SL1500.jpg,1,1,0
81dVcsoYvcL._SL1500.jpg,1,2,3
81dVcsoYvcL._SL1500.jpg,1,3,3
81dVcsoYvcL._SL1500.jpg,1,4,0
81dVcsoYvcL._SL1500.jpg,1,5,0
81dVcsoYvcL._SL1500.jpg,1,6,0
81dVcsoYvcL._SL1500.jpg,1,7,0
81dVcsoYvcL._SL1500.jpg,1,8,0
81dVcsoYvcL._SL1500.jpg,2,1,3
81dVcsoYvcL._SL1500.jpg,2,2,3
81dVcsoYvcL._SL1500.jpg,2,3,3
81dVcsoYvcL._SL1500.jpg,2,4,0
81dVcsoYvcL._SL1500.jpg,2,5,0
81dVcsoYvcL._SL1500.jpg,2,6,0
81dVcsoYvcL._SL1500.jpg,2,7,0
81dVcsoYvcL._SL1500.jpg,2,8,0
81dVcsoYvcL._SL1500.jpg,3,1,3
81dVcsoYvcL._SL1500.jpg,3,2,3
81dVcsoYvcL._SL1500.jpg,3,3,3
81dVcsoYvcL._SL1500.jpg,3,4,0
81dVcsoYvcL._SL1500.jpg,3,5,0
81dVcsoYvcL._SL1500.jpg,3,6,0
81dVcsoYvcL._SL1500.jpg,3,7,0
81dVcsoYvcL._SL1500.jpg,3,8,0
81dVcsoYvcL._SL1500.jpg,4,1,3
81dVcsoYvcL._SL1500.jpg,4,2,3
81dVcsoYvcL._SL1500.jpg,4,3,3
81dVcsoYvcL._SL1500.jpg,4,4,0
81dVcsoYvcL._SL1500.jpg,4,5,0
81dVcsoYvcL._SL1500.jpg,4,6,3
81dVcsoYvcL._SL1500.jpg,4,7,3
81dVcsoYvcL._SL1500.jpg,4,8,0
81dVcsoYvcL._SL1500.jpg,5,1,3
81dVcsoYvcL._SL1500.jpg,5,2,3
81dVcsoYvcL._SL1500.jpg,5,3,3
81dVcsoYvcL._SL1500.jpg,5,4,0
81dVcsoYvcL._SL1500.jpg,5,5,0
81dVcsoYvcL._SL1500.jpg,5,6,3
81dVcsoYvcL._SL1500.jpg,5,7,3
81dVcsoYvcL._SL1500.jpg,5,8,0
81dVcsoYvcL._SL1500.jpg,6,1,3
81dVcsoYvcL._SL1500.jpg,6,2,3
81dVcsoYvcL._SL1500.jpg,6,3,3
81dVcsoYvcL._SL1500.jpg,6,4,0
81dVcsoYvcL._SL1500.jpg,6,5,0
81dVcsoYvcL._SL1500.jpg,6,6,3
81dVcsoYvcL._SL1500.jpg,6,7,3
81dVcsoYvcL._SL1500.jpg,6,8,0
81dVcsoYvcL._SL1500.jpg,7,1,3
81dVcsoYvcL._SL1500.jpg,7,2,3
81dVcsoYvcL._SL1500.jpg,7,3,3
81dVcsoYvcL._SL1500.jpg,7,4,0
81dVcsoYvcL._SL1500.jpg,7,5,0
81dVcsoYvcL._SL1500.jpg,7,6,3
81dVcsoYvcL._SL1500.jpg,7,7,3
81dVcsoYvcL._SL1500.jpg,7,8,0
81dVcsoYvcL._SL1500.jpg,8,1,3
81dVcsoYvcL._SL1500.jpg,8,2,3
81dVcsoYvcL._SL1500.jpg,8,3,3
81dVcsoYvcL._SL1500.jpg,8,4,0
81dVcsoYvcL._SL1500.jpg,8,5,0
81dVcsoYvcL._SL1500.jpg,8,6,3
81dVcsoYvcL._SL1500.jpg,8,7,3
81dVcsoYvcL._SL1500.jpg,8,8,3
81GoMm00IYL.jpg,1,1,0
81GoMm00IYL.jpg,1,2,0
81GoMm00IYL.jpg,1,3,0
81GoMm00IYL.jpg,1,4,0
81GoMm00IYL.jpg,1,5,0
81GoMm00IYL.jpg,1,6,3
81GoMm00IYL.jpg,1,7,3
81GoMm00IYL.jpg,1,8,3
81GoMm00IYL.jpg,2,1,0
81GoMm00IYL.jpg,2,2,0
81GoMm00IYL.jpg,2,3,0
81GoMm00IYL.jpg,2,4,0
81GoMm00IYL.jpg,2,5,0
81GoMm00IYL.jpg,2,6,3
81GoMm00IYL.jpg,2,7,3
81GoMm00IYL.jpg,2,8,3
81GoMm00IYL.jpg,3,1,0
81GoMm00IYL.jpg,3,2,0
81GoMm00IYL.jpg,3,3,0
81GoMm00IYL.jpg,3,4,0
81GoMm00IYL.jpg,3,5,0
81GoMm00IYL.jpg,3,6,3
81GoMm00IYL.jpg,3,7,3
81GoMm00IYL.jpg,3,8,3
81GoMm00IYL.jpg,4,1,0
81GoMm00IYL.jpg,4,2,2
81GoMm00IYL.jpg,4,3,2
81GoMm00IYL.jpg,4,4,2
81GoMm00IYL.jpg,4,5,2
81GoMm00IYL.jpg,4,6,3
81GoMm00IYL.jpg,4,7,3
81GoMm00IYL.jpg,4,8,3
81GoMm00IYL.jpg,5,1,0
81GoMm00IYL.jpg,5,2,0
81GoMm00IYL.jpg,5,3,0
81GoMm00IYL.jpg,5,4,0
81GoMm00IYL.jpg,5,5,2
81GoMm00IYL.jpg,5,6,3
81GoMm00IYL.jpg,5,7,3
81GoMm00IYL.jpg,5,8,3
81GoMm00IYL.jpg,6,1,0
81GoMm00IYL.jpg,6,2,0
81GoMm00IYL.jpg,6,3,0
81GoMm00IYL.jpg,6,4,0
81GoMm00IYL.jpg,6,5,0
81GoMm00IYL.jpg,6,6,3
81GoMm00IYL.jpg,6,7,3
81GoMm00IYL.jpg,6,8,3
81GoMm00IYL.jpg,7,1,0
81GoMm00IYL.jpg,7,2,0
81GoMm00IYL.jpg,7,3,0
81GoMm00IYL.jpg,7,4,0
81GoMm00IYL.jpg,7,5,0
81GoMm00IYL.jpg,7,6,3
81GoMm00IYL.jpg,7,7,3
81GoMm00IYL.jpg,7,8,3
81GoMm00IYL.jpg,8,1,0
81GoMm00IYL.jpg,8,2,0
81GoMm00IYL.jpg,8,3,0
81GoMm00IYL.jpg,8,4,0
81GoMm00IYL.jpg,8,5,0
81GoMm00IYL.jpg,8,6,3
81GoMm00IYL.jpg,8,7,3
81GoMm00IYL.jpg,8,8,3
81hdDSUIRsL.jpg,1,1,0
81hdDSUIRsL.jpg,1,2,0
81hdDSUIRsL.jpg,1,3,0
81hdDSUIRsL.jpg,1,4,0
81hdDSUIRsL.jpg,1,5,0
81hdDSUIRsL.jpg,1,6,0
81hdDSUIRsL.jpg,1,7,0
81hdDSUIRsL.jpg,1,8,0
81hdDSUIRsL.jpg,2,1,0
81hdDSUIRsL.jpg,2,2,0
81hdDSUIRsL.jpg,2,3,3
81hdDSUIRsL.jpg,2,4,0
81hdDSUIRsL.jpg,2,5,3
81hdDSUIRsL.jpg,2,6,3
81hdDSUIRsL.jpg,2,7,0
81hdDSUIRsL.jpg,2,8,0
81hdDSUIRsL.jpg,3,1,0
81hdDSUIRsL.jpg,3,2,0
81hdDSUIRsL.jpg,3,3,3
81hdDSUIRsL.jpg,3,4,0
81hdDSUIRsL.jpg,3,5,3
81hdDSUIRsL.jpg,3,6,3
81hdDSUIRsL.jpg,3,7,0
81hdDSUIRsL.jpg,3,8,0
81hdDSUIRsL.jpg,4,1,0
81hdDSUIRsL.jpg,4,2,0
81hdDSUIRsL.jpg,4,3,3
81hdDSUIRsL.jpg,4,4,0
81hdDSUIRsL.jpg,4,5,3
81hdDSUIRsL.jpg,4,6,3
81hdDSUIRsL.jpg,4,7,0
81hdDSUIRsL.jpg,4,8,0
81hdDSUIRsL.jpg,5,1,0
81hdDSUIRsL.jpg,5,2,0
81hdDSUIRsL.jpg,5,3,3
81hdDSUIRsL.jpg,5,4,0
81hdDSUIRsL.jpg,5,5,3
81hdDSUIRsL.jpg,5,6,3
81hdDSUIRsL.jpg,5,7,0
81hdDSUIRsL.jpg,5,8,0
81hdDSUIRsL.jpg,6,1,0
81hdDSUIRsL.jpg,6,2,0
81hdDSUIRsL.jpg,6,3,3
81hdDSUIRsL.jpg,6,4,0
81hdDSUIRsL.jpg,6,5,3
81hdDSUIRsL.jpg,6,6,3
81hdDSUIRsL.jpg,6,7,0
81hdDSUIRsL.jpg,6,8,0
81hdDSUIRsL.jpg,7,1,0
81hdDSUIRsL.jpg,7,2,0
81hdDSUIRsL.jpg,7,3,3
81hdDSUIRsL.jpg,7,4,3
81hdDSUIRsL.jpg,7,5,3
81hdDSUIRsL.jpg,7,6,3
81hdDSUIRsL.jpg,7,7,0
81hdDSUIRsL.jpg,7,8,0
81hdDSUIRsL.jpg,8,1,0
81hdDSUIRsL.jpg,8,2,0
81hdDSUIRsL.jpg,8,3,3
81hdDSUIRsL.jpg,8,4,3
81hdDSUIRsL.jpg,8,5,3
81hdDSUIRsL.jpg,8,6,3
81hdDSUIRsL.jpg,8,7,0
81hdDSUIRsL.jpg,8,8,0
9.jpg,1,1,0
9.jpg,1,2,0
9.jpg,1,3,0
9.jpg,1,4,0
9.jpg,1,5,0
9.jpg,1,6,0
9.jpg,1,7,0
9.jpg,1,8,0
9.jpg,2,1,0
9.jpg,2,2,0
9.jpg,2,3,0
9.jpg,2,4,0
9.jpg,2,5,0
9.jpg,2,6,0
9.jpg,2,7,0
9.jpg,2,8,0
9.jpg,3,1,0
9.jpg,3,2,0
9.jpg,3,3,2
9.jpg,3,4,2
9.jpg,3,5,2
9.jpg,3,6,2
9.jpg,3,7,0
9.jpg,3,8,0
9.jpg,4,1,0
9.jpg,4,2,0
9.jpg,4,3,0
9.jpg,4,4,2
9.jpg,4,5,2
9.jpg,4,6,0
9.jpg,4,7,0
9.jpg,4,8,0
9.jpg,5,1,0
9.jpg,5,2,0
9.jpg,5,3,0
9.jpg,5,4,0
9.jpg,5,5,0
9.jpg,5,6,0
9.jpg,5,7,0
9.jpg,5,8,0
9.jpg,6,1,0
9.jpg,6,2,0
9.jpg,6,3,0
9.jpg,6,4,0
9.jpg,6,5,0
9.jpg,6,6,2
9.jpg,6,7,0
9.jpg,6,8,0
9.jpg,7,1,0
9.jpg,7,2,0
9.jpg,7,3,0
9.jpg,7,4,0
9.jpg,7,5,0
9.jpg,7,6,2
9.jpg,7,7,0
9.jpg,7,8,0
9.jpg,8,1,0
9.jpg,8,2,0
9.jpg,8,3,0
9.jpg,8,4,0
9.jpg,8,5,0
9.jpg,8,6,2
9.jpg,8,7,0
9.jpg,8,8,0
a-batsman-batting (1).jpg,1,1,1
a-batsman-batting (1).jpg,1,2,0
a-batsman-batting (1).jpg,1,3,0
a-batsman-batting (1).jpg,1,4,0
a-batsman-batting (1).jpg,1,5,0
a-batsman-batting (1).jpg,1,6,0
a-batsman-batting (1).jpg,1,7,0
a-batsman-batting (1).jpg,1,8,0
a-batsman-batting (1).jpg,2,1,1
a-batsman-batting (1).jpg,2,2,1
a-batsman-batting (1).jpg,2,3,0
a-batsman-batting (1).jpg,2,4,0
a-batsman-batting (1).jpg,2,5,0
a-batsman-batting (1).jpg,2,6,0
a-batsman-batting (1).jpg,2,7,0
a-batsman-batting (1).jpg,2,8,0
a-batsman-batting (1).jpg,3,1,0
a-batsman-batting (1).jpg,3,2,1
a-batsman-batting (1).jpg,3,3,0
a-batsman-batting (1).jpg,3,4,0
a-batsman-batting (1).jpg,3,5,0
a-batsman-batting (1).jpg,3,6,0
a-batsman-batting (1).jpg,3,7,0
a-batsman-batting (1).jpg,3,8,0
a-batsman-batting (1).jpg,4,1,0
a-batsman-batting (1).jpg,4,2,0
a-batsman-batting (1).jpg,4,3,0
a-batsman-batting (1).jpg,4,4,0
a-batsman-batting (1).jpg,4,5,0
a-batsman-batting (1).jpg,4,6,0
a-batsman-batting (1).jpg,4,7,0
a-batsman-batting (1).jpg,4,8,0
a-batsman-batting (1).jpg,5,1,0
a-batsman-batting (1).jpg,5,2,0
a-batsman-batting (1).jpg,5,3,0
a-batsman-batting (1).jpg,5,4,0
a-batsman-batting (1).jpg,5,5,0
a-batsman-batting (1).jpg,5,6,0
a-batsman-batting (1).jpg,5,7,0
a-batsman-batting (1).jpg,5,8,3
a-batsman-batting (1).jpg,6,1,0
a-batsman-batting (1).jpg,6,2,0
a-batsman-batting (1).jpg,6,3,0
a-batsman-batting (1).jpg,6,4,0
a-batsman-batting (1).jpg,6,5,0
a-batsman-batting (1).jpg,6,6,0
a-batsman-batting (1).jpg,6,7,0
a-batsman-batting (1).jpg,6,8,3
a-batsman-batting (1).jpg,7,1,0
a-batsman-batting (1).jpg,7,2,0
a-batsman-batting (1).jpg,7,3,0
a-batsman-batting (1).jpg,7,4,1
a-batsman-batting (1).jpg,7,5,0
a-batsman-batting (1).jpg,7,6,0
a-batsman-batting (1).jpg,7,7,0
a-batsman-batting (1).jpg,7,8,3
a-batsman-batting (1).jpg,8,1,0
a-batsman-batting (1).jpg,8,2,0
a-batsman-batting (1).jpg,8,3,0
a-batsman-batting (1).jpg,8,4,0
a-batsman-batting (1).jpg,8,5,0
a-batsman-batting (1).jpg,8,6,0
a-batsman-batting (1).jpg,8,7,0
a-batsman-batting (1).jpg,8,8,3
a-batsman-is-clean-bowled-during-a-village-cricket-match-HAB059.jpg,1,1,0
a-batsman-is-clean-bowled-during-a-village-cricket-match-HAB059.jpg,1,2,0
a-batsman-is-clean-bowled-during-a-village-cricket-match-HAB059.jpg,1,3,0
a-batsman-is-clean-bowled-during-a-village-cricket-match-HAB059.jpg,1,4,0
a-batsman-is-clean-bowled-during-a-village-cricket-match-HAB059.jpg,1,5,0
a-batsman-is-clean-bowled-during-a-village-cricket-match-HAB059.jpg,1,6,0
a-batsman-is-clean-bowled-during-a-village-cricket-match-HAB059.jpg,1,7,0
a-batsman-is-clean-bowled-during-a-village-cricket-match-HAB059.jpg,1,8,0
a-batsman-is-clean-bowled-during-a-village-cricket-match-HAB059.jpg,2,1,0
a-batsman-is-clean-bowled-during-a-village-cricket-match-HAB059.jpg,2,2,0
a-batsman-is-clean-bowled-during-a-village-cricket-match-HAB059.jpg,2,3,0
a-batsman-is-clean-bowled-during-a-village-cricket-match-HAB059.jpg,2,4,0
a-batsman-is-clean-bowled-during-a-village-cricket-match-HAB059.jpg,2,5,0
a-batsman-is-clean-bowled-during-a-village-cricket-match-HAB059.jpg,2,6,0
a-batsman-is-clean-bowled-during-a-village-cricket-match-HAB059.jpg,2,7,0
a-batsman-is-clean-bowled-during-a-village-cricket-match-HAB059.jpg,2,8,0
a-batsman-is-clean-bowled-during-a-village-cricket-match-HAB059.jpg,3,1,0
a-batsman-is-clean-bowled-during-a-village-cricket-match-HAB059.jpg,3,2,0
a-batsman-is-clean-bowled-during-a-village-cricket-match-HAB059.jpg,3,3,0
a-batsman-is-clean-bowled-during-a-village-cricket-match-HAB059.jpg,3,4,0
a-batsman-is-clean-bowled-during-a-village-cricket-match-HAB059.jpg,3,5,0
a-batsman-is-clean-bowled-during-a-village-cricket-match-HAB059.jpg,3,6,0
a-batsman-is-clean-bowled-during-a-village-cricket-match-HAB059.jpg,3,7,0
a-batsman-is-clean-bowled-during-a-village-cricket-match-HAB059.jpg,3,8,0
a-batsman-is-clean-bowled-during-a-village-cricket-match-HAB059.jpg,4,1,0
a-batsman-is-clean-bowled-during-a-village-cricket-match-HAB059.jpg,4,2,0
a-batsman-is-clean-bowled-during-a-village-cricket-match-HAB059.jpg,4,3,0
a-batsman-is-clean-bowled-during-a-village-cricket-match-HAB059.jpg,4,4,0
a-batsman-is-clean-bowled-during-a-village-cricket-match-HAB059.jpg,4,5,0
a-batsman-is-clean-bowled-during-a-village-cricket-match-HAB059.jpg,4,6,0
a-batsman-is-clean-bowled-during-a-village-cricket-match-HAB059.jpg,4,7,0
a-batsman-is-clean-bowled-during-a-village-cricket-match-HAB059.jpg,4,8,0
a-batsman-is-clean-bowled-during-a-village-cricket-match-HAB059.jpg,5,1,0
a-batsman-is-clean-bowled-during-a-village-cricket-match-HAB059.jpg,5,2,0
a-batsman-is-clean-bowled-during-a-village-cricket-match-HAB059.jpg,5,3,0
a-batsman-is-clean-bowled-during-a-village-cricket-match-HAB059.jpg,5,4,0
a-batsman-is-clean-bowled-during-a-village-cricket-match-HAB059.jpg,5,5,0
a-batsman-is-clean-bowled-during-a-village-cricket-match-HAB059.jpg,5,6,3
a-batsman-is-clean-bowled-during-a-village-cricket-match-HAB059.jpg,5,7,3
a-batsman-is-clean-bowled-during-a-village-cricket-match-HAB059.jpg,5,8,0
a-batsman-is-clean-bowled-during-a-village-cricket-match-HAB059.jpg,6,1,0
a-batsman-is-clean-bowled-during-a-village-cricket-match-HAB059.jpg,6,2,0
a-batsman-is-clean-bowled-during-a-village-cricket-match-HAB059.jpg,6,3,0
a-batsman-is-clean-bowled-during-a-village-cricket-match-HAB059.jpg,6,4,0
a-batsman-is-clean-bowled-during-a-village-cricket-match-HAB059.jpg,6,5,0
a-batsman-is-clean-bowled-during-a-village-cricket-match-HAB059.jpg,6,6,3
a-batsman-is-clean-bowled-during-a-village-cricket-match-HAB059.jpg,6,7,3
a-batsman-is-clean-bowled-during-a-village-cricket-match-HAB059.jpg,6,8,0
a-batsman-is-clean-bowled-during-a-village-cricket-match-HAB059.jpg,7,1,0
a-batsman-is-clean-bowled-during-a-village-cricket-match-HAB059.jpg,7,2,0
a-batsman-is-clean-bowled-during-a-village-cricket-match-HAB059.jpg,7,3,0
a-batsman-is-clean-bowled-during-a-village-cricket-match-HAB059.jpg,7,4,0
a-batsman-is-clean-bowled-during-a-village-cricket-match-HAB059.jpg,7,5,0
a-batsman-is-clean-bowled-during-a-village-cricket-match-HAB059.jpg,7,6,3
a-batsman-is-clean-bowled-during-a-village-cricket-match-HAB059.jpg,7,7,3
a-batsman-is-clean-bowled-during-a-village-cricket-match-HAB059.jpg,7,8,0
a-batsman-is-clean-bowled-during-a-village-cricket-match-HAB059.jpg,8,1,0
a-batsman-is-clean-bowled-during-a-village-cricket-match-HAB059.jpg,8,2,0
a-batsman-is-clean-bowled-during-a-village-cricket-match-HAB059.jpg,8,3,0
a-batsman-is-clean-bowled-during-a-village-cricket-match-HAB059.jpg,8,4,0
a-batsman-is-clean-bowled-during-a-village-cricket-match-HAB059.jpg,8,5,0
a-batsman-is-clean-bowled-during-a-village-cricket-match-HAB059.jpg,8,6,0
a-batsman-is-clean-bowled-during-a-village-cricket-match-HAB059.jpg,8,7,0
a-batsman-is-clean-bowled-during-a-village-cricket-match-HAB059.jpg,8,8,0
a-dove-holes-batsman-in-action-in-the-match-between-dove-holes-and-mottram-WA4ET9.jpg,1,1,0
a-dove-holes-batsman-in-action-in-the-match-between-dove-holes-and-mottram-WA4ET9.jpg,1,2,0
a-dove-holes-batsman-in-action-in-the-match-between-dove-holes-and-mottram-WA4ET9.jpg,1,3,0
a-dove-holes-batsman-in-action-in-the-match-between-dove-holes-and-mottram-WA4ET9.jpg,1,4,0
a-dove-holes-batsman-in-action-in-the-match-between-dove-holes-and-mottram-WA4ET9.jpg,1,5,0
a-dove-holes-batsman-in-action-in-the-match-between-dove-holes-and-mottram-WA4ET9.jpg,1,6,0
a-dove-holes-batsman-in-action-in-the-match-between-dove-holes-and-mottram-WA4ET9.jpg,1,7,0
a-dove-holes-batsman-in-action-in-the-match-between-dove-holes-and-mottram-WA4ET9.jpg,1,8,0
a-dove-holes-batsman-in-action-in-the-match-between-dove-holes-and-mottram-WA4ET9.jpg,2,1,0
a-dove-holes-batsman-in-action-in-the-match-between-dove-holes-and-mottram-WA4ET9.jpg,2,2,0
a-dove-holes-batsman-in-action-in-the-match-between-dove-holes-and-mottram-WA4ET9.jpg,2,3,0
a-dove-holes-batsman-in-action-in-the-match-between-dove-holes-and-mottram-WA4ET9.jpg,2,4,0
a-dove-holes-batsman-in-action-in-the-match-between-dove-holes-and-mottram-WA4ET9.jpg,2,5,0
a-dove-holes-batsman-in-action-in-the-match-between-dove-holes-and-mottram-WA4ET9.jpg,2,6,0
a-dove-holes-batsman-in-action-in-the-match-between-dove-holes-and-mottram-WA4ET9.jpg,2,7,0
a-dove-holes-batsman-in-action-in-the-match-between-dove-holes-and-mottram-WA4ET9.jpg,2,8,0
a-dove-holes-batsman-in-action-in-the-match-between-dove-holes-and-mottram-WA4ET9.jpg,3,1,0
a-dove-holes-batsman-in-action-in-the-match-between-dove-holes-and-mottram-WA4ET9.jpg,3,2,0
a-dove-holes-batsman-in-action-in-the-match-between-dove-holes-and-mottram-WA4ET9.jpg,3,3,0
a-dove-holes-batsman-in-action-in-the-match-between-dove-holes-and-mottram-WA4ET9.jpg,3,4,0
a-dove-holes-batsman-in-action-in-the-match-between-dove-holes-and-mottram-WA4ET9.jpg,3,5,0
a-dove-holes-batsman-in-action-in-the-match-between-dove-holes-and-mottram-WA4ET9.jpg,3,6,0
a-dove-holes-batsman-in-action-in-the-match-between-dove-holes-and-mottram-WA4ET9.jpg,3,7,0
a-dove-holes-batsman-in-action-in-the-match-between-dove-holes-and-mottram-WA4ET9.jpg,3,8,0
a-dove-holes-batsman-in-action-in-the-match-between-dove-holes-and-mottram-WA4ET9.jpg,4,1,3
a-dove-holes-batsman-in-action-in-the-match-between-dove-holes-and-mottram-WA4ET9.jpg,4,2,0
a-dove-holes-batsman-in-action-in-the-match-between-dove-holes-and-mottram-WA4ET9.jpg,4,3,0
a-dove-holes-batsman-in-action-in-the-match-between-dove-holes-and-mottram-WA4ET9.jpg,4,4,2
a-dove-holes-batsman-in-action-in-the-match-between-dove-holes-and-mottram-WA4ET9.jpg,4,5,0
a-dove-holes-batsman-in-action-in-the-match-between-dove-holes-and-mottram-WA4ET9.jpg,4,6,0
a-dove-holes-batsman-in-action-in-the-match-between-dove-holes-and-mottram-WA4ET9.jpg,4,7,0
a-dove-holes-batsman-in-action-in-the-match-between-dove-holes-and-mottram-WA4ET9.jpg,4,8,0
a-dove-holes-batsman-in-action-in-the-match-between-dove-holes-and-mottram-WA4ET9.jpg,5,1,3
a-dove-holes-batsman-in-action-in-the-match-between-dove-holes-and-mottram-WA4ET9.jpg,5,2,0
a-dove-holes-batsman-in-action-in-the-match-between-dove-holes-and-mottram-WA4ET9.jpg,5,3,0
a-dove-holes-batsman-in-action-in-the-match-between-dove-holes-and-mottram-WA4ET9.jpg,5,4,2
a-dove-holes-batsman-in-action-in-the-match-between-dove-holes-and-mottram-WA4ET9.jpg,5,5,0
a-dove-holes-batsman-in-action-in-the-match-between-dove-holes-and-mottram-WA4ET9.jpg,5,6,0
a-dove-holes-batsman-in-action-in-the-match-between-dove-holes-and-mottram-WA4ET9.jpg,5,7,0
a-dove-holes-batsman-in-action-in-the-match-between-dove-holes-and-mottram-WA4ET9.jpg,5,8,0
a-dove-holes-batsman-in-action-in-the-match-between-dove-holes-and-mottram-WA4ET9.jpg,6,1,3
a-dove-holes-batsman-in-action-in-the-match-between-dove-holes-and-mottram-WA4ET9.jpg,6,2,1
a-dove-holes-batsman-in-action-in-the-match-between-dove-holes-and-mottram-WA4ET9.jpg,6,3,0
a-dove-holes-batsman-in-action-in-the-match-between-dove-holes-and-mottram-WA4ET9.jpg,6,4,2
a-dove-holes-batsman-in-action-in-the-match-between-dove-holes-and-mottram-WA4ET9.jpg,6,5,0
a-dove-holes-batsman-in-action-in-the-match-between-dove-holes-and-mottram-WA4ET9.jpg,6,6,0
a-dove-holes-batsman-in-action-in-the-match-between-dove-holes-and-mottram-WA4ET9.jpg,6,7,0
a-dove-holes-batsman-in-action-in-the-match-between-dove-holes-and-mottram-WA4ET9.jpg,6,8,0
a-dove-holes-batsman-in-action-in-the-match-between-dove-holes-and-mottram-WA4ET9.jpg,7,1,0
a-dove-holes-batsman-in-action-in-the-match-between-dove-holes-and-mottram-WA4ET9.jpg,7,2,0
a-dove-holes-batsman-in-action-in-the-match-between-dove-holes-and-mottram-WA4ET9.jpg,7,3,0
a-dove-holes-batsman-in-action-in-the-match-between-dove-holes-and-mottram-WA4ET9.jpg,7,4,0
a-dove-holes-batsman-in-action-in-the-match-between-dove-holes-and-mottram-WA4ET9.jpg,7,5,0
a-dove-holes-batsman-in-action-in-the-match-between-dove-holes-and-mottram-WA4ET9.jpg,7,6,0
a-dove-holes-batsman-in-action-in-the-match-between-dove-holes-and-mottram-WA4ET9.jpg,7,7,0
a-dove-holes-batsman-in-action-in-the-match-between-dove-holes-and-mottram-WA4ET9.jpg,7,8,0
a-dove-holes-batsman-in-action-in-the-match-between-dove-holes-and-mottram-WA4ET9.jpg,8,1,0
a-dove-holes-batsman-in-action-in-the-match-between-dove-holes-and-mottram-WA4ET9.jpg,8,2,0
a-dove-holes-batsman-in-action-in-the-match-between-dove-holes-and-mottram-WA4ET9.jpg,8,3,0
a-dove-holes-batsman-in-action-in-the-match-between-dove-holes-and-mottram-WA4ET9.jpg,8,4,0
a-dove-holes-batsman-in-action-in-the-match-between-dove-holes-and-mottram-WA4ET9.jpg,8,5,0
a-dove-holes-batsman-in-action-in-the-match-between-dove-holes-and-mottram-WA4ET9.jpg,8,6,0
a-dove-holes-batsman-in-action-in-the-match-between-dove-holes-and-mottram-WA4ET9.jpg,8,7,0
a-dove-holes-batsman-in-action-in-the-match-between-dove-holes-and-mottram-WA4ET9.jpg,8,8,0
AB-de-Villiers-ramp-shot (1).jpg,1,1,0
AB-de-Villiers-ramp-shot (1).jpg,1,2,0
AB-de-Villiers-ramp-shot (1).jpg,1,3,2
AB-de-Villiers-ramp-shot (1).jpg,1,4,0
AB-de-Villiers-ramp-shot (1).jpg,1,5,0
AB-de-Villiers-ramp-shot (1).jpg,1,6,0
AB-de-Villiers-ramp-shot (1).jpg,1,7,0
AB-de-Villiers-ramp-shot (1).jpg,1,8,0
AB-de-Villiers-ramp-shot (1).jpg,2,1,0
AB-de-Villiers-ramp-shot (1).jpg,2,2,0
AB-de-Villiers-ramp-shot (1).jpg,2,3,2
AB-de-Villiers-ramp-shot (1).jpg,2,4,2
AB-de-Villiers-ramp-shot (1).jpg,2,5,0
AB-de-Villiers-ramp-shot (1).jpg,2,6,0
AB-de-Villiers-ramp-shot (1).jpg,2,7,0
AB-de-Villiers-ramp-shot (1).jpg,2,8,0
AB-de-Villiers-ramp-shot (1).jpg,3,1,0
AB-de-Villiers-ramp-shot (1).jpg,3,2,0
AB-de-Villiers-ramp-shot (1).jpg,3,3,2
AB-de-Villiers-ramp-shot (1).jpg,3,4,2
AB-de-Villiers-ramp-shot (1).jpg,3,5,0
AB-de-Villiers-ramp-shot (1).jpg,3,6,0
AB-de-Villiers-ramp-shot (1).jpg,3,7,0
AB-de-Villiers-ramp-shot (1).jpg,3,8,0
AB-de-Villiers-ramp-shot (1).jpg,4,1,0
AB-de-Villiers-ramp-shot (1).jpg,4,2,0
AB-de-Villiers-ramp-shot (1).jpg,4,3,0
AB-de-Villiers-ramp-shot (1).jpg,4,4,0
AB-de-Villiers-ramp-shot (1).jpg,4,5,0
AB-de-Villiers-ramp-shot (1).jpg,4,6,0
AB-de-Villiers-ramp-shot (1).jpg,4,7,0
AB-de-Villiers-ramp-shot (1).jpg,4,8,0
AB-de-Villiers-ramp-shot (1).jpg,5,1,0
AB-de-Villiers-ramp-shot (1).jpg,5,2,0
AB-de-Villiers-ramp-shot (1).jpg,5,3,0
AB-de-Villiers-ramp-shot (1).jpg,5,4,3
AB-de-Villiers-ramp-shot (1).jpg,5,5,3
AB-de-Villiers-ramp-shot (1).jpg,5,6,0
AB-de-Villiers-ramp-shot (1).jpg,5,7,0
AB-de-Villiers-ramp-shot (1).jpg,5,8,0
AB-de-Villiers-ramp-shot (1).jpg,6,1,0
AB-de-Villiers-ramp-shot (1).jpg,6,2,0
AB-de-Villiers-ramp-shot (1).jpg,6,3,0
AB-de-Villiers-ramp-shot (1).jpg,6,4,3
AB-de-Villiers-ramp-shot (1).jpg,6,5,3
AB-de-Villiers-ramp-shot (1).jpg,6,6,0
AB-de-Villiers-ramp-shot (1).jpg,6,7,0
AB-de-Villiers-ramp-shot (1).jpg,6,8,0
AB-de-Villiers-ramp-shot (1).jpg,7,1,0
AB-de-Villiers-ramp-shot (1).jpg,7,2,0
AB-de-Villiers-ramp-shot (1).jpg,7,3,0
AB-de-Villiers-ramp-shot (1).jpg,7,4,3
AB-de-Villiers-ramp-shot (1).jpg,7,5,3
AB-de-Villiers-ramp-shot (1).jpg,7,6,0
AB-de-Villiers-ramp-shot (1).jpg,7,7,0
AB-de-Villiers-ramp-shot (1).jpg,7,8,0
AB-de-Villiers-ramp-shot (1).jpg,8,1,0
AB-de-Villiers-ramp-shot (1).jpg,8,2,0
AB-de-Villiers-ramp-shot (1).jpg,8,3,0
AB-de-Villiers-ramp-shot (1).jpg,8,4,3
AB-de-Villiers-ramp-shot (1).jpg,8,5,3
AB-de-Villiers-ramp-shot (1).jpg,8,6,0
AB-de-Villiers-ramp-shot (1).jpg,8,7,0
AB-de-Villiers-ramp-shot (1).jpg,8,8,0
ANI-20251012044302.jpg,1,1,0
ANI-20251012044302.jpg,1,2,0
ANI-20251012044302.jpg,1,3,0
ANI-20251012044302.jpg,1,4,2
ANI-20251012044302.jpg,1,5,0
ANI-20251012044302.jpg,1,6,0
ANI-20251012044302.jpg,1,7,0
ANI-20251012044302.jpg,1,8,0
ANI-20251012044302.jpg,2,1,0
ANI-20251012044302.jpg,2,2,0
ANI-20251012044302.jpg,2,3,0
ANI-20251012044302.jpg,2,4,2
ANI-20251012044302.jpg,2,5,0
ANI-20251012044302.jpg,2,6,0
ANI-20251012044302.jpg,2,7,0
ANI-20251012044302.jpg,2,8,0
ANI-20251012044302.jpg,3,1,0
ANI-20251012044302.jpg,3,2,0
ANI-20251012044302.jpg,3,3,0
ANI-20251012044302.jpg,3,4,2
ANI-20251012044302.jpg,3,5,0
ANI-20251012044302.jpg,3,6,0
ANI-20251012044302.jpg,3,7,0
ANI-20251012044302.jpg,3,8,0
ANI-20251012044302.jpg,4,1,0
ANI-20251012044302.jpg,4,2,0
ANI-20251012044302.jpg,4,3,0
ANI-20251012044302.jpg,4,4,0
ANI-20251012044302.jpg,4,5,0
ANI-20251012044302.jpg,4,6,0
ANI-20251012044302.jpg,4,7,0
ANI-20251012044302.jpg,4,8,0
ANI-20251012044302.jpg,5,1,0
ANI-20251012044302.jpg,5,2,0
ANI-20251012044302.jpg,5,3,0
ANI-20251012044302.jpg,5,4,0
ANI-20251012044302.jpg,5,5,0
ANI-20251012044302.jpg,5,6,0
ANI-20251012044302.jpg,5,7,0
ANI-20251012044302.jpg,5,8,0
ANI-20251012044302.jpg,6,1,0
ANI-20251012044302.jpg,6,2,0
ANI-20251012044302.jpg,6,3,0
ANI-20251012044302.jpg,6,4,0
ANI-20251012044302.jpg,6,5,3
ANI-20251012044302.jpg,6,6,3
ANI-20251012044302.jpg,6,7,0
ANI-20251012044302.jpg,6,8,0
ANI-20251012044302.jpg,7,1,0
ANI-20251012044302.jpg,7,2,0
ANI-20251012044302.jpg,7,3,0
ANI-20251012044302.jpg,7,4,0
ANI-20251012044302.jpg,7,5,3
ANI-20251012044302.jpg,7,6,3
ANI-20251012044302.jpg,7,7,0
ANI-20251012044302.jpg,7,8,0
ANI-20251012044302.jpg,8,1,0
ANI-20251012044302.jpg,8,2,0
ANI-20251012044302.jpg,8,3,0
ANI-20251012044302.jpg,8,4,0
ANI-20251012044302.jpg,8,5,3
ANI-20251012044302.jpg,8,6,3
ANI-20251012044302.jpg,8,7,0
ANI-20251012044302.jpg,8,8,0
ANI-20251109113020.jpg,1,1,0
ANI-20251109113020.jpg,1,2,0
ANI-20251109113020.jpg,1,3,0
ANI-20251109113020.jpg,1,4,0
ANI-20251109113020.jpg,1,5,2
ANI-20251109113020.jpg,1,6,0
ANI-20251109113020.jpg,1,7,0
ANI-20251109113020.jpg,1,8,0
ANI-20251109113020.jpg,2,1,0
ANI-20251109113020.jpg,2,2,0
ANI-20251109113020.jpg,2,3,0
ANI-20251109113020.jpg,2,4,0
ANI-20251109113020.jpg,2,5,3
ANI-20251109113020.jpg,2,6,0
ANI-20251109113020.jpg,2,7,0
ANI-20251109113020.jpg,2,8,0
ANI-20251109113020.jpg,3,1,0
ANI-20251109113020.jpg,3,2,0
ANI-20251109113020.jpg,3,3,0
ANI-20251109113020.jpg,3,4,0
ANI-20251109113020.jpg,3,5,3
ANI-20251109113020.jpg,3,6,0
ANI-20251109113020.jpg,3,7,0
ANI-20251109113020.jpg,3,8,0
ANI-20251109113020.jpg,4,1,0
ANI-20251109113020.jpg,4,2,0
ANI-20251109113020.jpg,4,3,0
ANI-20251109113020.jpg,4,4,0
ANI-20251109113020.jpg,4,5,0
ANI-20251109113020.jpg,4,6,0
ANI-20251109113020.jpg,4,7,0
ANI-20251109113020.jpg,4,8,0
ANI-20251109113020.jpg,5,1,0
ANI-20251109113020.jpg,5,2,0
ANI-20251109113020.jpg,5,3,0
ANI-20251109113020.jpg,5,4,0
ANI-20251109113020.jpg,5,5,0
ANI-20251109113020.jpg,5,6,0
ANI-20251109113020.jpg,5,7,0
ANI-20251109113020.jpg,5,8,0
ANI-20251109113020.jpg,6,1,0
ANI-20251109113020.jpg,6,2,0
ANI-20251109113020.jpg,6,3,0
ANI-20251109113020.jpg,6,4,0
ANI-20251109113020.jpg,6,5,0
ANI-20251109113020.jpg,6,6,2
ANI-20251109113020.jpg,6,7,0
ANI-20251109113020.jpg,6,8,0
ANI-20251109113020.jpg,7,1,0
ANI-20251109113020.jpg,7,2,0
ANI-20251109113020.jpg,7,3,0
ANI-20251109113020.jpg,7,4,0
ANI-20251109113020.jpg,7,5,2
ANI-20251109113020.jpg,7,6,2
ANI-20251109113020.jpg,7,7,0
ANI-20251109113020.jpg,7,8,0
ANI-20251109113020.jpg,8,1,0
ANI-20251109113020.jpg,8,2,0
ANI-20251109113020.jpg,8,3,0
ANI-20251109113020.jpg,8,4,0
ANI-20251109113020.jpg,8,5,0
ANI-20251109113020.jpg,8,6,0
ANI-20251109113020.jpg,8,7,0
ANI-20251109113020.jpg,8,8,0
ANI-20251118090441_202511.jpg,1,1,0
ANI-20251118090441_202511.jpg,1,2,0
ANI-20251118090441_202511.jpg,1,3,0
ANI-20251118090441_202511.jpg,1,4,0
ANI-20251118090441_202511.jpg,1,5,0
ANI-20251118090441_202511.jpg,1,6,0
ANI-20251118090441_202511.jpg,1,7,0
ANI-20251118090441_202511.jpg,1,8,0
ANI-20251118090441_202511.jpg,2,1,0
ANI-20251118090441_202511.jpg,2,2,0
ANI-20251118090441_202511.jpg,2,3,0
ANI-20251118090441_202511.jpg,2,4,0
ANI-20251118090441_202511.jpg,2,5,0
ANI-20251118090441_202511.jpg,2,6,0
ANI-20251118090441_202511.jpg,2,7,0
ANI-20251118090441_202511.jpg,2,8,0
ANI-20251118090441_202511.jpg,3,1,0
ANI-20251118090441_202511.jpg,3,2,0
ANI-20251118090441_202511.jpg,3,3,0
ANI-20251118090441_202511.jpg,3,4,0
ANI-20251118090441_202511.jpg,3,5,0
ANI-20251118090441_202511.jpg,3,6,0
ANI-20251118090441_202511.jpg,3,7,0
ANI-20251118090441_202511.jpg,3,8,0
ANI-20251118090441_202511.jpg,4,1,0
ANI-20251118090441_202511.jpg,4,2,0
ANI-20251118090441_202511.jpg,4,3,0
ANI-20251118090441_202511.jpg,4,4,0
ANI-20251118090441_202511.jpg,4,5,0
ANI-20251118090441_202511.jpg,4,6,0
ANI-20251118090441_202511.jpg,4,7,0
ANI-20251118090441_202511.jpg,4,8,0
ANI-20251118090441_202511.jpg,5,1,0
ANI-20251118090441_202511.jpg,5,2,0
ANI-20251118090441_202511.jpg,5,3,0
ANI-20251118090441_202511.jpg,5,4,0
ANI-20251118090441_202511.jpg,5,5,0
ANI-20251118090441_202511.jpg,5,6,3
ANI-20251118090441_202511.jpg,5,7,3
ANI-20251118090441_202511.jpg,5,8,0
ANI-20251118090441_202511.jpg,6,1,0
ANI-20251118090441_202511.jpg,6,2,0
ANI-20251118090441_202511.jpg,6,3,0
ANI-20251118090441_202511.jpg,6,4,0
ANI-20251118090441_202511.jpg,6,5,0
ANI-20251118090441_202511.jpg,6,6,3
ANI-20251118090441_202511.jpg,6,7,3
ANI-20251118090441_202511.jpg,6,8,0
ANI-20251118090441_202511.jpg,7,1,0
ANI-20251118090441_202511.jpg,7,2,0
ANI-20251118090441_202511.jpg,7,3,0
ANI-20251118090441_202511.jpg,7,4,0
ANI-20251118090441_202511.jpg,7,5,0
ANI-20251118090441_202511.jpg,7,6,3
ANI-20251118090441_202511.jpg,7,7,3
ANI-20251118090441_202511.jpg,7,8,0
ANI-20251118090441_202511.jpg,8,1,0
ANI-20251118090441_202511.jpg,8,2,0
ANI-20251118090441_202511.jpg,8,3,0
ANI-20251118090441_202511.jpg,8,4,0
ANI-20251118090441_202511.jpg,8,5,0
ANI-20251118090441_202511.jpg,8,6,3
ANI-20251118090441_202511.jpg,8,7,3
ANI-20251118090441_202511.jpg,8,8,0
annotated_107679169 (1).jpg,1,1,0
annotated_107679169 (1).jpg,1,2,0
annotated_107679169 (1).jpg,1,3,0
annotated_107679169 (1).jpg,1,4,0
annotated_107679169 (1).jpg,1,5,0
annotated_107679169 (1).jpg,1,6,0
annotated_107679169 (1).jpg,1,7,0
annotated_107679169 (1).jpg,1,8,0
annotated_107679169 (1).jpg,2,1,0
annotated_107679169 (1).jpg,2,2,0
annotated_107679169 (1).jpg,2,3,0
annotated_107679169 (1).jpg,2,4,0
annotated_107679169 (1).jpg,2,5,0
annotated_107679169 (1).jpg,2,6,0
annotated_107679169 (1).jpg,2,7,0
annotated_107679169 (1).jpg,2,8,0
annotated_107679169 (1).jpg,3,1,0
annotated_107679169 (1).jpg,3,2,0
annotated_107679169 (1).jpg,3,3,1
annotated_107679169 (1).jpg,3,4,1
annotated_107679169 (1).jpg,3,5,1
annotated_107679169 (1).jpg,3,6,1
annotated_107679169 (1).jpg,3,7,1
annotated_107679169 (1).jpg,3,8,1
annotated_107679169 (1).jpg,4,1,1
annotated_107679169 (1).jpg,4,2,1
annotated_107679169 (1).jpg,4,3,1
annotated_107679169 (1).jpg,4,4,1
annotated_107679169 (1).jpg,4,5,1
annotated_107679169 (1).jpg,4,6,1
annotated_107679169 (1).jpg,4,7,1
annotated_107679169 (1).jpg,4,8,1
annotated_107679169 (1).jpg,5,1,1
annotated_107679169 (1).jpg,5,2,1
annotated_107679169 (1).jpg,5,3,1
annotated_107679169 (1).jpg,5,4,1
annotated_107679169 (1).jpg,5,5,1
annotated_107679169 (1).jpg,5,6,1
annotated_107679169 (1).jpg,5,7,1
annotated_107679169 (1).jpg,5,8,1
annotated_107679169 (1).jpg,6,1,1
annotated_107679169 (1).jpg,6,2,1
annotated_107679169 (1).jpg,6,3,1
annotated_107679169 (1).jpg,6,4,1
annotated_107679169 (1).jpg,6,5,1
annotated_107679169 (1).jpg,6,6,1
annotated_107679169 (1).jpg,6,7,1
annotated_107679169 (1).jpg,6,8,1
annotated_107679169 (1).jpg,7,1,1
annotated_107679169 (1).jpg,7,2,1
annotated_107679169 (1).jpg,7,3,1
annotated_107679169 (1).jpg,7,4,1
annotated_107679169 (1).jpg,7,5,1
annotated_107679169 (1).jpg,7,6,1
annotated_107679169 (1).jpg,7,7,1
annotated_107679169 (1).jpg,7,8,1
annotated_107679169 (1).jpg,8,1,1
annotated_107679169 (1).jpg,8,2,1
annotated_107679169 (1).jpg,8,3,1
annotated_107679169 (1).jpg,8,4,1
annotated_107679169 (1).jpg,8,5,1
annotated_107679169 (1).jpg,8,6,1
annotated_107679169 (1).jpg,8,7,1
annotated_107679169 (1).jpg,8,8,1
annotated_11_d80cd745-62e0-4cc4-8642-afc2caa96ef7 (1).jpg,1,1,0
annotated_11_d80cd745-62e0-4cc4-8642-afc2caa96ef7 (1).jpg,1,2,0
annotated_11_d80cd745-62e0-4cc4-8642-afc2caa96ef7 (1).jpg,1,3,0
annotated_11_d80cd745-62e0-4cc4-8642-afc2caa96ef7 (1).jpg,1,4,0
annotated_11_d80cd745-62e0-4cc4-8642-afc2caa96ef7 (1).jpg,1,5,0
annotated_11_d80cd745-62e0-4cc4-8642-afc2caa96ef7 (1).jpg,1,6,0
annotated_11_d80cd745-62e0-4cc4-8642-afc2caa96ef7 (1).jpg,1,7,0
annotated_11_d80cd745-62e0-4cc4-8642-afc2caa96ef7 (1).jpg,1,8,0
annotated_11_d80cd745-62e0-4cc4-8642-afc2caa96ef7 (1).jpg,2,1,0
annotated_11_d80cd745-62e0-4cc4-8642-afc2caa96ef7 (1).jpg,2,2,0
annotated_11_d80cd745-62e0-4cc4-8642-afc2caa96ef7 (1).jpg,2,3,0
annotated_11_d80cd745-62e0-4cc4-8642-afc2caa96ef7 (1).jpg,2,4,0
annotated_11_d80cd745-62e0-4cc4-8642-afc2caa96ef7 (1).jpg,2,5,0
annotated_11_d80cd745-62e0-4cc4-8642-afc2caa96ef7 (1).jpg,2,6,0
annotated_11_d80cd745-62e0-4cc4-8642-afc2caa96ef7 (1).jpg,2,7,0
annotated_11_d80cd745-62e0-4cc4-8642-afc2caa96ef7 (1).jpg,2,8,0
annotated_11_d80cd745-62e0-4cc4-8642-afc2caa96ef7 (1).jpg,3,1,0
annotated_11_d80cd745-62e0-4cc4-8642-afc2caa96ef7 (1).jpg,3,2,0
annotated_11_d80cd745-62e0-4cc4-8642-afc2caa96ef7 (1).jpg,3,3,1
annotated_11_d80cd745-62e0-4cc4-8642-afc2caa96ef7 (1).jpg,3,4,1
annotated_11_d80cd745-62e0-4cc4-8642-afc2caa96ef7 (1).jpg,3,5,1
annotated_11_d80cd745-62e0-4cc4-8642-afc2caa96ef7 (1).jpg,3,6,1
annotated_11_d80cd745-62e0-4cc4-8642-afc2caa96ef7 (1).jpg,3,7,1
annotated_11_d80cd745-62e0-4cc4-8642-afc2caa96ef7 (1).jpg,3,8,1
annotated_11_d80cd745-62e0-4cc4-8642-afc2caa96ef7 (1).jpg,4,1,1
annotated_11_d80cd745-62e0-4cc4-8642-afc2caa96ef7 (1).jpg,4,2,1
annotated_11_d80cd745-62e0-4cc4-8642-afc2caa96ef7 (1).jpg,4,3,1
annotated_11_d80cd745-62e0-4cc4-8642-afc2caa96ef7 (1).jpg,4,4,1
annotated_11_d80cd745-62e0-4cc4-8642-afc2caa96ef7 (1).jpg,4,5,1
annotated_11_d80cd745-62e0-4cc4-8642-afc2caa96ef7 (1).jpg,4,6,1
annotated_11_d80cd745-62e0-4cc4-8642-afc2caa96ef7 (1).jpg,4,7,1
annotated_11_d80cd745-62e0-4cc4-8642-afc2caa96ef7 (1).jpg,4,8,1
annotated_11_d80cd745-62e0-4cc4-8642-afc2caa96ef7 (1).jpg,5,1,1
annotated_11_d80cd745-62e0-4cc4-8642-afc2caa96ef7 (1).jpg,5,2,1
annotated_11_d80cd745-62e0-4cc4-8642-afc2caa96ef7 (1).jpg,5,3,1
annotated_11_d80cd745-62e0-4cc4-8642-afc2caa96ef7 (1).jpg,5,4,1
annotated_11_d80cd745-62e0-4cc4-8642-afc2caa96ef7 (1).jpg,5,5,1
annotated_11_d80cd745-62e0-4cc4-8642-afc2caa96ef7 (1).jpg,5,6,1
annotated_11_d80cd745-62e0-4cc4-8642-afc2caa96ef7 (1).jpg,5,7,1
annotated_11_d80cd745-62e0-4cc4-8642-afc2caa96ef7 (1).jpg,5,8,1
annotated_11_d80cd745-62e0-4cc4-8642-afc2caa96ef7 (1).jpg,6,1,1
annotated_11_d80cd745-62e0-4cc4-8642-afc2caa96ef7 (1).jpg,6,2,1
annotated_11_d80cd745-62e0-4cc4-8642-afc2caa96ef7 (1).jpg,6,3,1
annotated_11_d80cd745-62e0-4cc4-8642-afc2caa96ef7 (1).jpg,6,4,1
annotated_11_d80cd745-62e0-4cc4-8642-afc2caa96ef7 (1).jpg,6,5,1
annotated_11_d80cd745-62e0-4cc4-8642-afc2caa96ef7 (1).jpg,6,6,1
annotated_11_d80cd745-62e0-4cc4-8642-afc2caa96ef7 (1).jpg,6,7,1
annotated_11_d80cd745-62e0-4cc4-8642-afc2caa96ef7 (1).jpg,6,8,1
annotated_11_d80cd745-62e0-4cc4-8642-afc2caa96ef7 (1).jpg,7,1,1
annotated_11_d80cd745-62e0-4cc4-8642-afc2caa96ef7 (1).jpg,7,2,1
annotated_11_d80cd745-62e0-4cc4-8642-afc2caa96ef7 (1).jpg,7,3,1
annotated_11_d80cd745-62e0-4cc4-8642-afc2caa96ef7 (1).jpg,7,4,1
annotated_11_d80cd745-62e0-4cc4-8642-afc2caa96ef7 (1).jpg,7,5,1
annotated_11_d80cd745-62e0-4cc4-8642-afc2caa96ef7 (1).jpg,7,6,1
annotated_11_d80cd745-62e0-4cc4-8642-afc2caa96ef7 (1).jpg,7,7,1
annotated_11_d80cd745-62e0-4cc4-8642-afc2caa96ef7 (1).jpg,7,8,0
annotated_11_d80cd745-62e0-4cc4-8642-afc2caa96ef7 (1).jpg,8,1,0
annotated_11_d80cd745-62e0-4cc4-8642-afc2caa96ef7 (1).jpg,8,2,0
annotated_11_d80cd745-62e0-4cc4-8642-afc2caa96ef7 (1).jpg,8,3,0
annotated_11_d80cd745-62e0-4cc4-8642-afc2caa96ef7 (1).jpg,8,4,0
annotated_11_d80cd745-62e0-4cc4-8642-afc2caa96ef7 (1).jpg,8,5,0
annotated_11_d80cd745-62e0-4cc4-8642-afc2caa96ef7 (1).jpg,8,6,0
annotated_11_d80cd745-62e0-4cc4-8642-afc2caa96ef7 (1).jpg,8,7,0
annotated_11_d80cd745-62e0-4cc4-8642-afc2caa96ef7 (1).jpg,8,8,0
annotated_3d-shiny-new-test-match-600nw-2449821457 (1).jpg,1,1,0
annotated_3d-shiny-new-test-match-600nw-2449821457 (1).jpg,1,2,0
annotated_3d-shiny-new-test-match-600nw-2449821457 (1).jpg,1,3,0
annotated_3d-shiny-new-test-match-600nw-2449821457 (1).jpg,1,4,0
annotated_3d-shiny-new-test-match-600nw-2449821457 (1).jpg,1,5,0
annotated_3d-shiny-new-test-match-600nw-2449821457 (1).jpg,1,6,0
annotated_3d-shiny-new-test-match-600nw-2449821457 (1).jpg,1,7,0
annotated_3d-shiny-new-test-match-600nw-2449821457 (1).jpg,1,8,0
annotated_3d-shiny-new-test-match-600nw-2449821457 (1).jpg,2,1,0
annotated_3d-shiny-new-test-match-600nw-2449821457 (1).jpg,2,2,0
annotated_3d-shiny-new-test-match-600nw-2449821457 (1).jpg,2,3,0
annotated_3d-shiny-new-test-match-600nw-2449821457 (1).jpg,2,4,1
annotated_3d-shiny-new-test-match-600nw-2449821457 (1).jpg,2,5,1
annotated_3d-shiny-new-test-match-600nw-2449821457 (1).jpg,2,6,1
annotated_3d-shiny-new-test-match-600nw-2449821457 (1).jpg,2,7,0
annotated_3d-shiny-new-test-match-600nw-2449821457 (1).jpg,2,8,0
annotated_3d-shiny-new-test-match-600nw-2449821457 (1).jpg,3,1,0
annotated_3d-shiny-new-test-match-600nw-2449821457 (1).jpg,3,2,0
annotated_3d-shiny-new-test-match-600nw-2449821457 (1).jpg,3,3,1
annotated_3d-shiny-new-test-match-600nw-2449821457 (1).jpg,3,4,1
annotated_3d-shiny-new-test-match-600nw-2449821457 (1).jpg,3,5,1
annotated_3d-shiny-new-test-match-600nw-2449821457 (1).jpg,3,6,1
annotated_3d-shiny-new-test-match-600nw-2449821457 (1).jpg,3,7,0
annotated_3d-shiny-new-test-match-600nw-2449821457 (1).jpg,3,8,0
annotated_3d-shiny-new-test-match-600nw-2449821457 (1).jpg,4,1,0
annotated_3d-shiny-new-test-match-600nw-2449821457 (1).jpg,4,2,0
annotated_3d-shiny-new-test-match-600nw-2449821457 (1).jpg,4,3,1
annotated_3d-shiny-new-test-match-600nw-2449821457 (1).jpg,4,4,1
annotated_3d-shiny-new-test-match-600nw-2449821457 (1).jpg,4,5,1
annotated_3d-shiny-new-test-match-600nw-2449821457 (1).jpg,4,6,1
annotated_3d-shiny-new-test-match-600nw-2449821457 (1).jpg,4,7,0
annotated_3d-shiny-new-test-match-600nw-2449821457 (1).jpg,4,8,0
annotated_3d-shiny-new-test-match-600nw-2449821457 (1).jpg,5,1,0
annotated_3d-shiny-new-test-match-600nw-2449821457 (1).jpg,5,2,0
annotated_3d-shiny-new-test-match-600nw-2449821457 (1).jpg,5,3,1
annotated_3d-shiny-new-test-match-600nw-2449821457 (1).jpg,5,4,1
annotated_3d-shiny-new-test-match-600nw-2449821457 (1).jpg,5,5,1
annotated_3d-shiny-new-test-match-600nw-2449821457 (1).jpg,5,6,1
annotated_3d-shiny-new-test-match-600nw-2449821457 (1).jpg,5,7,0
annotated_3d-shiny-new-test-match-600nw-2449821457 (1).jpg,5,8,0
annotated_3d-shiny-new-test-match-600nw-2449821457 (1).jpg,6,1,0
annotated_3d-shiny-new-test-match-600nw-2449821457 (1).jpg,6,2,0
annotated_3d-shiny-new-test-match-600nw-2449821457 (1).jpg,6,3,1
annotated_3d-shiny-new-test-match-600nw-2449821457 (1).jpg,6,4,1
annotated_3d-shiny-new-test-match-600nw-2449821457 (1).jpg,6,5,1
annotated_3d-shiny-new-test-match-600nw-2449821457 (1).jpg,6,6,1
annotated_3d-shiny-new-test-match-600nw-2449821457 (1).jpg,6,7,0
annotated_3d-shiny-new-test-match-600nw-2449821457 (1).jpg,6,8,0
annotated_3d-shiny-new-test-match-600nw-2449821457 (1).jpg,7,1,0
annotated_3d-shiny-new-test-match-600nw-2449821457 (1).jpg,7,2,0
annotated_3d-shiny-new-test-match-600nw-2449821457 (1).jpg,7,3,1
annotated_3d-shiny-new-test-match-600nw-2449821457 (1).jpg,7,4,1
annotated_3d-shiny-new-test-match-600nw-2449821457 (1).jpg,7,5,1
annotated_3d-shiny-new-test-match-600nw-2449821457 (1).jpg,7,6,0
annotated_3d-shiny-new-test-match-600nw-2449821457 (1).jpg,7,7,0
annotated_3d-shiny-new-test-match-600nw-2449821457 (1).jpg,7,8,0
annotated_3d-shiny-new-test-match-600nw-2449821457 (1).jpg,8,1,0
annotated_3d-shiny-new-test-match-600nw-2449821457 (1).jpg,8,2,0
annotated_3d-shiny-new-test-match-600nw-2449821457 (1).jpg,8,3,0
annotated_3d-shiny-new-test-match-600nw-2449821457 (1).jpg,8,4,0
annotated_3d-shiny-new-test-match-600nw-2449821457 (1).jpg,8,5,0
annotated_3d-shiny-new-test-match-600nw-2449821457 (1).jpg,8,6,0
annotated_3d-shiny-new-test-match-600nw-2449821457 (1).jpg,8,7,0
annotated_3d-shiny-new-test-match-600nw-2449821457 (1).jpg,8,8,0
annotated_41POwIM+VxL (1).jpg,1,1,0
annotated_41POwIM+VxL (1).jpg,1,2,1
annotated_41POwIM+VxL (1).jpg,1,3,1
annotated_41POwIM+VxL (1).jpg,1,4,1
annotated_41POwIM+VxL (1).jpg,1,5,1
annotated_41POwIM+VxL (1).jpg,1,6,1
annotated_41POwIM+VxL (1).jpg,1,7,0
annotated_41POwIM+VxL (1).jpg,1,8,0
annotated_41POwIM+VxL (1).jpg,2,1,0
annotated_41POwIM+VxL (1).jpg,2,2,1
annotated_41POwIM+VxL (1).jpg,2,3,1
annotated_41POwIM+VxL (1).jpg,2,4,1
annotated_41POwIM+VxL (1).jpg,2,5,1
annotated_41POwIM+VxL (1).jpg,2,6,1
annotated_41POwIM+VxL (1).jpg,2,7,1
annotated_41POwIM+VxL (1).jpg,2,8,0
annotated_41POwIM+VxL (1).jpg,3,1,0
annotated_41POwIM+VxL (1).jpg,3,2,1
annotated_41POwIM+VxL (1).jpg,3,3,1
annotated_41POwIM+VxL (1).jpg,3,4,1
annotated_41POwIM+VxL (1).jpg,3,5,1
annotated_41POwIM+VxL (1).jpg,3,6,1
annotated_41POwIM+VxL (1).jpg,3,7,1
annotated_41POwIM+VxL (1).jpg,3,8,0
annotated_41POwIM+VxL (1).jpg,4,1,0
annotated_41POwIM+VxL (1).jpg,4,2,1
annotated_41POwIM+VxL (1).jpg,4,3,1
annotated_41POwIM+VxL (1).jpg,4,4,1
annotated_41POwIM+VxL (1).jpg,4,5,1
annotated_41POwIM+VxL (1).jpg,4,6,1
annotated_41POwIM+VxL (1).jpg,4,7,1
annotated_41POwIM+VxL (1).jpg,4,8,0
annotated_41POwIM+VxL (1).jpg,5,1,0
annotated_41POwIM+VxL (1).jpg,5,2,1
annotated_41POwIM+VxL (1).jpg,5,3,1
annotated_41POwIM+VxL (1).jpg,5,4,1
annotated_41POwIM+VxL (1).jpg,5,5,1
annotated_41POwIM+VxL (1).jpg,5,6,1
annotated_41POwIM+VxL (1).jpg,5,7,1
annotated_41POwIM+VxL (1).jpg,5,8,0
annotated_41POwIM+VxL (1).jpg,6,1,0
annotated_41POwIM+VxL (1).jpg,6,2,1
annotated_41POwIM+VxL (1).jpg,6,3,1
annotated_41POwIM+VxL (1).jpg,6,4,1
annotated_41POwIM+VxL (1).jpg,6,5,1
annotated_41POwIM+VxL (1).jpg,6,6,1
annotated_41POwIM+VxL (1).jpg,6,7,1
annotated_41POwIM+VxL (1).jpg,6,8,0
annotated_41POwIM+VxL (1).jpg,7,1,0
annotated_41POwIM+VxL (1).jpg,7,2,1
annotated_41POwIM+VxL (1).jpg,7,3,1
annotated_41POwIM+VxL (1).jpg,7,4,1
annotated_41POwIM+VxL (1).jpg,7,5,1
annotated_41POwIM+VxL (1).jpg,7,6,0
annotated_41POwIM+VxL (1).jpg,7,7,1
annotated_41POwIM+VxL (1).jpg,7,8,0
annotated_41POwIM+VxL (1).jpg,8,1,0
annotated_41POwIM+VxL (1).jpg,8,2,0
annotated_41POwIM+VxL (1).jpg,8,3,1
annotated_41POwIM+VxL (1).jpg,8,4,1
annotated_41POwIM+VxL (1).jpg,8,5,1
annotated_41POwIM+VxL (1).jpg,8,6,1
annotated_41POwIM+VxL (1).jpg,8,7,0
annotated_41POwIM+VxL (1).jpg,8,8,0
annotated_61oOiPS7Q6L (1).jpg,1,1,0
annotated_61oOiPS7Q6L (1).jpg,1,2,0
annotated_61oOiPS7Q6L (1).jpg,1,3,0
annotated_61oOiPS7Q6L (1).jpg,1,4,0
annotated_61oOiPS7Q6L (1).jpg,1,5,0
annotated_61oOiPS7Q6L (1).jpg,1,6,0
annotated_61oOiPS7Q6L (1).jpg,1,7,0
annotated_61oOiPS7Q6L (1).jpg,1,8,0
annotated_61oOiPS7Q6L (1).jpg,2,1,0
annotated_61oOiPS7Q6L (1).jpg,2,2,0
annotated_61oOiPS7Q6L (1).jpg,2,3,1
annotated_61oOiPS7Q6L (1).jpg,2,4,1
annotated_61oOiPS7Q6L (1).jpg,2,5,1
annotated_61oOiPS7Q6L (1).jpg,2,6,1
annotated_61oOiPS7Q6L (1).jpg,2,7,0
annotated_61oOiPS7Q6L (1).jpg,2,8,0
annotated_61oOiPS7Q6L (1).jpg,3,1,0
annotated_61oOiPS7Q6L (1).jpg,3,2,0
annotated_61oOiPS7Q6L (1).jpg,3,3,1
annotated_61oOiPS7Q6L (1).jpg,3,4,1
annotated_61oOiPS7Q6L (1).jpg,3,5,1
annotated_61oOiPS7Q6L (1).jpg,3,6,1
annotated_61oOiPS7Q6L (1).jpg,3,7,0
annotated_61oOiPS7Q6L (1).jpg,3,8,0
annotated_61oOiPS7Q6L (1).jpg,4,1,0
annotated_61oOiPS7Q6L (1).jpg,4,2,1
annotated_61oOiPS7Q6L (1).jpg,4,3,1
annotated_61oOiPS7Q6L (1).jpg,4,4,1
annotated_61oOiPS7Q6L (1).jpg,4,5,1
annotated_61oOiPS7Q6L (1).jpg,4,6,1
annotated_61oOiPS7Q6L (1).jpg,4,7,1
annotated_61oOiPS7Q6L (1).jpg,4,8,0
annotated_61oOiPS7Q6L (1).jpg,5,1,0
annotated_61oOiPS7Q6L (1).jpg,5,2,1
annotated_61oOiPS7Q6L (1).jpg,5,3,1
annotated_61oOiPS7Q6L (1).jpg,5,4,1
annotated_61oOiPS7Q6L (1).jpg,5,5,1
annotated_61oOiPS7Q6L (1).jpg,5,6,1
annotated_61oOiPS7Q6L (1).jpg,5,7,1
annotated_61oOiPS7Q6L (1).jpg,5,8,0
annotated_61oOiPS7Q6L (1).jpg,6,1,0
annotated_61oOiPS7Q6L (1).jpg,6,2,0
annotated_61oOiPS7Q6L (1).jpg,6,3,1
annotated_61oOiPS7Q6L (1).jpg,6,4,1
annotated_61oOiPS7Q6L (1).jpg,6,5,1
annotated_61oOiPS7Q6L (1).jpg,6,6,1
annotated_61oOiPS7Q6L (1).jpg,6,7,0
annotated_61oOiPS7Q6L (1).jpg,6,8,0
annotated_61oOiPS7Q6L (1).jpg,7,1,0
annotated_61oOiPS7Q6L (1).jpg,7,2,0
annotated_61oOiPS7Q6L (1).jpg,7,3,1
annotated_61oOiPS7Q6L (1).jpg,7,4,1
annotated_61oOiPS7Q6L (1).jpg,7,5,1
annotated_61oOiPS7Q6L (1).jpg,7,6,1
annotated_61oOiPS7Q6L (1).jpg,7,7,0
annotated_61oOiPS7Q6L (1).jpg,7,8,0
annotated_61oOiPS7Q6L (1).jpg,8,1,0
annotated_61oOiPS7Q6L (1).jpg,8,2,0
annotated_61oOiPS7Q6L (1).jpg,8,3,0
annotated_61oOiPS7Q6L (1).jpg,8,4,0
annotated_61oOiPS7Q6L (1).jpg,8,5,0
annotated_61oOiPS7Q6L (1).jpg,8,6,0
annotated_61oOiPS7Q6L (1).jpg,8,7,0
annotated_61oOiPS7Q6L (1).jpg,8,8,0
annotated_63525e5def2e155f0d1743f2-leather-cricket-ball-a-grade (1).jpg,1,1,1
annotated_63525e5def2e155f0d1743f2-leather-cricket-ball-a-grade (1).jpg,1,2,1
annotated_63525e5def2e155f0d1743f2-leather-cricket-ball-a-grade (1).jpg,1,3,1
annotated_63525e5def2e155f0d1743f2-leather-cricket-ball-a-grade (1).jpg,1,4,1
annotated_63525e5def2e155f0d1743f2-leather-cricket-ball-a-grade (1).jpg,1,5,1
annotated_63525e5def2e155f0d1743f2-leather-cricket-ball-a-grade (1).jpg,1,6,1
annotated_63525e5def2e155f0d1743f2-leather-cricket-ball-a-grade (1).jpg,1,7,1
annotated_63525e5def2e155f0d1743f2-leather-cricket-ball-a-grade (1).jpg,1,8,1
annotated_63525e5def2e155f0d1743f2-leather-cricket-ball-a-grade (1).jpg,2,1,1
annotated_63525e5def2e155f0d1743f2-leather-cricket-ball-a-grade (1).jpg,2,2,1
annotated_63525e5def2e155f0d1743f2-leather-cricket-ball-a-grade (1).jpg,2,3,1
annotated_63525e5def2e155f0d1743f2-leather-cricket-ball-a-grade (1).jpg,2,4,1
annotated_63525e5def2e155f0d1743f2-leather-cricket-ball-a-grade (1).jpg,2,5,1
annotated_63525e5def2e155f0d1743f2-leather-cricket-ball-a-grade (1).jpg,2,6,1
annotated_63525e5def2e155f0d1743f2-leather-cricket-ball-a-grade (1).jpg,2,7,1
annotated_63525e5def2e155f0d1743f2-leather-cricket-ball-a-grade (1).jpg,2,8,1
annotated_63525e5def2e155f0d1743f2-leather-cricket-ball-a-grade (1).jpg,3,1,1
annotated_63525e5def2e155f0d1743f2-leather-cricket-ball-a-grade (1).jpg,3,2,1
annotated_63525e5def2e155f0d1743f2-leather-cricket-ball-a-grade (1).jpg,3,3,1
annotated_63525e5def2e155f0d1743f2-leather-cricket-ball-a-grade (1).jpg,3,4,1
annotated_63525e5def2e155f0d1743f2-leather-cricket-ball-a-grade (1).jpg,3,5,1
annotated_63525e5def2e155f0d1743f2-leather-cricket-ball-a-grade (1).jpg,3,6,1
annotated_63525e5def2e155f0d1743f2-leather-cricket-ball-a-grade (1).jpg,3,7,1
annotated_63525e5def2e155f0d1743f2-leather-cricket-ball-a-grade (1).jpg,3,8,1
annotated_63525e5def2e155f0d1743f2-leather-cricket-ball-a-grade (1).jpg,4,1,1
annotated_63525e5def2e155f0d1743f2-leather-cricket-ball-a-grade (1).jpg,4,2,1
annotated_63525e5def2e155f0d1743f2-leather-cricket-ball-a-grade (1).jpg,4,3,1
annotated_63525e5def2e155f0d1743f2-leather-cricket-ball-a-grade (1).jpg,4,4,1
annotated_63525e5def2e155f0d1743f2-leather-cricket-ball-a-grade (1).jpg,4,5,1
annotated_63525e5def2e155f0d1743f2-leather-cricket-ball-a-grade (1).jpg,4,6,1
annotated_63525e5def2e155f0d1743f2-leather-cricket-ball-a-grade (1).jpg,4,7,1
annotated_63525e5def2e155f0d1743f2-leather-cricket-ball-a-grade (1).jpg,4,8,1
annotated_63525e5def2e155f0d1743f2-leather-cricket-ball-a-grade (1).jpg,5,1,1
annotated_63525e5def2e155f0d1743f2-leather-cricket-ball-a-grade (1).jpg,5,2,1
annotated_63525e5def2e155f0d1743f2-leather-cricket-ball-a-grade (1).jpg,5,3,1
annotated_63525e5def2e155f0d1743f2-leather-cricket-ball-a-grade (1).jpg,5,4,1
annotated_63525e5def2e155f0d1743f2-leather-cricket-ball-a-grade (1).jpg,5,5,1
annotated_63525e5def2e155f0d1743f2-leather-cricket-ball-a-grade (1).jpg,5,6,1
annotated_63525e5def2e155f0d1743f2-leather-cricket-ball-a-grade (1).jpg,5,7,1
annotated_63525e5def2e155f0d1743f2-leather-cricket-ball-a-grade (1).jpg,5,8,1
annotated_63525e5def2e155f0d1743f2-leather-cricket-ball-a-grade (1).jpg,6,1,1
annotated_63525e5def2e155f0d1743f2-leather-cricket-ball-a-grade (1).jpg,6,2,1
annotated_63525e5def2e155f0d1743f2-leather-cricket-ball-a-grade (1).jpg,6,3,1
annotated_63525e5def2e155f0d1743f2-leather-cricket-ball-a-grade (1).jpg,6,4,1
annotated_63525e5def2e155f0d1743f2-leather-cricket-ball-a-grade (1).jpg,6,5,1
annotated_63525e5def2e155f0d1743f2-leather-cricket-ball-a-grade (1).jpg,6,6,1
annotated_63525e5def2e155f0d1743f2-leather-cricket-ball-a-grade (1).jpg,6,7,1
annotated_63525e5def2e155f0d1743f2-leather-cricket-ball-a-grade (1).jpg,6,8,1
annotated_63525e5def2e155f0d1743f2-leather-cricket-ball-a-grade (1).jpg,7,1,1
annotated_63525e5def2e155f0d1743f2-leather-cricket-ball-a-grade (1).jpg,7,2,1
annotated_63525e5def2e155f0d1743f2-leather-cricket-ball-a-grade (1).jpg,7,3,1
annotated_63525e5def2e155f0d1743f2-leather-cricket-ball-a-grade (1).jpg,7,4,1
annotated_63525e5def2e155f0d1743f2-leather-cricket-ball-a-grade (1).jpg,7,5,1
annotated_63525e5def2e155f0d1743f2-leather-cricket-ball-a-grade (1).jpg,7,6,1
annotated_63525e5def2e155f0d1743f2-leather-cricket-ball-a-grade (1).jpg,7,7,1
annotated_63525e5def2e155f0d1743f2-leather-cricket-ball-a-grade (1).jpg,7,8,1
annotated_63525e5def2e155f0d1743f2-leather-cricket-ball-a-grade (1).jpg,8,1,1
annotated_63525e5def2e155f0d1743f2-leather-cricket-ball-a-grade (1).jpg,8,2,1
annotated_63525e5def2e155f0d1743f2-leather-cricket-ball-a-grade (1).jpg,8,3,1
annotated_63525e5def2e155f0d1743f2-leather-cricket-ball-a-grade (1).jpg,8,4,1
annotated_63525e5def2e155f0d1743f2-leather-cricket-ball-a-grade (1).jpg,8,5,1
annotated_63525e5def2e155f0d1743f2-leather-cricket-ball-a-grade (1).jpg,8,6,1
annotated_63525e5def2e155f0d1743f2-leather-cricket-ball-a-grade (1).jpg,8,7,1
annotated_63525e5def2e155f0d1743f2-leather-cricket-ball-a-grade (1).jpg,8,8,1
annotated_635d5213a4406d5b2373ffe5-cricnix-cricket-ball-premier-red-leather (1).jpg,1,1,1
annotated_635d5213a4406d5b2373ffe5-cricnix-cricket-ball-premier-red-leather (1).jpg,1,2,1
annotated_635d5213a4406d5b2373ffe5-cricnix-cricket-ball-premier-red-leather (1).jpg,1,3,1
annotated_635d5213a4406d5b2373ffe5-cricnix-cricket-ball-premier-red-leather (1).jpg,1,4,1
annotated_635d5213a4406d5b2373ffe5-cricnix-cricket-ball-premier-red-leather (1).jpg,1,5,1
annotated_635d5213a4406d5b2373ffe5-cricnix-cricket-ball-premier-red-leather (1).jpg,1,6,1
annotated_635d5213a4406d5b2373ffe5-cricnix-cricket-ball-premier-red-leather (1).jpg,1,7,1
annotated_635d5213a4406d5b2373ffe5-cricnix-cricket-ball-premier-red-leather (1).jpg,1,8,1
annotated_635d5213a4406d5b2373ffe5-cricnix-cricket-ball-premier-red-leather (1).jpg,2,1,1
annotated_635d5213a4406d5b2373ffe5-cricnix-cricket-ball-premier-red-leather (1).jpg,2,2,1
annotated_635d5213a4406d5b2373ffe5-cricnix-cricket-ball-premier-red-leather (1).jpg,2,3,1
annotated_635d5213a4406d5b2373ffe5-cricnix-cricket-ball-premier-red-leather (1).jpg,2,4,1
annotated_635d5213a4406d5b2373ffe5-cricnix-cricket-ball-premier-red-leather (1).jpg,2,5,1
annotated_635d5213a4406d5b2373ffe5-cricnix-cricket-ball-premier-red-leather (1).jpg,2,6,1
annotated_635d5213a4406d5b2373ffe5-cricnix-cricket-ball-premier-red-leather (1).jpg,2,7,1
annotated_635d5213a4406d5b2373ffe5-cricnix-cricket-ball-premier-red-leather (1).jpg,2,8,1
annotated_635d5213a4406d5b2373ffe5-cricnix-cricket-ball-premier-red-leather (1).jpg,3,1,1
annotated_635d5213a4406d5b2373ffe5-cricnix-cricket-ball-premier-red-leather (1).jpg,3,2,1
annotated_635d5213a4406d5b2373ffe5-cricnix-cricket-ball-premier-red-leather (1).jpg,3,3,1
annotated_635d5213a4406d5b2373ffe5-cricnix-cricket-ball-premier-red-leather (1).jpg,3,4,1
annotated_635d5213a4406d5b2373ffe5-cricnix-cricket-ball-premier-red-leather (1).jpg,3,5,1
annotated_635d5213a4406d5b2373ffe5-cricnix-cricket-ball-premier-red-leather (1).jpg,3,6,1
annotated_635d5213a4406d5b2373ffe5-cricnix-cricket-ball-premier-red-leather (1).jpg,3,7,1
annotated_635d5213a4406d5b2373ffe5-cricnix-cricket-ball-premier-red-leather (1).jpg,3,8,1
annotated_635d5213a4406d5b2373ffe5-cricnix-cricket-ball-premier-red-leather (1).jpg,4,1,1
annotated_635d5213a4406d5b2373ffe5-cricnix-cricket-ball-premier-red-leather (1).jpg,4,2,1
annotated_635d5213a4406d5b2373ffe5-cricnix-cricket-ball-premier-red-leather (1).jpg,4,3,1
annotated_635d5213a4406d5b2373ffe5-cricnix-cricket-ball-premier-red-leather (1).jpg,4,4,1
annotated_635d5213a4406d5b2373ffe5-cricnix-cricket-ball-premier-red-leather (1).jpg,4,5,1
annotated_635d5213a4406d5b2373ffe5-cricnix-cricket-ball-premier-red-leather (1).jpg,4,6,1
annotated_635d5213a4406d5b2373ffe5-cricnix-cricket-ball-premier-red-leather (1).jpg,4,7,1
annotated_635d5213a4406d5b2373ffe5-cricnix-cricket-ball-premier-red-leather (1).jpg,4,8,1
annotated_635d5213a4406d5b2373ffe5-cricnix-cricket-ball-premier-red-leather (1).jpg,5,1,1
annotated_635d5213a4406d5b2373ffe5-cricnix-cricket-ball-premier-red-leather (1).jpg,5,2,1
annotated_635d5213a4406d5b2373ffe5-cricnix-cricket-ball-premier-red-leather (1).jpg,5,3,1
annotated_635d5213a4406d5b2373ffe5-cricnix-cricket-ball-premier-red-leather (1).jpg,5,4,1
annotated_635d5213a4406d5b2373ffe5-cricnix-cricket-ball-premier-red-leather (1).jpg,5,5,1
annotated_635d5213a4406d5b2373ffe5-cricnix-cricket-ball-premier-red-leather (1).jpg,5,6,1
annotated_635d5213a4406d5b2373ffe5-cricnix-cricket-ball-premier-red-leather (1).jpg,5,7,1
annotated_635d5213a4406d5b2373ffe5-cricnix-cricket-ball-premier-red-leather (1).jpg,5,8,1
annotated_635d5213a4406d5b2373ffe5-cricnix-cricket-ball-premier-red-leather (1).jpg,6,1,1
annotated_635d5213a4406d5b2373ffe5-cricnix-cricket-ball-premier-red-leather (1).jpg,6,2,1
annotated_635d5213a4406d5b2373ffe5-cricnix-cricket-ball-premier-red-leather (1).jpg,6,3,1
annotated_635d5213a4406d5b2373ffe5-cricnix-cricket-ball-premier-red-leather (1).jpg,6,4,1
annotated_635d5213a4406d5b2373ffe5-cricnix-cricket-ball-premier-red-leather (1).jpg,6,5,1
annotated_635d5213a4406d5b2373ffe5-cricnix-cricket-ball-premier-red-leather (1).jpg,6,6,1
annotated_635d5213a4406d5b2373ffe5-cricnix-cricket-ball-premier-red-leather (1).jpg,6,7,1
annotated_635d5213a4406d5b2373ffe5-cricnix-cricket-ball-premier-red-leather (1).jpg,6,8,1
annotated_635d5213a4406d5b2373ffe5-cricnix-cricket-ball-premier-red-leather (1).jpg,7,1,1
annotated_635d5213a4406d5b2373ffe5-cricnix-cricket-ball-premier-red-leather (1).jpg,7,2,1
annotated_635d5213a4406d5b2373ffe5-cricnix-cricket-ball-premier-red-leather (1).jpg,7,3,1
annotated_635d5213a4406d5b2373ffe5-cricnix-cricket-ball-premier-red-leather (1).jpg,7,4,1
annotated_635d5213a4406d5b2373ffe5-cricnix-cricket-ball-premier-red-leather (1).jpg,7,5,1
annotated_635d5213a4406d5b2373ffe5-cricnix-cricket-ball-premier-red-leather (1).jpg,7,6,1
annotated_635d5213a4406d5b2373ffe5-cricnix-cricket-ball-premier-red-leather (1).jpg,7,7,1
annotated_635d5213a4406d5b2373ffe5-cricnix-cricket-ball-premier-red-leather (1).jpg,7,8,1
annotated_635d5213a4406d5b2373ffe5-cricnix-cricket-ball-premier-red-leather (1).jpg,8,1,0
annotated_635d5213a4406d5b2373ffe5-cricnix-cricket-ball-premier-red-leather (1).jpg,8,2,1
annotated_635d5213a4406d5b2373ffe5-cricnix-cricket-ball-premier-red-leather (1).jpg,8,3,1
annotated_635d5213a4406d5b2373ffe5-cricnix-cricket-ball-premier-red-leather (1).jpg,8,4,1
annotated_635d5213a4406d5b2373ffe5-cricnix-cricket-ball-premier-red-leather (1).jpg,8,5,1
annotated_635d5213a4406d5b2373ffe5-cricnix-cricket-ball-premier-red-leather (1).jpg,8,6,1
annotated_635d5213a4406d5b2373ffe5-cricnix-cricket-ball-premier-red-leather (1).jpg,8,7,1
annotated_635d5213a4406d5b2373ffe5-cricnix-cricket-ball-premier-red-leather (1).jpg,8,8,0
annotated_712ACFfhWCL (1).jpg,1,1,0
annotated_712ACFfhWCL (1).jpg,1,2,1
annotated_712ACFfhWCL (1).jpg,1,3,1
annotated_712ACFfhWCL (1).jpg,1,4,1
annotated_712ACFfhWCL (1).jpg,1,5,1
annotated_712ACFfhWCL (1).jpg,1,6,1
annotated_712ACFfhWCL (1).jpg,1,7,1
annotated_712ACFfhWCL (1).jpg,1,8,0
annotated_712ACFfhWCL (1).jpg,2,1,1
annotated_712ACFfhWCL (1).jpg,2,2,1
annotated_712ACFfhWCL (1).jpg,2,3,1
annotated_712ACFfhWCL (1).jpg,2,4,1
annotated_712ACFfhWCL (1).jpg,2,5,1
annotated_712ACFfhWCL (1).jpg,2,6,1
annotated_712ACFfhWCL (1).jpg,2,7,1
annotated_712ACFfhWCL (1).jpg,2,8,1
annotated_712ACFfhWCL (1).jpg,3,1,1
annotated_712ACFfhWCL (1).jpg,3,2,1
annotated_712ACFfhWCL (1).jpg,3,3,1
annotated_712ACFfhWCL (1).jpg,3,4,1
annotated_712ACFfhWCL (1).jpg,3,5,1
annotated_712ACFfhWCL (1).jpg,3,6,1
annotated_712ACFfhWCL (1).jpg,3,7,1
annotated_712ACFfhWCL (1).jpg,3,8,1
annotated_712ACFfhWCL (1).jpg,4,1,1
annotated_712ACFfhWCL (1).jpg,4,2,1
annotated_712ACFfhWCL (1).jpg,4,3,1
annotated_712ACFfhWCL (1).jpg,4,4,1
annotated_712ACFfhWCL (1).jpg,4,5,1
annotated_712ACFfhWCL (1).jpg,4,6,1
annotated_712ACFfhWCL (1).jpg,4,7,1
annotated_712ACFfhWCL (1).jpg,4,8,1
annotated_712ACFfhWCL (1).jpg,5,1,1
annotated_712ACFfhWCL (1).jpg,5,2,1
annotated_712ACFfhWCL (1).jpg,5,3,1
annotated_712ACFfhWCL (1).jpg,5,4,1
annotated_712ACFfhWCL (1).jpg,5,5,1
annotated_712ACFfhWCL (1).jpg,5,6,1
annotated_712ACFfhWCL (1).jpg,5,7,1
annotated_712ACFfhWCL (1).jpg,5,8,1
annotated_712ACFfhWCL (1).jpg,6,1,1
annotated_712ACFfhWCL (1).jpg,6,2,1
annotated_712ACFfhWCL (1).jpg,6,3,1
annotated_712ACFfhWCL (1).jpg,6,4,1
annotated_712ACFfhWCL (1).jpg,6,5,1
annotated_712ACFfhWCL (1).jpg,6,6,1
annotated_712ACFfhWCL (1).jpg,6,7,1
annotated_712ACFfhWCL (1).jpg,6,8,1
annotated_712ACFfhWCL (1).jpg,7,1,1
annotated_712ACFfhWCL (1).jpg,7,2,1
annotated_712ACFfhWCL (1).jpg,7,3,1
annotated_712ACFfhWCL (1).jpg,7,4,1
annotated_712ACFfhWCL (1).jpg,7,5,1
annotated_712ACFfhWCL (1).jpg,7,6,1
annotated_712ACFfhWCL (1).jpg,7,7,1
annotated_712ACFfhWCL (1).jpg,7,8,1
annotated_712ACFfhWCL (1).jpg,8,1,0
annotated_712ACFfhWCL (1).jpg,8,2,1
annotated_712ACFfhWCL (1).jpg,8,3,1
annotated_712ACFfhWCL (1).jpg,8,4,1
annotated_712ACFfhWCL (1).jpg,8,5,1
annotated_712ACFfhWCL (1).jpg,8,6,1
annotated_712ACFfhWCL (1).jpg,8,7,1
annotated_712ACFfhWCL (1).jpg,8,8,0
annotated_8542-Vinex-Cricket-Ball-Match (1).jpg,1,1,0
annotated_8542-Vinex-Cricket-Ball-Match (1).jpg,1,2,0
annotated_8542-Vinex-Cricket-Ball-Match (1).jpg,1,3,1
annotated_8542-Vinex-Cricket-Ball-Match (1).jpg,1,4,1
annotated_8542-Vinex-Cricket-Ball-Match (1).jpg,1,5,1
annotated_8542-Vinex-Cricket-Ball-Match (1).jpg,1,6,1
annotated_8542-Vinex-Cricket-Ball-Match (1).jpg,1,7,0
annotated_8542-Vinex-Cricket-Ball-Match (1).jpg,1,8,0
annotated_8542-Vinex-Cricket-Ball-Match (1).jpg,2,1,0
annotated_8542-Vinex-Cricket-Ball-Match (1).jpg,2,2,1
annotated_8542-Vinex-Cricket-Ball-Match (1).jpg,2,3,1
annotated_8542-Vinex-Cricket-Ball-Match (1).jpg,2,4,1
annotated_8542-Vinex-Cricket-Ball-Match (1).jpg,2,5,1
annotated_8542-Vinex-Cricket-Ball-Match (1).jpg,2,6,1
annotated_8542-Vinex-Cricket-Ball-Match (1).jpg,2,7,0
annotated_8542-Vinex-Cricket-Ball-Match (1).jpg,2,8,0
annotated_8542-Vinex-Cricket-Ball-Match (1).jpg,3,1,0
annotated_8542-Vinex-Cricket-Ball-Match (1).jpg,3,2,1
annotated_8542-Vinex-Cricket-Ball-Match (1).jpg,3,3,1
annotated_8542-Vinex-Cricket-Ball-Match (1).jpg,3,4,1
annotated_8542-Vinex-Cricket-Ball-Match (1).jpg,3,5,1
annotated_8542-Vinex-Cricket-Ball-Match (1).jpg,3,6,1
annotated_8542-Vinex-Cricket-Ball-Match (1).jpg,3,7,1
annotated_8542-Vinex-Cricket-Ball-Match (1).jpg,3,8,0
annotated_8542-Vinex-Cricket-Ball-Match (1).jpg,4,1,0
annotated_8542-Vinex-Cricket-Ball-Match (1).jpg,4,2,1
annotated_8542-Vinex-Cricket-Ball-Match (1).jpg,4,3,1
annotated_8542-Vinex-Cricket-Ball-Match (1).jpg,4,4,1
annotated_8542-Vinex-Cricket-Ball-Match (1).jpg,4,5,1
annotated_8542-Vinex-Cricket-Ball-Match (1).jpg,4,6,1
annotated_8542-Vinex-Cricket-Ball-Match (1).jpg,4,7,1
annotated_8542-Vinex-Cricket-Ball-Match (1).jpg,4,8,0
annotated_8542-Vinex-Cricket-Ball-Match (1).jpg,5,1,0
annotated_8542-Vinex-Cricket-Ball-Match (1).jpg,5,2,1
annotated_8542-Vinex-Cricket-Ball-Match (1).jpg,5,3,1
annotated_8542-Vinex-Cricket-Ball-Match (1).jpg,5,4,1
annotated_8542-Vinex-Cricket-Ball-Match (1).jpg,5,5,1
annotated_8542-Vinex-Cricket-Ball-Match (1).jpg,5,6,1
annotated_8542-Vinex-Cricket-Ball-Match (1).jpg,5,7,1
annotated_8542-Vinex-Cricket-Ball-Match (1).jpg,5,8,0
annotated_8542-Vinex-Cricket-Ball-Match (1).jpg,6,1,0
annotated_8542-Vinex-Cricket-Ball-Match (1).jpg,6,2,1
annotated_8542-Vinex-Cricket-Ball-Match (1).jpg,6,3,1
annotated_8542-Vinex-Cricket-Ball-Match (1).jpg,6,4,1
annotated_8542-Vinex-Cricket-Ball-Match (1).jpg,6,5,1
annotated_8542-Vinex-Cricket-Ball-Match (1).jpg,6,6,1
annotated_8542-Vinex-Cricket-Ball-Match (1).jpg,6,7,0
annotated_8542-Vinex-Cricket-Ball-Match (1).jpg,6,8,0
annotated_8542-Vinex-Cricket-Ball-Match (1).jpg,7,1,0
annotated_8542-Vinex-Cricket-Ball-Match (1).jpg,7,2,0
annotated_8542-Vinex-Cricket-Ball-Match (1).jpg,7,3,1
annotated_8542-Vinex-Cricket-Ball-Match (1).jpg,7,4,1
annotated_8542-Vinex-Cricket-Ball-Match (1).jpg,7,5,1
annotated_8542-Vinex-Cricket-Ball-Match (1).jpg,7,6,1
annotated_8542-Vinex-Cricket-Ball-Match (1).jpg,7,7,0
annotated_8542-Vinex-Cricket-Ball-Match (1).jpg,7,8,0
annotated_8542-Vinex-Cricket-Ball-Match (1).jpg,8,1,0
annotated_8542-Vinex-Cricket-Ball-Match (1).jpg,8,2,0
annotated_8542-Vinex-Cricket-Ball-Match (1).jpg,8,3,0
annotated_8542-Vinex-Cricket-Ball-Match (1).jpg,8,4,0
annotated_8542-Vinex-Cricket-Ball-Match (1).jpg,8,5,0
annotated_8542-Vinex-Cricket-Ball-Match (1).jpg,8,6,0
annotated_8542-Vinex-Cricket-Ball-Match (1).jpg,8,7,0
annotated_8542-Vinex-Cricket-Ball-Match (1).jpg,8,8,0
annotated_Artboard_1_7 (1).jpg,1,1,0
annotated_Artboard_1_7 (1).jpg,1,2,0
annotated_Artboard_1_7 (1).jpg,1,3,0
annotated_Artboard_1_7 (1).jpg,1,4,0
annotated_Artboard_1_7 (1).jpg,1,5,0
annotated_Artboard_1_7 (1).jpg,1,6,0
annotated_Artboard_1_7 (1).jpg,1,7,0
annotated_Artboard_1_7 (1).jpg,1,8,0
annotated_Artboard_1_7 (1).jpg,2,1,0
annotated_Artboard_1_7 (1).jpg,2,2,0
annotated_Artboard_1_7 (1).jpg,2,3,0
annotated_Artboard_1_7 (1).jpg,2,4,0
annotated_Artboard_1_7 (1).jpg,2,5,0
annotated_Artboard_1_7 (1).jpg,2,6,0
annotated_Artboard_1_7 (1).jpg,2,7,0
annotated_Artboard_1_7 (1).jpg,2,8,0
annotated_Artboard_1_7 (1).jpg,3,1,0
annotated_Artboard_1_7 (1).jpg,3,2,0
annotated_Artboard_1_7 (1).jpg,3,3,1
annotated_Artboard_1_7 (1).jpg,3,4,1
annotated_Artboard_1_7 (1).jpg,3,5,1
annotated_Artboard_1_7 (1).jpg,3,6,1
annotated_Artboard_1_7 (1).jpg,3,7,0
annotated_Artboard_1_7 (1).jpg,3,8,0
annotated_Artboard_1_7 (1).jpg,4,1,0
annotated_Artboard_1_7 (1).jpg,4,2,0
annotated_Artboard_1_7 (1).jpg,4,3,1
annotated_Artboard_1_7 (1).jpg,4,4,1
annotated_Artboard_1_7 (1).jpg,4,5,1
annotated_Artboard_1_7 (1).jpg,4,6,1
annotated_Artboard_1_7 (1).jpg,4,7,0
annotated_Artboard_1_7 (1).jpg,4,8,0
annotated_Artboard_1_7 (1).jpg,5,1,0
annotated_Artboard_1_7 (1).jpg,5,2,0
annotated_Artboard_1_7 (1).jpg,5,3,1
annotated_Artboard_1_7 (1).jpg,5,4,1
annotated_Artboard_1_7 (1).jpg,5,5,1
annotated_Artboard_1_7 (1).jpg,5,6,1
annotated_Artboard_1_7 (1).jpg,5,7,0
annotated_Artboard_1_7 (1).jpg,5,8,0
annotated_Artboard_1_7 (1).jpg,6,1,0
annotated_Artboard_1_7 (1).jpg,6,2,0
annotated_Artboard_1_7 (1).jpg,6,3,1
annotated_Artboard_1_7 (1).jpg,6,4,1
annotated_Artboard_1_7 (1).jpg,6,5,1
annotated_Artboard_1_7 (1).jpg,6,6,1
annotated_Artboard_1_7 (1).jpg,6,7,0
annotated_Artboard_1_7 (1).jpg,6,8,0
annotated_Artboard_1_7 (1).jpg,7,1,0
annotated_Artboard_1_7 (1).jpg,7,2,0
annotated_Artboard_1_7 (1).jpg,7,3,0
annotated_Artboard_1_7 (1).jpg,7,4,1
annotated_Artboard_1_7 (1).jpg,7,5,1
annotated_Artboard_1_7 (1).jpg,7,6,0
annotated_Artboard_1_7 (1).jpg,7,7,0
annotated_Artboard_1_7 (1).jpg,7,8,0
annotated_Artboard_1_7 (1).jpg,8,1,0
annotated_Artboard_1_7 (1).jpg,8,2,0
annotated_Artboard_1_7 (1).jpg,8,3,0
annotated_Artboard_1_7 (1).jpg,8,4,0
annotated_Artboard_1_7 (1).jpg,8,5,0
annotated_Artboard_1_7 (1).jpg,8,6,0
annotated_Artboard_1_7 (1).jpg,8,7,0
annotated_Artboard_1_7 (1).jpg,8,8,0
annotated_CANNON-500-RED_1-ECOM (1).jpg,1,1,0
annotated_CANNON-500-RED_1-ECOM (1).jpg,1,2,0
annotated_CANNON-500-RED_1-ECOM (1).jpg,1,3,0
annotated_CANNON-500-RED_1-ECOM (1).jpg,1,4,1
annotated_CANNON-500-RED_1-ECOM (1).jpg,1,5,1
annotated_CANNON-500-RED_1-ECOM (1).jpg,1,6,1
annotated_CANNON-500-RED_1-ECOM (1).jpg,1,7,0
annotated_CANNON-500-RED_1-ECOM (1).jpg,1,8,0
annotated_CANNON-500-RED_1-ECOM (1).jpg,2,1,0
annotated_CANNON-500-RED_1-ECOM (1).jpg,2,2,0
annotated_CANNON-500-RED_1-ECOM (1).jpg,2,3,1
annotated_CANNON-500-RED_1-ECOM (1).jpg,2,4,1
annotated_CANNON-500-RED_1-ECOM (1).jpg,2,5,1
annotated_CANNON-500-RED_1-ECOM (1).jpg,2,6,1
annotated_CANNON-500-RED_1-ECOM (1).jpg,2,7,0
annotated_CANNON-500-RED_1-ECOM (1).jpg,2,8,0
annotated_CANNON-500-RED_1-ECOM (1).jpg,3,1,0
annotated_CANNON-500-RED_1-ECOM (1).jpg,3,2,1
annotated_CANNON-500-RED_1-ECOM (1).jpg,3,3,1
annotated_CANNON-500-RED_1-ECOM (1).jpg,3,4,1
annotated_CANNON-500-RED_1-ECOM (1).jpg,3,5,1
annotated_CANNON-500-RED_1-ECOM (1).jpg,3,6,1
annotated_CANNON-500-RED_1-ECOM (1).jpg,3,7,1
annotated_CANNON-500-RED_1-ECOM (1).jpg,3,8,0
annotated_CANNON-500-RED_1-ECOM (1).jpg,4,1,0
annotated_CANNON-500-RED_1-ECOM (1).jpg,4,2,1
annotated_CANNON-500-RED_1-ECOM (1).jpg,4,3,1
annotated_CANNON-500-RED_1-ECOM (1).jpg,4,4,1
annotated_CANNON-500-RED_1-ECOM (1).jpg,4,5,1
annotated_CANNON-500-RED_1-ECOM (1).jpg,4,6,1
annotated_CANNON-500-RED_1-ECOM (1).jpg,4,7,1
annotated_CANNON-500-RED_1-ECOM (1).jpg,4,8,0
annotated_CANNON-500-RED_1-ECOM (1).jpg,5,1,0
annotated_CANNON-500-RED_1-ECOM (1).jpg,5,2,1
annotated_CANNON-500-RED_1-ECOM (1).jpg,5,3,1
annotated_CANNON-500-RED_1-ECOM (1).jpg,5,4,1
annotated_CANNON-500-RED_1-ECOM (1).jpg,5,5,1
annotated_CANNON-500-RED_1-ECOM (1).jpg,5,6,1
annotated_CANNON-500-RED_1-ECOM (1).jpg,5,7,1
annotated_CANNON-500-RED_1-ECOM (1).jpg,5,8,0
annotated_CANNON-500-RED_1-ECOM (1).jpg,6,1,0
annotated_CANNON-500-RED_1-ECOM (1).jpg,6,2,1
annotated_CANNON-500-RED_1-ECOM (1).jpg,6,3,1
annotated_CANNON-500-RED_1-ECOM (1).jpg,6,4,1
annotated_CANNON-500-RED_1-ECOM (1).jpg,6,5,1
annotated_CANNON-500-RED_1-ECOM (1).jpg,6,6,1
annotated_CANNON-500-RED_1-ECOM (1).jpg,6,7,1
annotated_CANNON-500-RED_1-ECOM (1).jpg,6,8,0
annotated_CANNON-500-RED_1-ECOM (1).jpg,7,1,0
annotated_CANNON-500-RED_1-ECOM (1).jpg,7,2,1
annotated_CANNON-500-RED_1-ECOM (1).jpg,7,3,1
annotated_CANNON-500-RED_1-ECOM (1).jpg,7,4,1
annotated_CANNON-500-RED_1-ECOM (1).jpg,7,5,1
annotated_CANNON-500-RED_1-ECOM (1).jpg,7,6,1
annotated_CANNON-500-RED_1-ECOM (1).jpg,7,7,1
annotated_CANNON-500-RED_1-ECOM (1).jpg,7,8,0
annotated_CANNON-500-RED_1-ECOM (1).jpg,8,1,0
annotated_CANNON-500-RED_1-ECOM (1).jpg,8,2,0
annotated_CANNON-500-RED_1-ECOM (1).jpg,8,3,1
annotated_CANNON-500-RED_1-ECOM (1).jpg,8,4,1
annotated_CANNON-500-RED_1-ECOM (1).jpg,8,5,1
annotated_CANNON-500-RED_1-ECOM (1).jpg,8,6,1
annotated_CANNON-500-RED_1-ECOM (1).jpg,8,7,0
annotated_CANNON-500-RED_1-ECOM (1).jpg,8,8,0
annotated_CountySpecial.jpg,1,1,0
annotated_CountySpecial.jpg,1,2,1
annotated_CountySpecial.jpg,1,3,1
annotated_CountySpecial.jpg,1,4,1
annotated_CountySpecial.jpg,1,5,1
annotated_CountySpecial.jpg,1,6,1
annotated_CountySpecial.jpg,1,7,1
annotated_CountySpecial.jpg,1,8,0
annotated_CountySpecial.jpg,2,1,1
annotated_CountySpecial.jpg,2,2,1
annotated_CountySpecial.jpg,2,3,1
annotated_CountySpecial.jpg,2,4,1
annotated_CountySpecial.jpg,2,5,1
annotated_CountySpecial.jpg,2,6,1
annotated_CountySpecial.jpg,2,7,1
annotated_CountySpecial.jpg,2,8,1
annotated_CountySpecial.jpg,3,1,1
annotated_CountySpecial.jpg,3,2,1
annotated_CountySpecial.jpg,3,3,1
annotated_CountySpecial.jpg,3,4,1
annotated_CountySpecial.jpg,3,5,1
annotated_CountySpecial.jpg,3,6,1
annotated_CountySpecial.jpg,3,7,1
annotated_CountySpecial.jpg,3,8,1
annotated_CountySpecial.jpg,4,1,1
annotated_CountySpecial.jpg,4,2,1
annotated_CountySpecial.jpg,4,3,1
annotated_CountySpecial.jpg,4,4,1
annotated_CountySpecial.jpg,4,5,1
annotated_CountySpecial.jpg,4,6,1
annotated_CountySpecial.jpg,4,7,1
annotated_CountySpecial.jpg,4,8,1
annotated_CountySpecial.jpg,5,1,1
annotated_CountySpecial.jpg,5,2,1
annotated_CountySpecial.jpg,5,3,1
annotated_CountySpecial.jpg,5,4,1
annotated_CountySpecial.jpg,5,5,1
annotated_CountySpecial.jpg,5,6,1
annotated_CountySpecial.jpg,5,7,1
annotated_CountySpecial.jpg,5,8,1
annotated_CountySpecial.jpg,6,1,1
annotated_CountySpecial.jpg,6,2,1
annotated_CountySpecial.jpg,6,3,1
annotated_CountySpecial.jpg,6,4,1
annotated_CountySpecial.jpg,6,5,1
annotated_CountySpecial.jpg,6,6,1
annotated_CountySpecial.jpg,6,7,1
annotated_CountySpecial.jpg,6,8,1
annotated_CountySpecial.jpg,7,1,1
annotated_CountySpecial.jpg,7,2,1
annotated_CountySpecial.jpg,7,3,1
annotated_CountySpecial.jpg,7,4,1
annotated_CountySpecial.jpg,7,5,1
annotated_CountySpecial.jpg,7,6,1
annotated_CountySpecial.jpg,7,7,1
annotated_CountySpecial.jpg,7,8,1
annotated_CountySpecial.jpg,8,1,0
annotated_CountySpecial.jpg,8,2,1
annotated_CountySpecial.jpg,8,3,1
annotated_CountySpecial.jpg,8,4,1
annotated_CountySpecial.jpg,8,5,1
annotated_CountySpecial.jpg,8,6,1
annotated_CountySpecial.jpg,8,7,1
annotated_CountySpecial.jpg,8,8,0
annotated_cricket-background-7k8utxnst1k196aa.jpg,1,1,0
annotated_cricket-background-7k8utxnst1k196aa.jpg,1,2,0
annotated_cricket-background-7k8utxnst1k196aa.jpg,1,3,0
annotated_cricket-background-7k8utxnst1k196aa.jpg,1,4,1
annotated_cricket-background-7k8utxnst1k196aa.jpg,1,5,1
annotated_cricket-background-7k8utxnst1k196aa.jpg,1,6,1
annotated_cricket-background-7k8utxnst1k196aa.jpg,1,7,1
annotated_cricket-background-7k8utxnst1k196aa.jpg,1,8,0
annotated_cricket-background-7k8utxnst1k196aa.jpg,2,1,0
annotated_cricket-background-7k8utxnst1k196aa.jpg,2,2,0
annotated_cricket-background-7k8utxnst1k196aa.jpg,2,3,0
annotated_cricket-background-7k8utxnst1k196aa.jpg,2,4,1
annotated_cricket-background-7k8utxnst1k196aa.jpg,2,5,1
annotated_cricket-background-7k8utxnst1k196aa.jpg,2,6,1
annotated_cricket-background-7k8utxnst1k196aa.jpg,2,7,1
annotated_cricket-background-7k8utxnst1k196aa.jpg,2,8,1
annotated_cricket-background-7k8utxnst1k196aa.jpg,3,1,1
annotated_cricket-background-7k8utxnst1k196aa.jpg,3,2,1
annotated_cricket-background-7k8utxnst1k196aa.jpg,3,3,1
annotated_cricket-background-7k8utxnst1k196aa.jpg,3,4,1
annotated_cricket-background-7k8utxnst1k196aa.jpg,3,5,1
annotated_cricket-background-7k8utxnst1k196aa.jpg,3,6,1
annotated_cricket-background-7k8utxnst1k196aa.jpg,3,7,1
annotated_cricket-background-7k8utxnst1k196aa.jpg,3,8,1
annotated_cricket-background-7k8utxnst1k196aa.jpg,4,1,0
annotated_cricket-background-7k8utxnst1k196aa.jpg,4,2,0
annotated_cricket-background-7k8utxnst1k196aa.jpg,4,3,1
annotated_cricket-background-7k8utxnst1k196aa.jpg,4,4,1
annotated_cricket-background-7k8utxnst1k196aa.jpg,4,5,1
annotated_cricket-background-7k8utxnst1k196aa.jpg,4,6,1
annotated_cricket-background-7k8utxnst1k196aa.jpg,4,7,1
annotated_cricket-background-7k8utxnst1k196aa.jpg,4,8,1
annotated_cricket-background-7k8utxnst1k196aa.jpg,5,1,0
annotated_cricket-background-7k8utxnst1k196aa.jpg,5,2,0
annotated_cricket-background-7k8utxnst1k196aa.jpg,5,3,1
annotated_cricket-background-7k8utxnst1k196aa.jpg,5,4,1
annotated_cricket-background-7k8utxnst1k196aa.jpg,5,5,1
annotated_cricket-background-7k8utxnst1k196aa.jpg,5,6,1
annotated_cricket-background-7k8utxnst1k196aa.jpg,5,7,1
annotated_cricket-background-7k8utxnst1k196aa.jpg,5,8,1
annotated_cricket-background-7k8utxnst1k196aa.jpg,6,1,0
annotated_cricket-background-7k8utxnst1k196aa.jpg,6,2,0
annotated_cricket-background-7k8utxnst1k196aa.jpg,6,3,1
annotated_cricket-background-7k8utxnst1k196aa.jpg,6,4,1
annotated_cricket-background-7k8utxnst1k196aa.jpg,6,5,1
annotated_cricket-background-7k8utxnst1k196aa.jpg,6,6,1
annotated_cricket-background-7k8utxnst1k196aa.jpg,6,7,1
annotated_cricket-background-7k8utxnst1k196aa.jpg,6,8,1
annotated_cricket-background-7k8utxnst1k196aa.jpg,7,1,0
annotated_cricket-background-7k8utxnst1k196aa.jpg,7,2,0
annotated_cricket-background-7k8utxnst1k196aa.jpg,7,3,0
annotated_cricket-background-7k8utxnst1k196aa.jpg,7,4,1
annotated_cricket-background-7k8utxnst1k196aa.jpg,7,5,1
annotated_cricket-background-7k8utxnst1k196aa.jpg,7,6,1
annotated_cricket-background-7k8utxnst1k196aa.jpg,7,7,1
annotated_cricket-background-7k8utxnst1k196aa.jpg,7,8,1
annotated_cricket-background-7k8utxnst1k196aa.jpg,8,1,0
annotated_cricket-background-7k8utxnst1k196aa.jpg,8,2,0
annotated_cricket-background-7k8utxnst1k196aa.jpg,8,3,0
annotated_cricket-background-7k8utxnst1k196aa.jpg,8,4,1
annotated_cricket-background-7k8utxnst1k196aa.jpg,8,5,1
annotated_cricket-background-7k8utxnst1k196aa.jpg,8,6,1
annotated_cricket-background-7k8utxnst1k196aa.jpg,8,7,1
annotated_cricket-background-7k8utxnst1k196aa.jpg,8,8,0
annotated_cricket-ball (1).jpg,1,1,0
annotated_cricket-ball (1).jpg,1,2,0
annotated_cricket-ball (1).jpg,1,3,0
annotated_cricket-ball (1).jpg,1,4,1
annotated_cricket-ball (1).jpg,1,5,1
annotated_cricket-ball (1).jpg,1,6,1
annotated_cricket-ball (1).jpg,1,7,1
annotated_cricket-ball (1).jpg,1,8,0
annotated_cricket-ball (1).jpg,2,1,0
annotated_cricket-ball (1).jpg,2,2,0
annotated_cricket-ball (1).jpg,2,3,1
annotated_cricket-ball (1).jpg,2,4,1
annotated_cricket-ball (1).jpg,2,5,1
annotated_cricket-ball (1).jpg,2,6,1
annotated_cricket-ball (1).jpg,2,7,1
annotated_cricket-ball (1).jpg,2,8,1
annotated_cricket-ball (1).jpg,3,1,0
annotated_cricket-ball (1).jpg,3,2,0
annotated_cricket-ball (1).jpg,3,3,1
annotated_cricket-ball (1).jpg,3,4,1
annotated_cricket-ball (1).jpg,3,5,1
annotated_cricket-ball (1).jpg,3,6,1
annotated_cricket-ball (1).jpg,3,7,1
annotated_cricket-ball (1).jpg,3,8,1
annotated_cricket-ball (1).jpg,4,1,0
annotated_cricket-ball (1).jpg,4,2,0
annotated_cricket-ball (1).jpg,4,3,1
annotated_cricket-ball (1).jpg,4,4,1
annotated_cricket-ball (1).jpg,4,5,1
annotated_cricket-ball (1).jpg,4,6,1
annotated_cricket-ball (1).jpg,4,7,1
annotated_cricket-ball (1).jpg,4,8,1
annotated_cricket-ball (1).jpg,5,1,0
annotated_cricket-ball (1).jpg,5,2,0
annotated_cricket-ball (1).jpg,5,3,1
annotated_cricket-ball (1).jpg,5,4,1
annotated_cricket-ball (1).jpg,5,5,1
annotated_cricket-ball (1).jpg,5,6,1
annotated_cricket-ball (1).jpg,5,7,1
annotated_cricket-ball (1).jpg,5,8,1
annotated_cricket-ball (1).jpg,6,1,0
annotated_cricket-ball (1).jpg,6,2,0
annotated_cricket-ball (1).jpg,6,3,1
annotated_cricket-ball (1).jpg,6,4,1
annotated_cricket-ball (1).jpg,6,5,1
annotated_cricket-ball (1).jpg,6,6,1
annotated_cricket-ball (1).jpg,6,7,1
annotated_cricket-ball (1).jpg,6,8,1
annotated_cricket-ball (1).jpg,7,1,0
annotated_cricket-ball (1).jpg,7,2,0
annotated_cricket-ball (1).jpg,7,3,1
annotated_cricket-ball (1).jpg,7,4,1
annotated_cricket-ball (1).jpg,7,5,1
annotated_cricket-ball (1).jpg,7,6,1
annotated_cricket-ball (1).jpg,7,7,1
annotated_cricket-ball (1).jpg,7,8,0
annotated_cricket-ball (1).jpg,8,1,0
annotated_cricket-ball (1).jpg,8,2,0
annotated_cricket-ball (1).jpg,8,3,0
annotated_cricket-ball (1).jpg,8,4,1
annotated_cricket-ball (1).jpg,8,5,1
annotated_cricket-ball (1).jpg,8,6,1
annotated_cricket-ball (1).jpg,8,7,0
annotated_cricket-ball (1).jpg,8,8,0
annotated_cricket-ball1_1580291060 (1).jpg,1,1,0
annotated_cricket-ball1_1580291060 (1).jpg,1,2,0
annotated_cricket-ball1_1580291060 (1).jpg,1,3,1
annotated_cricket-ball1_1580291060 (1).jpg,1,4,1
annotated_cricket-ball1_1580291060 (1).jpg,1,5,1
annotated_cricket-ball1_1580291060 (1).jpg,1,6,1
annotated_cricket-ball1_1580291060 (1).jpg,1,7,1
annotated_cricket-ball1_1580291060 (1).jpg,1,8,0
annotated_cricket-ball1_1580291060 (1).jpg,2,1,0
annotated_cricket-ball1_1580291060 (1).jpg,2,2,1
annotated_cricket-ball1_1580291060 (1).jpg,2,3,1
annotated_cricket-ball1_1580291060 (1).jpg,2,4,1
annotated_cricket-ball1_1580291060 (1).jpg,2,5,1
annotated_cricket-ball1_1580291060 (1).jpg,2,6,1
annotated_cricket-ball1_1580291060 (1).jpg,2,7,1
annotated_cricket-ball1_1580291060 (1).jpg,2,8,0
annotated_cricket-ball1_1580291060 (1).jpg,3,1,0
annotated_cricket-ball1_1580291060 (1).jpg,3,2,1
annotated_cricket-ball1_1580291060 (1).jpg,3,3,1
annotated_cricket-ball1_1580291060 (1).jpg,3,4,1
annotated_cricket-ball1_1580291060 (1).jpg,3,5,1
annotated_cricket-ball1_1580291060 (1).jpg,3,6,1
annotated_cricket-ball1_1580291060 (1).jpg,3,7,1
annotated_cricket-ball1_1580291060 (1).jpg,3,8,0
annotated_cricket-ball1_1580291060 (1).jpg,4,1,1
annotated_cricket-ball1_1580291060 (1).jpg,4,2,1
annotated_cricket-ball1_1580291060 (1).jpg,4,3,1
annotated_cricket-ball1_1580291060 (1).jpg,4,4,1
annotated_cricket-ball1_1580291060 (1).jpg,4,5,1
annotated_cricket-ball1_1580291060 (1).jpg,4,6,1
annotated_cricket-ball1_1580291060 (1).jpg,4,7,1
annotated_cricket-ball1_1580291060 (1).jpg,4,8,1
annotated_cricket-ball1_1580291060 (1).jpg,5,1,1
annotated_cricket-ball1_1580291060 (1).jpg,5,2,1
annotated_cricket-ball1_1580291060 (1).jpg,5,3,1
annotated_cricket-ball1_1580291060 (1).jpg,5,4,1
annotated_cricket-ball1_1580291060 (1).jpg,5,5,1
annotated_cricket-ball1_1580291060 (1).jpg,5,6,1
annotated_cricket-ball1_1580291060 (1).jpg,5,7,1
annotated_cricket-ball1_1580291060 (1).jpg,5,8,1
annotated_cricket-ball1_1580291060 (1).jpg,6,1,1
annotated_cricket-ball1_1580291060 (1).jpg,6,2,1
annotated_cricket-ball1_1580291060 (1).jpg,6,3,1
annotated_cricket-ball1_1580291060 (1).jpg,6,4,1
annotated_cricket-ball1_1580291060 (1).jpg,6,5,1
annotated_cricket-ball1_1580291060 (1).jpg,6,6,1
annotated_cricket-ball1_1580291060 (1).jpg,6,7,1
annotated_cricket-ball1_1580291060 (1).jpg,6,8,1
annotated_cricket-ball1_1580291060 (1).jpg,7,1,0
annotated_cricket-ball1_1580291060 (1).jpg,7,2,1
annotated_cricket-ball1_1580291060 (1).jpg,7,3,1
annotated_cricket-ball1_1580291060 (1).jpg,7,4,1
annotated_cricket-ball1_1580291060 (1).jpg,7,5,1
annotated_cricket-ball1_1580291060 (1).jpg,7,6,1
annotated_cricket-ball1_1580291060 (1).jpg,7,7,1
annotated_cricket-ball1_1580291060 (1).jpg,7,8,0
annotated_cricket-ball1_1580291060 (1).jpg,8,1,0
annotated_cricket-ball1_1580291060 (1).jpg,8,2,1
annotated_cricket-ball1_1580291060 (1).jpg,8,3,1
annotated_cricket-ball1_1580291060 (1).jpg,8,4,1
annotated_cricket-ball1_1580291060 (1).jpg,8,5,1
annotated_cricket-ball1_1580291060 (1).jpg,8,6,1
annotated_cricket-ball1_1580291060 (1).jpg,8,7,1
annotated_cricket-ball1_1580291060 (1).jpg,8,8,0
annotated_cricket-pictures-5aqknjy9kdqyyzdr.jpg,1,1,0
annotated_cricket-pictures-5aqknjy9kdqyyzdr.jpg,1,2,0
annotated_cricket-pictures-5aqknjy9kdqyyzdr.jpg,1,3,0
annotated_cricket-pictures-5aqknjy9kdqyyzdr.jpg,1,4,0
annotated_cricket-pictures-5aqknjy9kdqyyzdr.jpg,1,5,0
annotated_cricket-pictures-5aqknjy9kdqyyzdr.jpg,1,6,0
annotated_cricket-pictures-5aqknjy9kdqyyzdr.jpg,1,7,0
annotated_cricket-pictures-5aqknjy9kdqyyzdr.jpg,1,8,0
annotated_cricket-pictures-5aqknjy9kdqyyzdr.jpg,2,1,0
annotated_cricket-pictures-5aqknjy9kdqyyzdr.jpg,2,2,0
annotated_cricket-pictures-5aqknjy9kdqyyzdr.jpg,2,3,0
annotated_cricket-pictures-5aqknjy9kdqyyzdr.jpg,2,4,0
annotated_cricket-pictures-5aqknjy9kdqyyzdr.jpg,2,5,0
annotated_cricket-pictures-5aqknjy9kdqyyzdr.jpg,2,6,0
annotated_cricket-pictures-5aqknjy9kdqyyzdr.jpg,2,7,0
annotated_cricket-pictures-5aqknjy9kdqyyzdr.jpg,2,8,0
annotated_cricket-pictures-5aqknjy9kdqyyzdr.jpg,3,1,0
annotated_cricket-pictures-5aqknjy9kdqyyzdr.jpg,3,2,1
annotated_cricket-pictures-5aqknjy9kdqyyzdr.jpg,3,3,1
annotated_cricket-pictures-5aqknjy9kdqyyzdr.jpg,3,4,1
annotated_cricket-pictures-5aqknjy9kdqyyzdr.jpg,3,5,0
annotated_cricket-pictures-5aqknjy9kdqyyzdr.jpg,3,6,0
annotated_cricket-pictures-5aqknjy9kdqyyzdr.jpg,3,7,0
annotated_cricket-pictures-5aqknjy9kdqyyzdr.jpg,3,8,0
annotated_cricket-pictures-5aqknjy9kdqyyzdr.jpg,4,1,0
annotated_cricket-pictures-5aqknjy9kdqyyzdr.jpg,4,2,1
annotated_cricket-pictures-5aqknjy9kdqyyzdr.jpg,4,3,1
annotated_cricket-pictures-5aqknjy9kdqyyzdr.jpg,4,4,1
annotated_cricket-pictures-5aqknjy9kdqyyzdr.jpg,4,5,0
annotated_cricket-pictures-5aqknjy9kdqyyzdr.jpg,4,6,0
annotated_cricket-pictures-5aqknjy9kdqyyzdr.jpg,4,7,0
annotated_cricket-pictures-5aqknjy9kdqyyzdr.jpg,4,8,0
annotated_cricket-pictures-5aqknjy9kdqyyzdr.jpg,5,1,0
annotated_cricket-pictures-5aqknjy9kdqyyzdr.jpg,5,2,1
annotated_cricket-pictures-5aqknjy9kdqyyzdr.jpg,5,3,1
annotated_cricket-pictures-5aqknjy9kdqyyzdr.jpg,5,4,1
annotated_cricket-pictures-5aqknjy9kdqyyzdr.jpg,5,5,0
annotated_cricket-pictures-5aqknjy9kdqyyzdr.jpg,5,6,0
annotated_cricket-pictures-5aqknjy9kdqyyzdr.jpg,5,7,0
annotated_cricket-pictures-5aqknjy9kdqyyzdr.jpg,5,8,0
annotated_cricket-pictures-5aqknjy9kdqyyzdr.jpg,6,1,0
annotated_cricket-pictures-5aqknjy9kdqyyzdr.jpg,6,2,0
annotated_cricket-pictures-5aqknjy9kdqyyzdr.jpg,6,3,0
annotated_cricket-pictures-5aqknjy9kdqyyzdr.jpg,6,4,0
annotated_cricket-pictures-5aqknjy9kdqyyzdr.jpg,6,5,0
annotated_cricket-pictures-5aqknjy9kdqyyzdr.jpg,6,6,0
annotated_cricket-pictures-5aqknjy9kdqyyzdr.jpg,6,7,0
annotated_cricket-pictures-5aqknjy9kdqyyzdr.jpg,6,8,0
annotated_cricket-pictures-5aqknjy9kdqyyzdr.jpg,7,1,0
annotated_cricket-pictures-5aqknjy9kdqyyzdr.jpg,7,2,0
annotated_cricket-pictures-5aqknjy9kdqyyzdr.jpg,7,3,0
annotated_cricket-pictures-5aqknjy9kdqyyzdr.jpg,7,4,0
annotated_cricket-pictures-5aqknjy9kdqyyzdr.jpg,7,5,0
annotated_cricket-pictures-5aqknjy9kdqyyzdr.jpg,7,6,0
annotated_cricket-pictures-5aqknjy9kdqyyzdr.jpg,7,7,0
annotated_cricket-pictures-5aqknjy9kdqyyzdr.jpg,7,8,0
annotated_cricket-pictures-5aqknjy9kdqyyzdr.jpg,8,1,0
annotated_cricket-pictures-5aqknjy9kdqyyzdr.jpg,8,2,0
annotated_cricket-pictures-5aqknjy9kdqyyzdr.jpg,8,3,0
annotated_cricket-pictures-5aqknjy9kdqyyzdr.jpg,8,4,0
annotated_cricket-pictures-5aqknjy9kdqyyzdr.jpg,8,5,0
annotated_cricket-pictures-5aqknjy9kdqyyzdr.jpg,8,6,0
annotated_cricket-pictures-5aqknjy9kdqyyzdr.jpg,8,7,0
annotated_cricket-pictures-5aqknjy9kdqyyzdr.jpg,8,8,0
annotated_cricket_ball (1).jpg,1,1,0
annotated_cricket_ball (1).jpg,1,2,0
annotated_cricket_ball (1).jpg,1,3,0
annotated_cricket_ball (1).jpg,1,4,0
annotated_cricket_ball (1).jpg,1,5,0
annotated_cricket_ball (1).jpg,1,6,0
annotated_cricket_ball (1).jpg,1,7,0
annotated_cricket_ball (1).jpg,1,8,0
annotated_cricket_ball (1).jpg,2,1,0
annotated_cricket_ball (1).jpg,2,2,0
annotated_cricket_ball (1).jpg,2,3,0
annotated_cricket_ball (1).jpg,2,4,0
annotated_cricket_ball (1).jpg,2,5,0
annotated_cricket_ball (1).jpg,2,6,0
annotated_cricket_ball (1).jpg,2,7,0
annotated_cricket_ball (1).jpg,2,8,0
annotated_cricket_ball (1).jpg,3,1,0
annotated_cricket_ball (1).jpg,3,2,0
annotated_cricket_ball (1).jpg,3,3,0
annotated_cricket_ball (1).jpg,3,4,0
annotated_cricket_ball (1).jpg,3,5,1
annotated_cricket_ball (1).jpg,3,6,1
annotated_cricket_ball (1).jpg,3,7,1
annotated_cricket_ball (1).jpg,3,8,0
annotated_cricket_ball (1).jpg,4,1,0
annotated_cricket_ball (1).jpg,4,2,0
annotated_cricket_ball (1).jpg,4,3,0
annotated_cricket_ball (1).jpg,4,4,1
annotated_cricket_ball (1).jpg,4,5,1
annotated_cricket_ball (1).jpg,4,6,1
annotated_cricket_ball (1).jpg,4,7,1
annotated_cricket_ball (1).jpg,4,8,1
annotated_cricket_ball (1).jpg,5,1,0
annotated_cricket_ball (1).jpg,5,2,0
annotated_cricket_ball (1).jpg,5,3,0
annotated_cricket_ball (1).jpg,5,4,1
annotated_cricket_ball (1).jpg,5,5,1
annotated_cricket_ball (1).jpg,5,6,1
annotated_cricket_ball (1).jpg,5,7,1
annotated_cricket_ball (1).jpg,5,8,1
annotated_cricket_ball (1).jpg,6,1,0
annotated_cricket_ball (1).jpg,6,2,0
annotated_cricket_ball (1).jpg,6,3,0
annotated_cricket_ball (1).jpg,6,4,1
annotated_cricket_ball (1).jpg,6,5,1
annotated_cricket_ball (1).jpg,6,6,1
annotated_cricket_ball (1).jpg,6,7,1
annotated_cricket_ball (1).jpg,6,8,1
annotated_cricket_ball (1).jpg,7,1,0
annotated_cricket_ball (1).jpg,7,2,0
annotated_cricket_ball (1).jpg,7,3,0
annotated_cricket_ball (1).jpg,7,4,1
annotated_cricket_ball (1).jpg,7,5,1
annotated_cricket_ball (1).jpg,7,6,1
annotated_cricket_ball (1).jpg,7,7,1
annotated_cricket_ball (1).jpg,7,8,1
annotated_cricket_ball (1).jpg,8,1,0
annotated_cricket_ball (1).jpg,8,2,0
annotated_cricket_ball (1).jpg,8,3,0
annotated_cricket_ball (1).jpg,8,4,0
annotated_cricket_ball (1).jpg,8,5,1
annotated_cricket_ball (1).jpg,8,6,1
annotated_cricket_ball (1).jpg,8,7,1
annotated_cricket_ball (1).jpg,8,8,0
annotated_Cricket_ball_G&M.jpg,1,1,0
annotated_Cricket_ball_G&M.jpg,1,2,0
annotated_Cricket_ball_G&M.jpg,1,3,1
annotated_Cricket_ball_G&M.jpg,1,4,1
annotated_Cricket_ball_G&M.jpg,1,5,1
annotated_Cricket_ball_G&M.jpg,1,6,1
annotated_Cricket_ball_G&M.jpg,1,7,1
annotated_Cricket_ball_G&M.jpg,1,8,0
annotated_Cricket_ball_G&M.jpg,2,1,0
annotated_Cricket_ball_G&M.jpg,2,2,1
annotated_Cricket_ball_G&M.jpg,2,3,1
annotated_Cricket_ball_G&M.jpg,2,4,1
annotated_Cricket_ball_G&M.jpg,2,5,1
annotated_Cricket_ball_G&M.jpg,2,6,1
annotated_Cricket_ball_G&M.jpg,2,7,1
annotated_Cricket_ball_G&M.jpg,2,8,0
annotated_Cricket_ball_G&M.jpg,3,1,0
annotated_Cricket_ball_G&M.jpg,3,2,1
annotated_Cricket_ball_G&M.jpg,3,3,1
annotated_Cricket_ball_G&M.jpg,3,4,1
annotated_Cricket_ball_G&M.jpg,3,5,1
annotated_Cricket_ball_G&M.jpg,3,6,1
annotated_Cricket_ball_G&M.jpg,3,7,1
annotated_Cricket_ball_G&M.jpg,3,8,0
annotated_Cricket_ball_G&M.jpg,4,1,0
annotated_Cricket_ball_G&M.jpg,4,2,1
annotated_Cricket_ball_G&M.jpg,4,3,1
annotated_Cricket_ball_G&M.jpg,4,4,1
annotated_Cricket_ball_G&M.jpg,4,5,1
annotated_Cricket_ball_G&M.jpg,4,6,1
annotated_Cricket_ball_G&M.jpg,4,7,1
annotated_Cricket_ball_G&M.jpg,4,8,0
annotated_Cricket_ball_G&M.jpg,5,1,0
annotated_Cricket_ball_G&M.jpg,5,2,1
annotated_Cricket_ball_G&M.jpg,5,3,1
annotated_Cricket_ball_G&M.jpg,5,4,1
annotated_Cricket_ball_G&M.jpg,5,5,1
annotated_Cricket_ball_G&M.jpg,5,6,1
annotated_Cricket_ball_G&M.jpg,5,7,1
annotated_Cricket_ball_G&M.jpg,5,8,0
annotated_Cricket_ball_G&M.jpg,6,1,0
annotated_Cricket_ball_G&M.jpg,6,2,1
annotated_Cricket_ball_G&M.jpg,6,3,1
annotated_Cricket_ball_G&M.jpg,6,4,1
annotated_Cricket_ball_G&M.jpg,6,5,1
annotated_Cricket_ball_G&M.jpg,6,6,1
annotated_Cricket_ball_G&M.jpg,6,7,1
annotated_Cricket_ball_G&M.jpg,6,8,0
annotated_Cricket_ball_G&M.jpg,7,1,0
annotated_Cricket_ball_G&M.jpg,7,2,1
annotated_Cricket_ball_G&M.jpg,7,3,1
annotated_Cricket_ball_G&M.jpg,7,4,1
annotated_Cricket_ball_G&M.jpg,7,5,1
annotated_Cricket_ball_G&M.jpg,7,6,1
annotated_Cricket_ball_G&M.jpg,7,7,1
annotated_Cricket_ball_G&M.jpg,7,8,0
annotated_Cricket_ball_G&M.jpg,8,1,0
annotated_Cricket_ball_G&M.jpg,8,2,0
annotated_Cricket_ball_G&M.jpg,8,3,1
annotated_Cricket_ball_G&M.jpg,8,4,1
annotated_Cricket_ball_G&M.jpg,8,5,1
annotated_Cricket_ball_G&M.jpg,8,6,1
annotated_Cricket_ball_G&M.jpg,8,7,0
annotated_Cricket_ball_G&M.jpg,8,8,0
annotated_download (42).jpg,1,1,0
annotated_download (42).jpg,1,2,0
annotated_download (42).jpg,1,3,1
annotated_download (42).jpg,1,4,1
annotated_download (42).jpg,1,5,1
annotated_download (42).jpg,1,6,1
annotated_download (42).jpg,1,7,0
annotated_download (42).jpg,1,8,0
annotated_download (42).jpg,2,1,0
annotated_download (42).jpg,2,2,1
annotated_download (42).jpg,2,3,1
annotated_download (42).jpg,2,4,1
annotated_download (42).jpg,2,5,1
annotated_download (42).jpg,2,6,1
annotated_download (42).jpg,2,7,1
annotated_download (42).jpg,2,8,0
annotated_download (42).jpg,3,1,0
annotated_download (42).jpg,3,2,1
annotated_download (42).jpg,3,3,1
annotated_download (42).jpg,3,4,1
annotated_download (42).jpg,3,5,1
annotated_download (42).jpg,3,6,1
annotated_download (42).jpg,3,7,1
annotated_download (42).jpg,3,8,0
annotated_download (42).jpg,4,1,0
annotated_download (42).jpg,4,2,1
annotated_download (42).jpg,4,3,1
annotated_download (42).jpg,4,4,1
annotated_download (42).jpg,4,5,1
annotated_download (42).jpg,4,6,1
annotated_download (42).jpg,4,7,1
annotated_download (42).jpg,4,8,0
annotated_download (42).jpg,5,1,0
annotated_download (42).jpg,5,2,1
annotated_download (42).jpg,5,3,1
annotated_download (42).jpg,5,4,1
annotated_download (42).jpg,5,5,1
annotated_download (42).jpg,5,6,1
annotated_download (42).jpg,5,7,1
annotated_download (42).jpg,5,8,0
annotated_download (42).jpg,6,1,0
annotated_download (42).jpg,6,2,1
annotated_download (42).jpg,6,3,1
annotated_download (42).jpg,6,4,1
annotated_download (42).jpg,6,5,1
annotated_download (42).jpg,6,6,1
annotated_download (42).jpg,6,7,1
annotated_download (42).jpg,6,8,0
annotated_download (42).jpg,7,1,0
annotated_download (42).jpg,7,2,1
annotated_download (42).jpg,7,3,1
annotated_download (42).jpg,7,4,1
annotated_download (42).jpg,7,5,1
annotated_download (42).jpg,7,6,1
annotated_download (42).jpg,7,7,1
annotated_download (42).jpg,7,8,0
annotated_download (42).jpg,8,1,0
annotated_download (42).jpg,8,2,0
annotated_download (42).jpg,8,3,1
annotated_download (42).jpg,8,4,1
annotated_download (42).jpg,8,5,1
annotated_download (42).jpg,8,6,1
annotated_download (42).jpg,8,7,0
annotated_download (42).jpg,8,8,0
annotated_download (43).jpg,1,1,0
annotated_download (43).jpg,1,2,0
annotated_download (43).jpg,1,3,1
annotated_download (43).jpg,1,4,1
annotated_download (43).jpg,1,5,1
annotated_download (43).jpg,1,6,1
annotated_download (43).jpg,1,7,0
annotated_download (43).jpg,1,8,0
annotated_download (43).jpg,2,1,0
annotated_download (43).jpg,2,2,1
annotated_download (43).jpg,2,3,1
annotated_download (43).jpg,2,4,1
annotated_download (43).jpg,2,5,1
annotated_download (43).jpg,2,6,1
annotated_download (43).jpg,2,7,1
annotated_download (43).jpg,2,8,0
annotated_download (43).jpg,3,1,0
annotated_download (43).jpg,3,2,1
annotated_download (43).jpg,3,3,1
annotated_download (43).jpg,3,4,1
annotated_download (43).jpg,3,5,1
annotated_download (43).jpg,3,6,1
annotated_download (43).jpg,3,7,1
annotated_download (43).jpg,3,8,0
annotated_download (43).jpg,4,1,0
annotated_download (43).jpg,4,2,1
annotated_download (43).jpg,4,3,1
annotated_download (43).jpg,4,4,1
annotated_download (43).jpg,4,5,1
annotated_download (43).jpg,4,6,1
annotated_download (43).jpg,4,7,1
annotated_download (43).jpg,4,8,0
annotated_download (43).jpg,5,1,0
annotated_download (43).jpg,5,2,1
annotated_download (43).jpg,5,3,1
annotated_download (43).jpg,5,4,1
annotated_download (43).jpg,5,5,1
annotated_download (43).jpg,5,6,1
annotated_download (43).jpg,5,7,1
annotated_download (43).jpg,5,8,0
annotated_download (43).jpg,6,1,0
annotated_download (43).jpg,6,2,1
annotated_download (43).jpg,6,3,1
annotated_download (43).jpg,6,4,1
annotated_download (43).jpg,6,5,1
annotated_download (43).jpg,6,6,1
annotated_download (43).jpg,6,7,1
annotated_download (43).jpg,6,8,0
annotated_download (43).jpg,7,1,0
annotated_download (43).jpg,7,2,1
annotated_download (43).jpg,7,3,1
annotated_download (43).jpg,7,4,1
annotated_download (43).jpg,7,5,1
annotated_download (43).jpg,7,6,1
annotated_download (43).jpg,7,7,1
annotated_download (43).jpg,7,8,0
annotated_download (43).jpg,8,1,0
annotated_download (43).jpg,8,2,1
annotated_download (43).jpg,8,3,1
annotated_download (43).jpg,8,4,1
annotated_download (43).jpg,8,5,1
annotated_download (43).jpg,8,6,1
annotated_download (43).jpg,8,7,1
annotated_download (43).jpg,8,8,0
annotated_download (44).jpg,1,1,0
annotated_download (44).jpg,1,2,0
annotated_download (44).jpg,1,3,0
annotated_download (44).jpg,1,4,1
annotated_download (44).jpg,1,5,1
annotated_download (44).jpg,1,6,0
annotated_download (44).jpg,1,7,0
annotated_download (44).jpg,1,8,0
annotated_download (44).jpg,2,1,0
annotated_download (44).jpg,2,2,0
annotated_download (44).jpg,2,3,1
annotated_download (44).jpg,2,4,1
annotated_download (44).jpg,2,5,1
annotated_download (44).jpg,2,6,1
annotated_download (44).jpg,2,7,1
annotated_download (44).jpg,2,8,0
annotated_download (44).jpg,3,1,0
annotated_download (44).jpg,3,2,1
annotated_download (44).jpg,3,3,1
annotated_download (44).jpg,3,4,1
annotated_download (44).jpg,3,5,1
annotated_download (44).jpg,3,6,1
annotated_download (44).jpg,3,7,1
annotated_download (44).jpg,3,8,0
annotated_download (44).jpg,4,1,0
annotated_download (44).jpg,4,2,1
annotated_download (44).jpg,4,3,1
annotated_download (44).jpg,4,4,1
annotated_download (44).jpg,4,5,1
annotated_download (44).jpg,4,6,1
annotated_download (44).jpg,4,7,1
annotated_download (44).jpg,4,8,0
annotated_download (44).jpg,5,1,0
annotated_download (44).jpg,5,2,1
annotated_download (44).jpg,5,3,1
annotated_download (44).jpg,5,4,1
annotated_download (44).jpg,5,5,1
annotated_download (44).jpg,5,6,1
annotated_download (44).jpg,5,7,1
annotated_download (44).jpg,5,8,0
annotated_download (44).jpg,6,1,0
annotated_download (44).jpg,6,2,1
annotated_download (44).jpg,6,3,1
annotated_download (44).jpg,6,4,1
annotated_download (44).jpg,6,5,1
annotated_download (44).jpg,6,6,1
annotated_download (44).jpg,6,7,1
annotated_download (44).jpg,6,8,0
annotated_download (44).jpg,7,1,0
annotated_download (44).jpg,7,2,0
annotated_download (44).jpg,7,3,1
annotated_download (44).jpg,7,4,1
annotated_download (44).jpg,7,5,1
annotated_download (44).jpg,7,6,1
annotated_download (44).jpg,7,7,0
annotated_download (44).jpg,7,8,0
annotated_download (44).jpg,8,1,0
annotated_download (44).jpg,8,2,0
annotated_download (44).jpg,8,3,1
annotated_download (44).jpg,8,4,1
annotated_download (44).jpg,8,5,1
annotated_download (44).jpg,8,6,1
annotated_download (44).jpg,8,7,0
annotated_download (44).jpg,8,8,0
annotated_download (45).jpg,1,1,0
annotated_download (45).jpg,1,2,0
annotated_download (45).jpg,1,3,1
annotated_download (45).jpg,1,4,1
annotated_download (45).jpg,1,5,1
annotated_download (45).jpg,1,6,1
annotated_download (45).jpg,1,7,0
annotated_download (45).jpg,1,8,0
annotated_download (45).jpg,2,1,0
annotated_download (45).jpg,2,2,1
annotated_download (45).jpg,2,3,1
annotated_download (45).jpg,2,4,1
annotated_download (45).jpg,2,5,1
annotated_download (45).jpg,2,6,1
annotated_download (45).jpg,2,7,1
annotated_download (45).jpg,2,8,0
annotated_download (45).jpg,3,1,0
annotated_download (45).jpg,3,2,1
annotated_download (45).jpg,3,3,1
annotated_download (45).jpg,3,4,1
annotated_download (45).jpg,3,5,1
annotated_download (45).jpg,3,6,1
annotated_download (45).jpg,3,7,1
annotated_download (45).jpg,3,8,0
annotated_download (45).jpg,4,1,0
annotated_download (45).jpg,4,2,1
annotated_download (45).jpg,4,3,1
annotated_download (45).jpg,4,4,1
annotated_download (45).jpg,4,5,1
annotated_download (45).jpg,4,6,1
annotated_download (45).jpg,4,7,1
annotated_download (45).jpg,4,8,0
annotated_download (45).jpg,5,1,0
annotated_download (45).jpg,5,2,1
annotated_download (45).jpg,5,3,1
annotated_download (45).jpg,5,4,1
annotated_download (45).jpg,5,5,1
annotated_download (45).jpg,5,6,1
annotated_download (45).jpg,5,7,1
annotated_download (45).jpg,5,8,0
annotated_download (45).jpg,6,1,0
annotated_download (45).jpg,6,2,1
annotated_download (45).jpg,6,3,1
annotated_download (45).jpg,6,4,1
annotated_download (45).jpg,6,5,1
annotated_download (45).jpg,6,6,1
annotated_download (45).jpg,6,7,1
annotated_download (45).jpg,6,8,0
annotated_download (45).jpg,7,1,0
annotated_download (45).jpg,7,2,0
annotated_download (45).jpg,7,3,1
annotated_download (45).jpg,7,4,1
annotated_download (45).jpg,7,5,1
annotated_download (45).jpg,7,6,1
annotated_download (45).jpg,7,7,0
annotated_download (45).jpg,7,8,0
annotated_download (45).jpg,8,1,0
annotated_download (45).jpg,8,2,0
annotated_download (45).jpg,8,3,0
annotated_download (45).jpg,8,4,1
annotated_download (45).jpg,8,5,1
annotated_download (45).jpg,8,6,0
annotated_download (45).jpg,8,7,0
annotated_download (45).jpg,8,8,0
annotated_download (48).jpg,1,1,0
annotated_download (48).jpg,1,2,0
annotated_download (48).jpg,1,3,1
annotated_download (48).jpg,1,4,1
annotated_download (48).jpg,1,5,1
annotated_download (48).jpg,1,6,1
annotated_download (48).jpg,1,7,0
annotated_download (48).jpg,1,8,0
annotated_download (48).jpg,2,1,0
annotated_download (48).jpg,2,2,1
annotated_download (48).jpg,2,3,1
annotated_download (48).jpg,2,4,1
annotated_download (48).jpg,2,5,1
annotated_download (48).jpg,2,6,1
annotated_download (48).jpg,2,7,1
annotated_download (48).jpg,2,8,0
annotated_download (48).jpg,3,1,0
annotated_download (48).jpg,3,2,1
annotated_download (48).jpg,3,3,1
annotated_download (48).jpg,3,4,1
annotated_download (48).jpg,3,5,1
annotated_download (48).jpg,3,6,1
annotated_download (48).jpg,3,7,1
annotated_download (48).jpg,3,8,0
annotated_download (48).jpg,4,1,0
annotated_download (48).jpg,4,2,1
annotated_download (48).jpg,4,3,1
annotated_download (48).jpg,4,4,1
annotated_download (48).jpg,4,5,1
annotated_download (48).jpg,4,6,1
annotated_download (48).jpg,4,7,1
annotated_download (48).jpg,4,8,0
annotated_download (48).jpg,5,1,0
annotated_download (48).jpg,5,2,1
annotated_download (48).jpg,5,3,1
annotated_download (48).jpg,5,4,1
annotated_download (48).jpg,5,5,1
annotated_download (48).jpg,5,6,1
annotated_download (48).jpg,5,7,1
annotated_download (48).jpg,5,8,0
annotated_download (48).jpg,6,1,0
annotated_download (48).jpg,6,2,1
annotated_download (48).jpg,6,3,1
annotated_download (48).jpg,6,4,1
annotated_download (48).jpg,6,5,1
annotated_download (48).jpg,6,6,1
annotated_download (48).jpg,6,7,1
annotated_download (48).jpg,6,8,0
annotated_download (48).jpg,7,1,0
annotated_download (48).jpg,7,2,1
annotated_download (48).jpg,7,3,1
annotated_download (48).jpg,7,4,1
annotated_download (48).jpg,7,5,1
annotated_download (48).jpg,7,6,1
annotated_download (48).jpg,7,7,1
annotated_download (48).jpg,7,8,0
annotated_download (48).jpg,8,1,0
annotated_download (48).jpg,8,2,0
annotated_download (48).jpg,8,3,1
annotated_download (48).jpg,8,4,1
annotated_download (48).jpg,8,5,1
annotated_download (48).jpg,8,6,1
annotated_download (48).jpg,8,7,0
annotated_download (48).jpg,8,8,0
annotated_download (49).jpg,1,1,0
annotated_download (49).jpg,1,2,0
annotated_download (49).jpg,1,3,1
annotated_download (49).jpg,1,4,1
annotated_download (49).jpg,1,5,1
annotated_download (49).jpg,1,6,1
annotated_download (49).jpg,1,7,0
annotated_download (49).jpg,1,8,0
annotated_download (49).jpg,2,1,0
annotated_download (49).jpg,2,2,1
annotated_download (49).jpg,2,3,1
annotated_download (49).jpg,2,4,1
annotated_download (49).jpg,2,5,1
annotated_download (49).jpg,2,6,1
annotated_download (49).jpg,2,7,1
annotated_download (49).jpg,2,8,0
annotated_download (49).jpg,3,1,0
annotated_download (49).jpg,3,2,1
annotated_download (49).jpg,3,3,1
annotated_download (49).jpg,3,4,1
annotated_download (49).jpg,3,5,1
annotated_download (49).jpg,3,6,1
annotated_download (49).jpg,3,7,1
annotated_download (49).jpg,3,8,0
annotated_download (49).jpg,4,1,0
annotated_download (49).jpg,4,2,1
annotated_download (49).jpg,4,3,1
annotated_download (49).jpg,4,4,1
annotated_download (49).jpg,4,5,1
annotated_download (49).jpg,4,6,1
annotated_download (49).jpg,4,7,1
annotated_download (49).jpg,4,8,0
annotated_download (49).jpg,5,1,0
annotated_download (49).jpg,5,2,1
annotated_download (49).jpg,5,3,1
annotated_download (49).jpg,5,4,1
annotated_download (49).jpg,5,5,1
annotated_download (49).jpg,5,6,1
annotated_download (49).jpg,5,7,1
annotated_download (49).jpg,5,8,0
annotated_download (49).jpg,6,1,0
annotated_download (49).jpg,6,2,1
annotated_download (49).jpg,6,3,1
annotated_download (49).jpg,6,4,1
annotated_download (49).jpg,6,5,1
annotated_download (49).jpg,6,6,1
annotated_download (49).jpg,6,7,1
annotated_download (49).jpg,6,8,0
annotated_download (49).jpg,7,1,0
annotated_download (49).jpg,7,2,1
annotated_download (49).jpg,7,3,1
annotated_download (49).jpg,7,4,1
annotated_download (49).jpg,7,5,1
annotated_download (49).jpg,7,6,1
annotated_download (49).jpg,7,7,1
annotated_download (49).jpg,7,8,0
annotated_download (49).jpg,8,1,0
annotated_download (49).jpg,8,2,0
annotated_download (49).jpg,8,3,1
annotated_download (49).jpg,8,4,1
annotated_download (49).jpg,8,5,1
annotated_download (49).jpg,8,6,1
annotated_download (49).jpg,8,7,0
annotated_download (49).jpg,8,8,0
annotated_download (50).jpg,1,1,0
annotated_download (50).jpg,1,2,0
annotated_download (50).jpg,1,3,0
annotated_download (50).jpg,1,4,0
annotated_download (50).jpg,1,5,0
annotated_download (50).jpg,1,6,0
annotated_download (50).jpg,1,7,0
annotated_download (50).jpg,1,8,0
annotated_download (50).jpg,2,1,0
annotated_download (50).jpg,2,2,0
annotated_download (50).jpg,2,3,1
annotated_download (50).jpg,2,4,1
annotated_download (50).jpg,2,5,1
annotated_download (50).jpg,2,6,1
annotated_download (50).jpg,2,7,0
annotated_download (50).jpg,2,8,0
annotated_download (50).jpg,3,1,0
annotated_download (50).jpg,3,2,0
annotated_download (50).jpg,3,3,1
annotated_download (50).jpg,3,4,1
annotated_download (50).jpg,3,5,1
annotated_download (50).jpg,3,6,1
annotated_download (50).jpg,3,7,0
annotated_download (50).jpg,3,8,0
annotated_download (50).jpg,4,1,0
annotated_download (50).jpg,4,2,0
annotated_download (50).jpg,4,3,1
annotated_download (50).jpg,4,4,1
annotated_download (50).jpg,4,5,1
annotated_download (50).jpg,4,6,1
annotated_download (50).jpg,4,7,0
annotated_download (50).jpg,4,8,0
annotated_download (50).jpg,5,1,0
annotated_download (50).jpg,5,2,0
annotated_download (50).jpg,5,3,1
annotated_download (50).jpg,5,4,1
annotated_download (50).jpg,5,5,1
annotated_download (50).jpg,5,6,1
annotated_download (50).jpg,5,7,0
annotated_download (50).jpg,5,8,0
annotated_download (50).jpg,6,1,0
annotated_download (50).jpg,6,2,0
annotated_download (50).jpg,6,3,1
annotated_download (50).jpg,6,4,1
annotated_download (50).jpg,6,5,1
annotated_download (50).jpg,6,6,1
annotated_download (50).jpg,6,7,0
annotated_download (50).jpg,6,8,0
annotated_download (50).jpg,7,1,0
annotated_download (50).jpg,7,2,0
annotated_download (50).jpg,7,3,1
annotated_download (50).jpg,7,4,1
annotated_download (50).jpg,7,5,1
annotated_download (50).jpg,7,6,0
annotated_download (50).jpg,7,7,0
annotated_download (50).jpg,7,8,0
annotated_download (50).jpg,8,1,0
annotated_download (50).jpg,8,2,0
annotated_download (50).jpg,8,3,0
annotated_download (50).jpg,8,4,0
annotated_download (50).jpg,8,5,0
annotated_download (50).jpg,8,6,0
annotated_download (50).jpg,8,7,0
annotated_download (50).jpg,8,8,0
annotated_download (51).jpg,1,1,0
annotated_download (51).jpg,1,2,1
annotated_download (51).jpg,1,3,1
annotated_download (51).jpg,1,4,1
annotated_download (51).jpg,1,5,1
annotated_download (51).jpg,1,6,1
annotated_download (51).jpg,1,7,1
annotated_download (51).jpg,1,8,0
annotated_download (51).jpg,2,1,1
annotated_download (51).jpg,2,2,1
annotated_download (51).jpg,2,3,1
annotated_download (51).jpg,2,4,1
annotated_download (51).jpg,2,5,1
annotated_download (51).jpg,2,6,1
annotated_download (51).jpg,2,7,1
annotated_download (51).jpg,2,8,1
annotated_download (51).jpg,3,1,1
annotated_download (51).jpg,3,2,1
annotated_download (51).jpg,3,3,1
annotated_download (51).jpg,3,4,1
annotated_download (51).jpg,3,5,1
annotated_download (51).jpg,3,6,1
annotated_download (51).jpg,3,7,1
annotated_download (51).jpg,3,8,1
annotated_download (51).jpg,4,1,1
annotated_download (51).jpg,4,2,1
annotated_download (51).jpg,4,3,1
annotated_download (51).jpg,4,4,1
annotated_download (51).jpg,4,5,1
annotated_download (51).jpg,4,6,1
annotated_download (51).jpg,4,7,1
annotated_download (51).jpg,4,8,1
annotated_download (51).jpg,5,1,1
annotated_download (51).jpg,5,2,1
annotated_download (51).jpg,5,3,1
annotated_download (51).jpg,5,4,1
annotated_download (51).jpg,5,5,1
annotated_download (51).jpg,5,6,1
annotated_download (51).jpg,5,7,1
annotated_download (51).jpg,5,8,1
annotated_download (51).jpg,6,1,1
annotated_download (51).jpg,6,2,1
annotated_download (51).jpg,6,3,1
annotated_download (51).jpg,6,4,1
annotated_download (51).jpg,6,5,1
annotated_download (51).jpg,6,6,1
annotated_download (51).jpg,6,7,1
annotated_download (51).jpg,6,8,1
annotated_download (51).jpg,7,1,1
annotated_download (51).jpg,7,2,1
annotated_download (51).jpg,7,3,1
annotated_download (51).jpg,7,4,1
annotated_download (51).jpg,7,5,1
annotated_download (51).jpg,7,6,1
annotated_download (51).jpg,7,7,1
annotated_download (51).jpg,7,8,0
annotated_download (51).jpg,8,1,0
annotated_download (51).jpg,8,2,1
annotated_download (51).jpg,8,3,1
annotated_download (51).jpg,8,4,1
annotated_download (51).jpg,8,5,1
annotated_download (51).jpg,8,6,1
annotated_download (51).jpg,8,7,1
annotated_download (51).jpg,8,8,0
annotated_download (53).jpg,1,1,0
annotated_download (53).jpg,1,2,0
annotated_download (53).jpg,1,3,0
annotated_download (53).jpg,1,4,0
annotated_download (53).jpg,1,5,0
annotated_download (53).jpg,1,6,0
annotated_download (53).jpg,1,7,0
annotated_download (53).jpg,1,8,0
annotated_download (53).jpg,2,1,0
annotated_download (53).jpg,2,2,0
annotated_download (53).jpg,2,3,1
annotated_download (53).jpg,2,4,1
annotated_download (53).jpg,2,5,1
annotated_download (53).jpg,2,6,1
annotated_download (53).jpg,2,7,0
annotated_download (53).jpg,2,8,0
annotated_download (53).jpg,3,1,0
annotated_download (53).jpg,3,2,0
annotated_download (53).jpg,3,3,1
annotated_download (53).jpg,3,4,1
annotated_download (53).jpg,3,5,1
annotated_download (53).jpg,3,6,1
annotated_download (53).jpg,3,7,0
annotated_download (53).jpg,3,8,0
annotated_download (53).jpg,4,1,0
annotated_download (53).jpg,4,2,1
annotated_download (53).jpg,4,3,1
annotated_download (53).jpg,4,4,1
annotated_download (53).jpg,4,5,1
annotated_download (53).jpg,4,6,1
annotated_download (53).jpg,4,7,0
annotated_download (53).jpg,4,8,0
annotated_download (53).jpg,5,1,0
annotated_download (53).jpg,5,2,1
annotated_download (53).jpg,5,3,1
annotated_download (53).jpg,5,4,1
annotated_download (53).jpg,5,5,1
annotated_download (53).jpg,5,6,1
annotated_download (53).jpg,5,7,0
annotated_download (53).jpg,5,8,0
annotated_download (53).jpg,6,1,0
annotated_download (53).jpg,6,2,1
annotated_download (53).jpg,6,3,1
annotated_download (53).jpg,6,4,1
annotated_download (53).jpg,6,5,1
annotated_download (53).jpg,6,6,1
annotated_download (53).jpg,6,7,0
annotated_download (53).jpg,6,8,0
annotated_download (53).jpg,7,1,0
annotated_download (53).jpg,7,2,0
annotated_download (53).jpg,7,3,1
annotated_download (53).jpg,7,4,1
annotated_download (53).jpg,7,5,1
annotated_download (53).jpg,7,6,1
annotated_download (53).jpg,7,7,0
annotated_download (53).jpg,7,8,0
annotated_download (53).jpg,8,1,0
annotated_download (53).jpg,8,2,0
annotated_download (53).jpg,8,3,0
annotated_download (53).jpg,8,4,0
annotated_download (53).jpg,8,5,0
annotated_download (53).jpg,8,6,0
annotated_download (53).jpg,8,7,0
annotated_download (53).jpg,8,8,0
annotated_download (55).jpg,1,1,0
annotated_download (55).jpg,1,2,1
annotated_download (55).jpg,1,3,1
annotated_download (55).jpg,1,4,1
annotated_download (55).jpg,1,5,1
annotated_download (55).jpg,1,6,1
annotated_download (55).jpg,1,7,1
annotated_download (55).jpg,1,8,0
annotated_download (55).jpg,2,1,1
annotated_download (55).jpg,2,2,1
annotated_download (55).jpg,2,3,1
annotated_download (55).jpg,2,4,1
annotated_download (55).jpg,2,5,1
annotated_download (55).jpg,2,6,1
annotated_download (55).jpg,2,7,1
annotated_download (55).jpg,2,8,1
annotated_download (55).jpg,3,1,1
annotated_download (55).jpg,3,2,1
annotated_download (55).jpg,3,3,1
annotated_download (55).jpg,3,4,1
annotated_download (55).jpg,3,5,1
annotated_download (55).jpg,3,6,1
annotated_download (55).jpg,3,7,1
annotated_download (55).jpg,3,8,1
annotated_download (55).jpg,4,1,1
annotated_download (55).jpg,4,2,1
annotated_download (55).jpg,4,3,1
annotated_download (55).jpg,4,4,1
annotated_download (55).jpg,4,5,1
annotated_download (55).jpg,4,6,1
annotated_download (55).jpg,4,7,1
annotated_download (55).jpg,4,8,1
annotated_download (55).jpg,5,1,1
annotated_download (55).jpg,5,2,1
annotated_download (55).jpg,5,3,1
annotated_download (55).jpg,5,4,1
annotated_download (55).jpg,5,5,1
annotated_download (55).jpg,5,6,1
annotated_download (55).jpg,5,7,1
annotated_download (55).jpg,5,8,1
annotated_download (55).jpg,6,1,1
annotated_download (55).jpg,6,2,1
annotated_download (55).jpg,6,3,1
annotated_download (55).jpg,6,4,1
annotated_download (55).jpg,6,5,1
annotated_download (55).jpg,6,6,1
annotated_download (55).jpg,6,7,1
annotated_download (55).jpg,6,8,1
annotated_download (55).jpg,7,1,1
annotated_download (55).jpg,7,2,1
annotated_download (55).jpg,7,3,1
annotated_download (55).jpg,7,4,1
annotated_download (55).jpg,7,5,1
annotated_download (55).jpg,7,6,1
annotated_download (55).jpg,7,7,1
annotated_download (55).jpg,7,8,0
annotated_download (55).jpg,8,1,0
annotated_download (55).jpg,8,2,1
annotated_download (55).jpg,8,3,1
annotated_download (55).jpg,8,4,1
annotated_download (55).jpg,8,5,1
annotated_download (55).jpg,8,6,1
annotated_download (55).jpg,8,7,1
annotated_download (55).jpg,8,8,0
annotated_download (56).jpg,1,1,0
annotated_download (56).jpg,1,2,0
annotated_download (56).jpg,1,3,0
annotated_download (56).jpg,1,4,0
annotated_download (56).jpg,1,5,0
annotated_download (56).jpg,1,6,0
annotated_download (56).jpg,1,7,0
annotated_download (56).jpg,1,8,0
annotated_download (56).jpg,2,1,0
annotated_download (56).jpg,2,2,0
annotated_download (56).jpg,2,3,0
annotated_download (56).jpg,2,4,1
annotated_download (56).jpg,2,5,1
annotated_download (56).jpg,2,6,0
annotated_download (56).jpg,2,7,0
annotated_download (56).jpg,2,8,0
annotated_download (56).jpg,3,1,0
annotated_download (56).jpg,3,2,0
annotated_download (56).jpg,3,3,1
annotated_download (56).jpg,3,4,1
annotated_download (56).jpg,3,5,1
annotated_download (56).jpg,3,6,1
annotated_download (56).jpg,3,7,0
annotated_download (56).jpg,3,8,0
annotated_download (56).jpg,4,1,0
annotated_download (56).jpg,4,2,0
annotated_download (56).jpg,4,3,1
annotated_download (56).jpg,4,4,1
annotated_download (56).jpg,4,5,1
annotated_download (56).jpg,4,6,1
annotated_download (56).jpg,4,7,0
annotated_download (56).jpg,4,8,0
annotated_download (56).jpg,5,1,0
annotated_download (56).jpg,5,2,0
annotated_download (56).jpg,5,3,1
annotated_download (56).jpg,5,4,1
annotated_download (56).jpg,5,5,1
annotated_download (56).jpg,5,6,1
annotated_download (56).jpg,5,7,0
annotated_download (56).jpg,5,8,0
annotated_download (56).jpg,6,1,0
annotated_download (56).jpg,6,2,0
annotated_download (56).jpg,6,3,1
annotated_download (56).jpg,6,4,1
annotated_download (56).jpg,6,5,1
annotated_download (56).jpg,6,6,1
annotated_download (56).jpg,6,7,0
annotated_download (56).jpg,6,8,0
annotated_download (56).jpg,7,1,0
annotated_download (56).jpg,7,2,0
annotated_download (56).jpg,7,3,1
annotated_download (56).jpg,7,4,1
annotated_download (56).jpg,7,5,1
annotated_download (56).jpg,7,6,0
annotated_download (56).jpg,7,7,0
annotated_download (56).jpg,7,8,0
annotated_download (56).jpg,8,1,0
annotated_download (56).jpg,8,2,0
annotated_download (56).jpg,8,3,0
annotated_download (56).jpg,8,4,0
annotated_download (56).jpg,8,5,0
annotated_download (56).jpg,8,6,0
annotated_download (56).jpg,8,7,0
annotated_download (56).jpg,8,8,0
annotated_download (57).jpg,1,1,0
annotated_download (57).jpg,1,2,0
annotated_download (57).jpg,1,3,0
annotated_download (57).jpg,1,4,1
annotated_download (57).jpg,1,5,1
annotated_download (57).jpg,1,6,0
annotated_download (57).jpg,1,7,0
annotated_download (57).jpg,1,8,0
annotated_download (57).jpg,2,1,0
annotated_download (57).jpg,2,2,0
annotated_download (57).jpg,2,3,1
annotated_download (57).jpg,2,4,1
annotated_download (57).jpg,2,5,1
annotated_download (57).jpg,2,6,1
annotated_download (57).jpg,2,7,0
annotated_download (57).jpg,2,8,0
annotated_download (57).jpg,3,1,0
annotated_download (57).jpg,3,2,1
annotated_download (57).jpg,3,3,1
annotated_download (57).jpg,3,4,1
annotated_download (57).jpg,3,5,1
annotated_download (57).jpg,3,6,1
annotated_download (57).jpg,3,7,1
annotated_download (57).jpg,3,8,0
annotated_download (57).jpg,4,1,0
annotated_download (57).jpg,4,2,1
annotated_download (57).jpg,4,3,1
annotated_download (57).jpg,4,4,1
annotated_download (57).jpg,4,5,1
annotated_download (57).jpg,4,6,1
annotated_download (57).jpg,4,7,1
annotated_download (57).jpg,4,8,0
annotated_download (57).jpg,5,1,0
annotated_download (57).jpg,5,2,1
annotated_download (57).jpg,5,3,1
annotated_download (57).jpg,5,4,1
annotated_download (57).jpg,5,5,1
annotated_download (57).jpg,5,6,1
annotated_download (57).jpg,5,7,1
annotated_download (57).jpg,5,8,0
annotated_download (57).jpg,6,1,0
annotated_download (57).jpg,6,2,1
annotated_download (57).jpg,6,3,1
annotated_download (57).jpg,6,4,1
annotated_download (57).jpg,6,5,1
annotated_download (57).jpg,6,6,1
annotated_download (57).jpg,6,7,1
annotated_download (57).jpg,6,8,0
annotated_download (57).jpg,7,1,0
annotated_download (57).jpg,7,2,0
annotated_download (57).jpg,7,3,1
annotated_download (57).jpg,7,4,1
annotated_download (57).jpg,7,5,1
annotated_download (57).jpg,7,6,1
annotated_download (57).jpg,7,7,0
annotated_download (57).jpg,7,8,0
annotated_download (57).jpg,8,1,0
annotated_download (57).jpg,8,2,0
annotated_download (57).jpg,8,3,0
annotated_download (57).jpg,8,4,1
annotated_download (57).jpg,8,5,1
annotated_download (57).jpg,8,6,0
annotated_download (57).jpg,8,7,0
annotated_download (57).jpg,8,8,0
annotated_download (58).jpg,1,1,0
annotated_download (58).jpg,1,2,0
annotated_download (58).jpg,1,3,1
annotated_download (58).jpg,1,4,1
annotated_download (58).jpg,1,5,1
annotated_download (58).jpg,1,6,1
annotated_download (58).jpg,1,7,0
annotated_download (58).jpg,1,8,0
annotated_download (58).jpg,2,1,0
annotated_download (58).jpg,2,2,1
annotated_download (58).jpg,2,3,1
annotated_download (58).jpg,2,4,1
annotated_download (58).jpg,2,5,1
annotated_download (58).jpg,2,6,1
annotated_download (58).jpg,2,7,1
annotated_download (58).jpg,2,8,0
annotated_download (58).jpg,3,1,0
annotated_download (58).jpg,3,2,1
annotated_download (58).jpg,3,3,1
annotated_download (58).jpg,3,4,1
annotated_download (58).jpg,3,5,1
annotated_download (58).jpg,3,6,1
annotated_download (58).jpg,3,7,1
annotated_download (58).jpg,3,8,0
annotated_download (58).jpg,4,1,0
annotated_download (58).jpg,4,2,1
annotated_download (58).jpg,4,3,1
annotated_download (58).jpg,4,4,1
annotated_download (58).jpg,4,5,1
annotated_download (58).jpg,4,6,1
annotated_download (58).jpg,4,7,1
annotated_download (58).jpg,4,8,0
annotated_download (58).jpg,5,1,0
annotated_download (58).jpg,5,2,1
annotated_download (58).jpg,5,3,1
annotated_download (58).jpg,5,4,1
annotated_download (58).jpg,5,5,1
annotated_download (58).jpg,5,6,1
annotated_download (58).jpg,5,7,1
annotated_download (58).jpg,5,8,0
annotated_download (58).jpg,6,1,0
annotated_download (58).jpg,6,2,1
annotated_download (58).jpg,6,3,1
annotated_download (58).jpg,6,4,1
annotated_download (58).jpg,6,5,1
annotated_download (58).jpg,6,6,1
annotated_download (58).jpg,6,7,1
annotated_download (58).jpg,6,8,0
annotated_download (58).jpg,7,1,0
annotated_download (58).jpg,7,2,0
annotated_download (58).jpg,7,3,1
annotated_download (58).jpg,7,4,1
annotated_download (58).jpg,7,5,1
annotated_download (58).jpg,7,6,1
annotated_download (58).jpg,7,7,1
annotated_download (58).jpg,7,8,0
annotated_download (58).jpg,8,1,0
annotated_download (58).jpg,8,2,0
annotated_download (58).jpg,8,3,1
annotated_download (58).jpg,8,4,1
annotated_download (58).jpg,8,5,1
annotated_download (58).jpg,8,6,0
annotated_download (58).jpg,8,7,0
annotated_download (58).jpg,8,8,0
annotated_download (63).jpg,1,1,0
annotated_download (63).jpg,1,2,0
annotated_download (63).jpg,1,3,0
annotated_download (63).jpg,1,4,1
annotated_download (63).jpg,1,5,1
annotated_download (63).jpg,1,6,1
annotated_download (63).jpg,1,7,1
annotated_download (63).jpg,1,8,1
annotated_download (63).jpg,2,1,0
annotated_download (63).jpg,2,2,0
annotated_download (63).jpg,2,3,1
annotated_download (63).jpg,2,4,1
annotated_download (63).jpg,2,5,1
annotated_download (63).jpg,2,6,1
annotated_download (63).jpg,2,7,1
annotated_download (63).jpg,2,8,1
annotated_download (63).jpg,3,1,0
annotated_download (63).jpg,3,2,0
annotated_download (63).jpg,3,3,1
annotated_download (63).jpg,3,4,1
annotated_download (63).jpg,3,5,1
annotated_download (63).jpg,3,6,1
annotated_download (63).jpg,3,7,1
annotated_download (63).jpg,3,8,1
annotated_download (63).jpg,4,1,0
annotated_download (63).jpg,4,2,0
annotated_download (63).jpg,4,3,1
annotated_download (63).jpg,4,4,1
annotated_download (63).jpg,4,5,1
annotated_download (63).jpg,4,6,1
annotated_download (63).jpg,4,7,1
annotated_download (63).jpg,4,8,1
annotated_download (63).jpg,5,1,0
annotated_download (63).jpg,5,2,0
annotated_download (63).jpg,5,3,1
annotated_download (63).jpg,5,4,1
annotated_download (63).jpg,5,5,1
annotated_download (63).jpg,5,6,1
annotated_download (63).jpg,5,7,1
annotated_download (63).jpg,5,8,1
annotated_download (63).jpg,6,1,0
annotated_download (63).jpg,6,2,0
annotated_download (63).jpg,6,3,1
annotated_download (63).jpg,6,4,1
annotated_download (63).jpg,6,5,1
annotated_download (63).jpg,6,6,1
annotated_download (63).jpg,6,7,1
annotated_download (63).jpg,6,8,1
annotated_download (63).jpg,7,1,0
annotated_download (63).jpg,7,2,0
annotated_download (63).jpg,7,3,1
annotated_download (63).jpg,7,4,1
annotated_download (63).jpg,7,5,1
annotated_download (63).jpg,7,6,1
annotated_download (63).jpg,7,7,1
annotated_download (63).jpg,7,8,0
annotated_download (63).jpg,8,1,0
annotated_download (63).jpg,8,2,0
annotated_download (63).jpg,8,3,0
annotated_download (63).jpg,8,4,1
annotated_download (63).jpg,8,5,1
annotated_download (63).jpg,8,6,1
annotated_download (63).jpg,8,7,0
annotated_download (63).jpg,8,8,0
annotated_download (64).jpg,1,1,0
annotated_download (64).jpg,1,2,0
annotated_download (64).jpg,1,3,0
annotated_download (64).jpg,1,4,1
annotated_download (64).jpg,1,5,1
annotated_download (64).jpg,1,6,0
annotated_download (64).jpg,1,7,0
annotated_download (64).jpg,1,8,0
annotated_download (64).jpg,2,1,0
annotated_download (64).jpg,2,2,0
annotated_download (64).jpg,2,3,1
annotated_download (64).jpg,2,4,1
annotated_download (64).jpg,2,5,1
annotated_download (64).jpg,2,6,1
annotated_download (64).jpg,2,7,0
annotated_download (64).jpg,2,8,0
annotated_download (64).jpg,3,1,0
annotated_download (64).jpg,3,2,0
annotated_download (64).jpg,3,3,1
annotated_download (64).jpg,3,4,1
annotated_download (64).jpg,3,5,1
annotated_download (64).jpg,3,6,1
annotated_download (64).jpg,3,7,0
annotated_download (64).jpg,3,8,0
annotated_download (64).jpg,4,1,0
annotated_download (64).jpg,4,2,1
annotated_download (64).jpg,4,3,1
annotated_download (64).jpg,4,4,1
annotated_download (64).jpg,4,5,1
annotated_download (64).jpg,4,6,1
annotated_download (64).jpg,4,7,1
annotated_download (64).jpg,4,8,0
annotated_download (64).jpg,5,1,0
annotated_download (64).jpg,5,2,1
annotated_download (64).jpg,5,3,1
annotated_download (64).jpg,5,4,1
annotated_download (64).jpg,5,5,1
annotated_download (64).jpg,5,6,1
annotated_download (64).jpg,5,7,1
annotated_download (64).jpg,5,8,0
annotated_download (64).jpg,6,1,0
annotated_download (64).jpg,6,2,0
annotated_download (64).jpg,6,3,1
annotated_download (64).jpg,6,4,1
annotated_download (64).jpg,6,5,1
annotated_download (64).jpg,6,6,1
annotated_download (64).jpg,6,7,0
annotated_download (64).jpg,6,8,0
annotated_download (64).jpg,7,1,0
annotated_download (64).jpg,7,2,0
annotated_download (64).jpg,7,3,1
annotated_download (64).jpg,7,4,1
annotated_download (64).jpg,7,5,1
annotated_download (64).jpg,7,6,1
annotated_download (64).jpg,7,7,0
annotated_download (64).jpg,7,8,0
annotated_download (64).jpg,8,1,0
annotated_download (64).jpg,8,2,0
annotated_download (64).jpg,8,3,0
annotated_download (64).jpg,8,4,0
annotated_download (64).jpg,8,5,0
annotated_download (64).jpg,8,6,0
annotated_download (64).jpg,8,7,0
annotated_download (64).jpg,8,8,0
annotated_download (66).jpg,1,1,1
annotated_download (66).jpg,1,2,1
annotated_download (66).jpg,1,3,1
annotated_download (66).jpg,1,4,1
annotated_download (66).jpg,1,5,1
annotated_download (66).jpg,1,6,1
annotated_download (66).jpg,1,7,1
annotated_download (66).jpg,1,8,0
annotated_download (66).jpg,2,1,1
annotated_download (66).jpg,2,2,1
annotated_download (66).jpg,2,3,1
annotated_download (66).jpg,2,4,1
annotated_download (66).jpg,2,5,1
annotated_download (66).jpg,2,6,1
annotated_download (66).jpg,2,7,1
annotated_download (66).jpg,2,8,0
annotated_download (66).jpg,3,1,1
annotated_download (66).jpg,3,2,1
annotated_download (66).jpg,3,3,1
annotated_download (66).jpg,3,4,1
annotated_download (66).jpg,3,5,1
annotated_download (66).jpg,3,6,1
annotated_download (66).jpg,3,7,1
annotated_download (66).jpg,3,8,0
annotated_download (66).jpg,4,1,1
annotated_download (66).jpg,4,2,1
annotated_download (66).jpg,4,3,1
annotated_download (66).jpg,4,4,1
annotated_download (66).jpg,4,5,1
annotated_download (66).jpg,4,6,1
annotated_download (66).jpg,4,7,1
annotated_download (66).jpg,4,8,0
annotated_download (66).jpg,5,1,1
annotated_download (66).jpg,5,2,1
annotated_download (66).jpg,5,3,1
annotated_download (66).jpg,5,4,1
annotated_download (66).jpg,5,5,1
annotated_download (66).jpg,5,6,1
annotated_download (66).jpg,5,7,1
annotated_download (66).jpg,5,8,0
annotated_download (66).jpg,6,1,1
annotated_download (66).jpg,6,2,1
annotated_download (66).jpg,6,3,1
annotated_download (66).jpg,6,4,1
annotated_download (66).jpg,6,5,1
annotated_download (66).jpg,6,6,1
annotated_download (66).jpg,6,7,1
annotated_download (66).jpg,6,8,0
annotated_download (66).jpg,7,1,1
annotated_download (66).jpg,7,2,1
annotated_download (66).jpg,7,3,1
annotated_download (66).jpg,7,4,1
annotated_download (66).jpg,7,5,1
annotated_download (66).jpg,7,6,1
annotated_download (66).jpg,7,7,1
annotated_download (66).jpg,7,8,0
annotated_download (66).jpg,8,1,1
annotated_download (66).jpg,8,2,1
annotated_download (66).jpg,8,3,1
annotated_download (66).jpg,8,4,1
annotated_download (66).jpg,8,5,1
annotated_download (66).jpg,8,6,1
annotated_download (66).jpg,8,7,1
annotated_download (66).jpg,8,8,0
annotated_f284421de1e35dd6dc1ddaa3397cf219.jpg,1,1,0
annotated_f284421de1e35dd6dc1ddaa3397cf219.jpg,1,2,1
annotated_f284421de1e35dd6dc1ddaa3397cf219.jpg,1,3,1
annotated_f284421de1e35dd6dc1ddaa3397cf219.jpg,1,4,1
annotated_f284421de1e35dd6dc1ddaa3397cf219.jpg,1,5,1
annotated_f284421de1e35dd6dc1ddaa3397cf219.jpg,1,6,1
annotated_f284421de1e35dd6dc1ddaa3397cf219.jpg,1,7,1
annotated_f284421de1e35dd6dc1ddaa3397cf219.jpg,1,8,1
annotated_f284421de1e35dd6dc1ddaa3397cf219.jpg,2,1,0
annotated_f284421de1e35dd6dc1ddaa3397cf219.jpg,2,2,1
annotated_f284421de1e35dd6dc1ddaa3397cf219.jpg,2,3,1
annotated_f284421de1e35dd6dc1ddaa3397cf219.jpg,2,4,1
annotated_f284421de1e35dd6dc1ddaa3397cf219.jpg,2,5,1
annotated_f284421de1e35dd6dc1ddaa3397cf219.jpg,2,6,1
annotated_f284421de1e35dd6dc1ddaa3397cf219.jpg,2,7,1
annotated_f284421de1e35dd6dc1ddaa3397cf219.jpg,2,8,1
annotated_f284421de1e35dd6dc1ddaa3397cf219.jpg,3,1,0
annotated_f284421de1e35dd6dc1ddaa3397cf219.jpg,3,2,1
annotated_f284421de1e35dd6dc1ddaa3397cf219.jpg,3,3,1
annotated_f284421de1e35dd6dc1ddaa3397cf219.jpg,3,4,1
annotated_f284421de1e35dd6dc1ddaa3397cf219.jpg,3,5,1
annotated_f284421de1e35dd6dc1ddaa3397cf219.jpg,3,6,1
annotated_f284421de1e35dd6dc1ddaa3397cf219.jpg,3,7,1
annotated_f284421de1e35dd6dc1ddaa3397cf219.jpg,3,8,1
annotated_f284421de1e35dd6dc1ddaa3397cf219.jpg,4,1,0
annotated_f284421de1e35dd6dc1ddaa3397cf219.jpg,4,2,1
annotated_f284421de1e35dd6dc1ddaa3397cf219.jpg,4,3,1
annotated_f284421de1e35dd6dc1ddaa3397cf219.jpg,4,4,1
annotated_f284421de1e35dd6dc1ddaa3397cf219.jpg,4,5,1
annotated_f284421de1e35dd6dc1ddaa3397cf219.jpg,4,6,1
annotated_f284421de1e35dd6dc1ddaa3397cf219.jpg,4,7,1
annotated_f284421de1e35dd6dc1ddaa3397cf219.jpg,4,8,1
annotated_f284421de1e35dd6dc1ddaa3397cf219.jpg,5,1,0
annotated_f284421de1e35dd6dc1ddaa3397cf219.jpg,5,2,1
annotated_f284421de1e35dd6dc1ddaa3397cf219.jpg,5,3,1
annotated_f284421de1e35dd6dc1ddaa3397cf219.jpg,5,4,1
annotated_f284421de1e35dd6dc1ddaa3397cf219.jpg,5,5,1
annotated_f284421de1e35dd6dc1ddaa3397cf219.jpg,5,6,1
annotated_f284421de1e35dd6dc1ddaa3397cf219.jpg,5,7,1
annotated_f284421de1e35dd6dc1ddaa3397cf219.jpg,5,8,1
annotated_f284421de1e35dd6dc1ddaa3397cf219.jpg,6,1,0
annotated_f284421de1e35dd6dc1ddaa3397cf219.jpg,6,2,0
annotated_f284421de1e35dd6dc1ddaa3397cf219.jpg,6,3,1
annotated_f284421de1e35dd6dc1ddaa3397cf219.jpg,6,4,1
annotated_f284421de1e35dd6dc1ddaa3397cf219.jpg,6,5,1
annotated_f284421de1e35dd6dc1ddaa3397cf219.jpg,6,6,1
annotated_f284421de1e35dd6dc1ddaa3397cf219.jpg,6,7,1
annotated_f284421de1e35dd6dc1ddaa3397cf219.jpg,6,8,1
annotated_f284421de1e35dd6dc1ddaa3397cf219.jpg,7,1,0
annotated_f284421de1e35dd6dc1ddaa3397cf219.jpg,7,2,0
annotated_f284421de1e35dd6dc1ddaa3397cf219.jpg,7,3,1
annotated_f284421de1e35dd6dc1ddaa3397cf219.jpg,7,4,1
annotated_f284421de1e35dd6dc1ddaa3397cf219.jpg,7,5,1
annotated_f284421de1e35dd6dc1ddaa3397cf219.jpg,7,6,0
annotated_f284421de1e35dd6dc1ddaa3397cf219.jpg,7,7,0
annotated_f284421de1e35dd6dc1ddaa3397cf219.jpg,7,8,0
annotated_f284421de1e35dd6dc1ddaa3397cf219.jpg,8,1,0
annotated_f284421de1e35dd6dc1ddaa3397cf219.jpg,8,2,0
annotated_f284421de1e35dd6dc1ddaa3397cf219.jpg,8,3,0
annotated_f284421de1e35dd6dc1ddaa3397cf219.jpg,8,4,0
annotated_f284421de1e35dd6dc1ddaa3397cf219.jpg,8,5,0
annotated_f284421de1e35dd6dc1ddaa3397cf219.jpg,8,6,0
annotated_f284421de1e35dd6dc1ddaa3397cf219.jpg,8,7,0
annotated_f284421de1e35dd6dc1ddaa3397cf219.jpg,8,8,0
annotated_grade-red_2 (1).jpg,1,1,0
annotated_grade-red_2 (1).jpg,1,2,0
annotated_grade-red_2 (1).jpg,1,3,1
annotated_grade-red_2 (1).jpg,1,4,1
annotated_grade-red_2 (1).jpg,1,5,1
annotated_grade-red_2 (1).jpg,1,6,1
annotated_grade-red_2 (1).jpg,1,7,0
annotated_grade-red_2 (1).jpg,1,8,0
annotated_grade-red_2 (1).jpg,2,1,0
annotated_grade-red_2 (1).jpg,2,2,1
annotated_grade-red_2 (1).jpg,2,3,1
annotated_grade-red_2 (1).jpg,2,4,1
annotated_grade-red_2 (1).jpg,2,5,1
annotated_grade-red_2 (1).jpg,2,6,1
annotated_grade-red_2 (1).jpg,2,7,1
annotated_grade-red_2 (1).jpg,2,8,0
annotated_grade-red_2 (1).jpg,3,1,0
annotated_grade-red_2 (1).jpg,3,2,1
annotated_grade-red_2 (1).jpg,3,3,1
annotated_grade-red_2 (1).jpg,3,4,1
annotated_grade-red_2 (1).jpg,3,5,1
annotated_grade-red_2 (1).jpg,3,6,1
annotated_grade-red_2 (1).jpg,3,7,1
annotated_grade-red_2 (1).jpg,3,8,0
annotated_grade-red_2 (1).jpg,4,1,0
annotated_grade-red_2 (1).jpg,4,2,1
annotated_grade-red_2 (1).jpg,4,3,1
annotated_grade-red_2 (1).jpg,4,4,1
annotated_grade-red_2 (1).jpg,4,5,1
annotated_grade-red_2 (1).jpg,4,6,1
annotated_grade-red_2 (1).jpg,4,7,1
annotated_grade-red_2 (1).jpg,4,8,0
annotated_grade-red_2 (1).jpg,5,1,0
annotated_grade-red_2 (1).jpg,5,2,1
annotated_grade-red_2 (1).jpg,5,3,1
annotated_grade-red_2 (1).jpg,5,4,1
annotated_grade-red_2 (1).jpg,5,5,1
annotated_grade-red_2 (1).jpg,5,6,1
annotated_grade-red_2 (1).jpg,5,7,1
annotated_grade-red_2 (1).jpg,5,8,0
annotated_grade-red_2 (1).jpg,6,1,0
annotated_grade-red_2 (1).jpg,6,2,1
annotated_grade-red_2 (1).jpg,6,3,1
annotated_grade-red_2 (1).jpg,6,4,1
annotated_grade-red_2 (1).jpg,6,5,1
annotated_grade-red_2 (1).jpg,6,6,1
annotated_grade-red_2 (1).jpg,6,7,1
annotated_grade-red_2 (1).jpg,6,8,0
annotated_grade-red_2 (1).jpg,7,1,0
annotated_grade-red_2 (1).jpg,7,2,1
annotated_grade-red_2 (1).jpg,7,3,1
annotated_grade-red_2 (1).jpg,7,4,1
annotated_grade-red_2 (1).jpg,7,5,1
annotated_grade-red_2 (1).jpg,7,6,1
annotated_grade-red_2 (1).jpg,7,7,1
annotated_grade-red_2 (1).jpg,7,8,0
annotated_grade-red_2 (1).jpg,8,1,0
annotated_grade-red_2 (1).jpg,8,2,0
annotated_grade-red_2 (1).jpg,8,3,1
annotated_grade-red_2 (1).jpg,8,4,1
annotated_grade-red_2 (1).jpg,8,5,1
annotated_grade-red_2 (1).jpg,8,6,1
annotated_grade-red_2 (1).jpg,8,7,0
annotated_grade-red_2 (1).jpg,8,8,0
annotated_HD-wallpaper-cricket-bat-with-a-ball-on-the-grass-cricket-bat.jpg,1,1,1
annotated_HD-wallpaper-cricket-bat-with-a-ball-on-the-grass-cricket-bat.jpg,1,2,1
annotated_HD-wallpaper-cricket-bat-with-a-ball-on-the-grass-cricket-bat.jpg,1,3,1
annotated_HD-wallpaper-cricket-bat-with-a-ball-on-the-grass-cricket-bat.jpg,1,4,1
annotated_HD-wallpaper-cricket-bat-with-a-ball-on-the-grass-cricket-bat.jpg,1,5,1
annotated_HD-wallpaper-cricket-bat-with-a-ball-on-the-grass-cricket-bat.jpg,1,6,1
annotated_HD-wallpaper-cricket-bat-with-a-ball-on-the-grass-cricket-bat.jpg,1,7,1
annotated_HD-wallpaper-cricket-bat-with-a-ball-on-the-grass-cricket-bat.jpg,1,8,1
annotated_HD-wallpaper-cricket-bat-with-a-ball-on-the-grass-cricket-bat.jpg,2,1,1
annotated_HD-wallpaper-cricket-bat-with-a-ball-on-the-grass-cricket-bat.jpg,2,2,1
annotated_HD-wallpaper-cricket-bat-with-a-ball-on-the-grass-cricket-bat.jpg,2,3,1
annotated_HD-wallpaper-cricket-bat-with-a-ball-on-the-grass-cricket-bat.jpg,2,4,1
annotated_HD-wallpaper-cricket-bat-with-a-ball-on-the-grass-cricket-bat.jpg,2,5,1
annotated_HD-wallpaper-cricket-bat-with-a-ball-on-the-grass-cricket-bat.jpg,2,6,1
annotated_HD-wallpaper-cricket-bat-with-a-ball-on-the-grass-cricket-bat.jpg,2,7,1
annotated_HD-wallpaper-cricket-bat-with-a-ball-on-the-grass-cricket-bat.jpg,2,8,1
annotated_HD-wallpaper-cricket-bat-with-a-ball-on-the-grass-cricket-bat.jpg,3,1,1
annotated_HD-wallpaper-cricket-bat-with-a-ball-on-the-grass-cricket-bat.jpg,3,2,1
annotated_HD-wallpaper-cricket-bat-with-a-ball-on-the-grass-cricket-bat.jpg,3,3,1
annotated_HD-wallpaper-cricket-bat-with-a-ball-on-the-grass-cricket-bat.jpg,3,4,1
annotated_HD-wallpaper-cricket-bat-with-a-ball-on-the-grass-cricket-bat.jpg,3,5,1
annotated_HD-wallpaper-cricket-bat-with-a-ball-on-the-grass-cricket-bat.jpg,3,6,1
annotated_HD-wallpaper-cricket-bat-with-a-ball-on-the-grass-cricket-bat.jpg,3,7,1
annotated_HD-wallpaper-cricket-bat-with-a-ball-on-the-grass-cricket-bat.jpg,3,8,1
annotated_HD-wallpaper-cricket-bat-with-a-ball-on-the-grass-cricket-bat.jpg,4,1,1
annotated_HD-wallpaper-cricket-bat-with-a-ball-on-the-grass-cricket-bat.jpg,4,2,1
annotated_HD-wallpaper-cricket-bat-with-a-ball-on-the-grass-cricket-bat.jpg,4,3,1
annotated_HD-wallpaper-cricket-bat-with-a-ball-on-the-grass-cricket-bat.jpg,4,4,1
annotated_HD-wallpaper-cricket-bat-with-a-ball-on-the-grass-cricket-bat.jpg,4,5,1
annotated_HD-wallpaper-cricket-bat-with-a-ball-on-the-grass-cricket-bat.jpg,4,6,1
annotated_HD-wallpaper-cricket-bat-with-a-ball-on-the-grass-cricket-bat.jpg,4,7,1
annotated_HD-wallpaper-cricket-bat-with-a-ball-on-the-grass-cricket-bat.jpg,4,8,1
annotated_HD-wallpaper-cricket-bat-with-a-ball-on-the-grass-cricket-bat.jpg,5,1,1
annotated_HD-wallpaper-cricket-bat-with-a-ball-on-the-grass-cricket-bat.jpg,5,2,1
annotated_HD-wallpaper-cricket-bat-with-a-ball-on-the-grass-cricket-bat.jpg,5,3,1
annotated_HD-wallpaper-cricket-bat-with-a-ball-on-the-grass-cricket-bat.jpg,5,4,1
annotated_HD-wallpaper-cricket-bat-with-a-ball-on-the-grass-cricket-bat.jpg,5,5,1
annotated_HD-wallpaper-cricket-bat-with-a-ball-on-the-grass-cricket-bat.jpg,5,6,1
annotated_HD-wallpaper-cricket-bat-with-a-ball-on-the-grass-cricket-bat.jpg,5,7,1
annotated_HD-wallpaper-cricket-bat-with-a-ball-on-the-grass-cricket-bat.jpg,5,8,1
annotated_HD-wallpaper-cricket-bat-with-a-ball-on-the-grass-cricket-bat.jpg,6,1,1
annotated_HD-wallpaper-cricket-bat-with-a-ball-on-the-grass-cricket-bat.jpg,6,2,1
annotated_HD-wallpaper-cricket-bat-with-a-ball-on-the-grass-cricket-bat.jpg,6,3,1
annotated_HD-wallpaper-cricket-bat-with-a-ball-on-the-grass-cricket-bat.jpg,6,4,1
annotated_HD-wallpaper-cricket-bat-with-a-ball-on-the-grass-cricket-bat.jpg,6,5,1
annotated_HD-wallpaper-cricket-bat-with-a-ball-on-the-grass-cricket-bat.jpg,6,6,1
annotated_HD-wallpaper-cricket-bat-with-a-ball-on-the-grass-cricket-bat.jpg,6,7,1
annotated_HD-wallpaper-cricket-bat-with-a-ball-on-the-grass-cricket-bat.jpg,6,8,1
annotated_HD-wallpaper-cricket-bat-with-a-ball-on-the-grass-cricket-bat.jpg,7,1,1
annotated_HD-wallpaper-cricket-bat-with-a-ball-on-the-grass-cricket-bat.jpg,7,2,1
annotated_HD-wallpaper-cricket-bat-with-a-ball-on-the-grass-cricket-bat.jpg,7,3,1
annotated_HD-wallpaper-cricket-bat-with-a-ball-on-the-grass-cricket-bat.jpg,7,4,1
annotated_HD-wallpaper-cricket-bat-with-a-ball-on-the-grass-cricket-bat.jpg,7,5,1
annotated_HD-wallpaper-cricket-bat-with-a-ball-on-the-grass-cricket-bat.jpg,7,6,1
annotated_HD-wallpaper-cricket-bat-with-a-ball-on-the-grass-cricket-bat.jpg,7,7,1
annotated_HD-wallpaper-cricket-bat-with-a-ball-on-the-grass-cricket-bat.jpg,7,8,1
annotated_HD-wallpaper-cricket-bat-with-a-ball-on-the-grass-cricket-bat.jpg,8,1,1
annotated_HD-wallpaper-cricket-bat-with-a-ball-on-the-grass-cricket-bat.jpg,8,2,1
annotated_HD-wallpaper-cricket-bat-with-a-ball-on-the-grass-cricket-bat.jpg,8,3,1
annotated_HD-wallpaper-cricket-bat-with-a-ball-on-the-grass-cricket-bat.jpg,8,4,1
annotated_HD-wallpaper-cricket-bat-with-a-ball-on-the-grass-cricket-bat.jpg,8,5,1
annotated_HD-wallpaper-cricket-bat-with-a-ball-on-the-grass-cricket-bat.jpg,8,6,1
annotated_HD-wallpaper-cricket-bat-with-a-ball-on-the-grass-cricket-bat.jpg,8,7,1
annotated_HD-wallpaper-cricket-bat-with-a-ball-on-the-grass-cricket-bat.jpg,8,8,1
annotated_HD-wallpaper-cricket-ka-ball-on-the-bat-cricket-ka-bat-ball-ground.jpg,1,1,0
annotated_HD-wallpaper-cricket-ka-ball-on-the-bat-cricket-ka-bat-ball-ground.jpg,1,2,0
annotated_HD-wallpaper-cricket-ka-ball-on-the-bat-cricket-ka-bat-ball-ground.jpg,1,3,0
annotated_HD-wallpaper-cricket-ka-ball-on-the-bat-cricket-ka-bat-ball-ground.jpg,1,4,0
annotated_HD-wallpaper-cricket-ka-ball-on-the-bat-cricket-ka-bat-ball-ground.jpg,1,5,0
annotated_HD-wallpaper-cricket-ka-ball-on-the-bat-cricket-ka-bat-ball-ground.jpg,1,6,0
annotated_HD-wallpaper-cricket-ka-ball-on-the-bat-cricket-ka-bat-ball-ground.jpg,1,7,0
annotated_HD-wallpaper-cricket-ka-ball-on-the-bat-cricket-ka-bat-ball-ground.jpg,1,8,0
annotated_HD-wallpaper-cricket-ka-ball-on-the-bat-cricket-ka-bat-ball-ground.jpg,2,1,0
annotated_HD-wallpaper-cricket-ka-ball-on-the-bat-cricket-ka-bat-ball-ground.jpg,2,2,0
annotated_HD-wallpaper-cricket-ka-ball-on-the-bat-cricket-ka-bat-ball-ground.jpg,2,3,0
annotated_HD-wallpaper-cricket-ka-ball-on-the-bat-cricket-ka-bat-ball-ground.jpg,2,4,1
annotated_HD-wallpaper-cricket-ka-ball-on-the-bat-cricket-ka-bat-ball-ground.jpg,2,5,1
annotated_HD-wallpaper-cricket-ka-ball-on-the-bat-cricket-ka-bat-ball-ground.jpg,2,6,0
annotated_HD-wallpaper-cricket-ka-ball-on-the-bat-cricket-ka-bat-ball-ground.jpg,2,7,0
annotated_HD-wallpaper-cricket-ka-ball-on-the-bat-cricket-ka-bat-ball-ground.jpg,2,8,0
annotated_HD-wallpaper-cricket-ka-ball-on-the-bat-cricket-ka-bat-ball-ground.jpg,3,1,0
annotated_HD-wallpaper-cricket-ka-ball-on-the-bat-cricket-ka-bat-ball-ground.jpg,3,2,0
annotated_HD-wallpaper-cricket-ka-ball-on-the-bat-cricket-ka-bat-ball-ground.jpg,3,3,1
annotated_HD-wallpaper-cricket-ka-ball-on-the-bat-cricket-ka-bat-ball-ground.jpg,3,4,1
annotated_HD-wallpaper-cricket-ka-ball-on-the-bat-cricket-ka-bat-ball-ground.jpg,3,5,1
annotated_HD-wallpaper-cricket-ka-ball-on-the-bat-cricket-ka-bat-ball-ground.jpg,3,6,1
annotated_HD-wallpaper-cricket-ka-ball-on-the-bat-cricket-ka-bat-ball-ground.jpg,3,7,0
annotated_HD-wallpaper-cricket-ka-ball-on-the-bat-cricket-ka-bat-ball-ground.jpg,3,8,0
annotated_HD-wallpaper-cricket-ka-ball-on-the-bat-cricket-ka-bat-ball-ground.jpg,4,1,0
annotated_HD-wallpaper-cricket-ka-ball-on-the-bat-cricket-ka-bat-ball-ground.jpg,4,2,0
annotated_HD-wallpaper-cricket-ka-ball-on-the-bat-cricket-ka-bat-ball-ground.jpg,4,3,1
annotated_HD-wallpaper-cricket-ka-ball-on-the-bat-cricket-ka-bat-ball-ground.jpg,4,4,1
annotated_HD-wallpaper-cricket-ka-ball-on-the-bat-cricket-ka-bat-ball-ground.jpg,4,5,1
annotated_HD-wallpaper-cricket-ka-ball-on-the-bat-cricket-ka-bat-ball-ground.jpg,4,6,1
annotated_HD-wallpaper-cricket-ka-ball-on-the-bat-cricket-ka-bat-ball-ground.jpg,4,7,0
annotated_HD-wallpaper-cricket-ka-ball-on-the-bat-cricket-ka-bat-ball-ground.jpg,4,8,0
annotated_HD-wallpaper-cricket-ka-ball-on-the-bat-cricket-ka-bat-ball-ground.jpg,5,1,0
annotated_HD-wallpaper-cricket-ka-ball-on-the-bat-cricket-ka-bat-ball-ground.jpg,5,2,0
annotated_HD-wallpaper-cricket-ka-ball-on-the-bat-cricket-ka-bat-ball-ground.jpg,5,3,1
annotated_HD-wallpaper-cricket-ka-ball-on-the-bat-cricket-ka-bat-ball-ground.jpg,5,4,1
annotated_HD-wallpaper-cricket-ka-ball-on-the-bat-cricket-ka-bat-ball-ground.jpg,5,5,1
annotated_HD-wallpaper-cricket-ka-ball-on-the-bat-cricket-ka-bat-ball-ground.jpg,5,6,1
annotated_HD-wallpaper-cricket-ka-ball-on-the-bat-cricket-ka-bat-ball-ground.jpg,5,7,0
annotated_HD-wallpaper-cricket-ka-ball-on-the-bat-cricket-ka-bat-ball-ground.jpg,5,8,0
annotated_HD-wallpaper-cricket-ka-ball-on-the-bat-cricket-ka-bat-ball-ground.jpg,6,1,2
annotated_HD-wallpaper-cricket-ka-ball-on-the-bat-cricket-ka-bat-ball-ground.jpg,6,2,2
annotated_HD-wallpaper-cricket-ka-ball-on-the-bat-cricket-ka-bat-ball-ground.jpg,6,3,1
annotated_HD-wallpaper-cricket-ka-ball-on-the-bat-cricket-ka-bat-ball-ground.jpg,6,4,1
annotated_HD-wallpaper-cricket-ka-ball-on-the-bat-cricket-ka-bat-ball-ground.jpg,6,5,1
annotated_HD-wallpaper-cricket-ka-ball-on-the-bat-cricket-ka-bat-ball-ground.jpg,6,6,1
annotated_HD-wallpaper-cricket-ka-ball-on-the-bat-cricket-ka-bat-ball-ground.jpg,6,7,2
annotated_HD-wallpaper-cricket-ka-ball-on-the-bat-cricket-ka-bat-ball-ground.jpg,6,8,2
annotated_HD-wallpaper-cricket-ka-ball-on-the-bat-cricket-ka-bat-ball-ground.jpg,7,1,2
annotated_HD-wallpaper-cricket-ka-ball-on-the-bat-cricket-ka-bat-ball-ground.jpg,7,2,2
annotated_HD-wallpaper-cricket-ka-ball-on-the-bat-cricket-ka-bat-ball-ground.jpg,7,3,2
annotated_HD-wallpaper-cricket-ka-ball-on-the-bat-cricket-ka-bat-ball-ground.jpg,7,4,1
annotated_HD-wallpaper-cricket-ka-ball-on-the-bat-cricket-ka-bat-ball-ground.jpg,7,5,1
annotated_HD-wallpaper-cricket-ka-ball-on-the-bat-cricket-ka-bat-ball-ground.jpg,7,6,1
annotated_HD-wallpaper-cricket-ka-ball-on-the-bat-cricket-ka-bat-ball-ground.jpg,7,7,2
annotated_HD-wallpaper-cricket-ka-ball-on-the-bat-cricket-ka-bat-ball-ground.jpg,7,8,2
annotated_HD-wallpaper-cricket-ka-ball-on-the-bat-cricket-ka-bat-ball-ground.jpg,8,1,2
annotated_HD-wallpaper-cricket-ka-ball-on-the-bat-cricket-ka-bat-ball-ground.jpg,8,2,2
annotated_HD-wallpaper-cricket-ka-ball-on-the-bat-cricket-ka-bat-ball-ground.jpg,8,3,2
annotated_HD-wallpaper-cricket-ka-ball-on-the-bat-cricket-ka-bat-ball-ground.jpg,8,4,2
annotated_HD-wallpaper-cricket-ka-ball-on-the-bat-cricket-ka-bat-ball-ground.jpg,8,5,2
annotated_HD-wallpaper-cricket-ka-ball-on-the-bat-cricket-ka-bat-ball-ground.jpg,8,6,2
annotated_HD-wallpaper-cricket-ka-ball-on-the-bat-cricket-ka-bat-ball-ground.jpg,8,7,2
annotated_HD-wallpaper-cricket-ka-ball-on-the-bat-cricket-ka-bat-ball-ground.jpg,8,8,2
annotated_il_570xN.4270203230_ghiy.jpg,1,1,0
annotated_il_570xN.4270203230_ghiy.jpg,1,2,0
annotated_il_570xN.4270203230_ghiy.jpg,1,3,1
annotated_il_570xN.4270203230_ghiy.jpg,1,4,1
annotated_il_570xN.4270203230_ghiy.jpg,1,5,1
annotated_il_570xN.4270203230_ghiy.jpg,1,6,1
annotated_il_570xN.4270203230_ghiy.jpg,1,7,0
annotated_il_570xN.4270203230_ghiy.jpg,1,8,0
annotated_il_570xN.4270203230_ghiy.jpg,2,1,0
annotated_il_570xN.4270203230_ghiy.jpg,2,2,1
annotated_il_570xN.4270203230_ghiy.jpg,2,3,1
annotated_il_570xN.4270203230_ghiy.jpg,2,4,1
annotated_il_570xN.4270203230_ghiy.jpg,2,5,1
annotated_il_570xN.4270203230_ghiy.jpg,2,6,1
annotated_il_570xN.4270203230_ghiy.jpg,2,7,1
annotated_il_570xN.4270203230_ghiy.jpg,2,8,0
annotated_il_570xN.4270203230_ghiy.jpg,3,1,0
annotated_il_570xN.4270203230_ghiy.jpg,3,2,1
annotated_il_570xN.4270203230_ghiy.jpg,3,3,1
annotated_il_570xN.4270203230_ghiy.jpg,3,4,1
annotated_il_570xN.4270203230_ghiy.jpg,3,5,1
annotated_il_570xN.4270203230_ghiy.jpg,3,6,1
annotated_il_570xN.4270203230_ghiy.jpg,3,7,1
annotated_il_570xN.4270203230_ghiy.jpg,3,8,0
annotated_il_570xN.4270203230_ghiy.jpg,4,1,0
annotated_il_570xN.4270203230_ghiy.jpg,4,2,1
annotated_il_570xN.4270203230_ghiy.jpg,4,3,1
annotated_il_570xN.4270203230_ghiy.jpg,4,4,1
annotated_il_570xN.4270203230_ghiy.jpg,4,5,1
annotated_il_570xN.4270203230_ghiy.jpg,4,6,1
annotated_il_570xN.4270203230_ghiy.jpg,4,7,1
annotated_il_570xN.4270203230_ghiy.jpg,4,8,0
annotated_il_570xN.4270203230_ghiy.jpg,5,1,0
annotated_il_570xN.4270203230_ghiy.jpg,5,2,1
annotated_il_570xN.4270203230_ghiy.jpg,5,3,1
annotated_il_570xN.4270203230_ghiy.jpg,5,4,1
annotated_il_570xN.4270203230_ghiy.jpg,5,5,1
annotated_il_570xN.4270203230_ghiy.jpg,5,6,1
annotated_il_570xN.4270203230_ghiy.jpg,5,7,1
annotated_il_570xN.4270203230_ghiy.jpg,5,8,0
annotated_il_570xN.4270203230_ghiy.jpg,6,1,0
annotated_il_570xN.4270203230_ghiy.jpg,6,2,1
annotated_il_570xN.4270203230_ghiy.jpg,6,3,1
annotated_il_570xN.4270203230_ghiy.jpg,6,4,1
annotated_il_570xN.4270203230_ghiy.jpg,6,5,1
annotated_il_570xN.4270203230_ghiy.jpg,6,6,1
annotated_il_570xN.4270203230_ghiy.jpg,6,7,1
annotated_il_570xN.4270203230_ghiy.jpg,6,8,0
annotated_il_570xN.4270203230_ghiy.jpg,7,1,0
annotated_il_570xN.4270203230_ghiy.jpg,7,2,1
annotated_il_570xN.4270203230_ghiy.jpg,7,3,1
annotated_il_570xN.4270203230_ghiy.jpg,7,4,1
annotated_il_570xN.4270203230_ghiy.jpg,7,5,1
annotated_il_570xN.4270203230_ghiy.jpg,7,6,1
annotated_il_570xN.4270203230_ghiy.jpg,7,7,1
annotated_il_570xN.4270203230_ghiy.jpg,7,8,0
annotated_il_570xN.4270203230_ghiy.jpg,8,1,0
annotated_il_570xN.4270203230_ghiy.jpg,8,2,0
annotated_il_570xN.4270203230_ghiy.jpg,8,3,1
annotated_il_570xN.4270203230_ghiy.jpg,8,4,1
annotated_il_570xN.4270203230_ghiy.jpg,8,5,1
annotated_il_570xN.4270203230_ghiy.jpg,8,6,1
annotated_il_570xN.4270203230_ghiy.jpg,8,7,0
annotated_il_570xN.4270203230_ghiy.jpg,8,8,0
annotated_images - 2025-11-15T221726.015.jpg,1,1,1
annotated_images - 2025-11-15T221726.015.jpg,1,2,1
annotated_images - 2025-11-15T221726.015.jpg,1,3,1
annotated_images - 2025-11-15T221726.015.jpg,1,4,1
annotated_images - 2025-11-15T221726.015.jpg,1,5,1
annotated_images - 2025-11-15T221726.015.jpg,1,6,1
annotated_images - 2025-11-15T221726.015.jpg,1,7,1
annotated_images - 2025-11-15T221726.015.jpg,1,8,0
annotated_images - 2025-11-15T221726.015.jpg,2,1,1
annotated_images - 2025-11-15T221726.015.jpg,2,2,1
annotated_images - 2025-11-15T221726.015.jpg,2,3,1
annotated_images - 2025-11-15T221726.015.jpg,2,4,1
annotated_images - 2025-11-15T221726.015.jpg,2,5,1
annotated_images - 2025-11-15T221726.015.jpg,2,6,1
annotated_images - 2025-11-15T221726.015.jpg,2,7,1
annotated_images - 2025-11-15T221726.015.jpg,2,8,1
annotated_images - 2025-11-15T221726.015.jpg,3,1,1
annotated_images - 2025-11-15T221726.015.jpg,3,2,1
annotated_images - 2025-11-15T221726.015.jpg,3,3,1
annotated_images - 2025-11-15T221726.015.jpg,3,4,1
annotated_images - 2025-11-15T221726.015.jpg,3,5,1
annotated_images - 2025-11-15T221726.015.jpg,3,6,1
annotated_images - 2025-11-15T221726.015.jpg,3,7,1
annotated_images - 2025-11-15T221726.015.jpg,3,8,1
annotated_images - 2025-11-15T221726.015.jpg,4,1,1
annotated_images - 2025-11-15T221726.015.jpg,4,2,1
annotated_images - 2025-11-15T221726.015.jpg,4,3,1
annotated_images - 2025-11-15T221726.015.jpg,4,4,1
annotated_images - 2025-11-15T221726.015.jpg,4,5,1
annotated_images - 2025-11-15T221726.015.jpg,4,6,1
annotated_images - 2025-11-15T221726.015.jpg,4,7,1
annotated_images - 2025-11-15T221726.015.jpg,4,8,1
annotated_images - 2025-11-15T221726.015.jpg,5,1,1
annotated_images - 2025-11-15T221726.015.jpg,5,2,1
annotated_images - 2025-11-15T221726.015.jpg,5,3,1
annotated_images - 2025-11-15T221726.015.jpg,5,4,1
annotated_images - 2025-11-15T221726.015.jpg,5,5,1
annotated_images - 2025-11-15T221726.015.jpg,5,6,1
annotated_images - 2025-11-15T221726.015.jpg,5,7,1
annotated_images - 2025-11-15T221726.015.jpg,5,8,1
annotated_images - 2025-11-15T221726.015.jpg,6,1,1
annotated_images - 2025-11-15T221726.015.jpg,6,2,1
annotated_images - 2025-11-15T221726.015.jpg,6,3,1
annotated_images - 2025-11-15T221726.015.jpg,6,4,1
annotated_images - 2025-11-15T221726.015.jpg,6,5,1
annotated_images - 2025-11-15T221726.015.jpg,6,6,1
annotated_images - 2025-11-15T221726.015.jpg,6,7,1
annotated_images - 2025-11-15T221726.015.jpg,6,8,1
annotated_images - 2025-11-15T221726.015.jpg,7,1,1
annotated_images - 2025-11-15T221726.015.jpg,7,2,1
annotated_images - 2025-11-15T221726.015.jpg,7,3,1
annotated_images - 2025-11-15T221726.015.jpg,7,4,1
annotated_images - 2025-11-15T221726.015.jpg,7,5,1
annotated_images - 2025-11-15T221726.015.jpg,7,6,1
annotated_images - 2025-11-15T221726.015.jpg,7,7,1
annotated_images - 2025-11-15T221726.015.jpg,7,8,1
annotated_images - 2025-11-15T221726.015.jpg,8,1,0
annotated_images - 2025-11-15T221726.015.jpg,8,2,1
annotated_images - 2025-11-15T221726.015.jpg,8,3,1
annotated_images - 2025-11-15T221726.015.jpg,8,4,1
annotated_images - 2025-11-15T221726.015.jpg,8,5,1
annotated_images - 2025-11-15T221726.015.jpg,8,6,1
annotated_images - 2025-11-15T221726.015.jpg,8,7,1
annotated_images - 2025-11-15T221726.015.jpg,8,8,0
annotated_images - 2025-11-15T221726.045.jpg,1,1,0
annotated_images - 2025-11-15T221726.045.jpg,1,2,0
annotated_images - 2025-11-15T221726.045.jpg,1,3,1
annotated_images - 2025-11-15T221726.045.jpg,1,4,1
annotated_images - 2025-11-15T221726.045.jpg,1,5,1
annotated_images - 2025-11-15T221726.045.jpg,1,6,0
annotated_images - 2025-11-15T221726.045.jpg,1,7,0
annotated_images - 2025-11-15T221726.045.jpg,1,8,0
annotated_images - 2025-11-15T221726.045.jpg,2,1,0
annotated_images - 2025-11-15T221726.045.jpg,2,2,0
annotated_images - 2025-11-15T221726.045.jpg,2,3,1
annotated_images - 2025-11-15T221726.045.jpg,2,4,1
annotated_images - 2025-11-15T221726.045.jpg,2,5,1
annotated_images - 2025-11-15T221726.045.jpg,2,6,0
annotated_images - 2025-11-15T221726.045.jpg,2,7,0
annotated_images - 2025-11-15T221726.045.jpg,2,8,0
annotated_images - 2025-11-15T221726.045.jpg,3,1,0
annotated_images - 2025-11-15T221726.045.jpg,3,2,0
annotated_images - 2025-11-15T221726.045.jpg,3,3,1
annotated_images - 2025-11-15T221726.045.jpg,3,4,1
annotated_images - 2025-11-15T221726.045.jpg,3,5,1
annotated_images - 2025-11-15T221726.045.jpg,3,6,0
annotated_images - 2025-11-15T221726.045.jpg,3,7,0
annotated_images - 2025-11-15T221726.045.jpg,3,8,0
annotated_images - 2025-11-15T221726.045.jpg,4,1,0
annotated_images - 2025-11-15T221726.045.jpg,4,2,0
annotated_images - 2025-11-15T221726.045.jpg,4,3,1
annotated_images - 2025-11-15T221726.045.jpg,4,4,1
annotated_images - 2025-11-15T221726.045.jpg,4,5,1
annotated_images - 2025-11-15T221726.045.jpg,4,6,0
annotated_images - 2025-11-15T221726.045.jpg,4,7,0
annotated_images - 2025-11-15T221726.045.jpg,4,8,0
annotated_images - 2025-11-15T221726.045.jpg,5,1,0
annotated_images - 2025-11-15T221726.045.jpg,5,2,0
annotated_images - 2025-11-15T221726.045.jpg,5,3,0
annotated_images - 2025-11-15T221726.045.jpg,5,4,0
annotated_images - 2025-11-15T221726.045.jpg,5,5,0
annotated_images - 2025-11-15T221726.045.jpg,5,6,0
annotated_images - 2025-11-15T221726.045.jpg,5,7,0
annotated_images - 2025-11-15T221726.045.jpg,5,8,0
annotated_images - 2025-11-15T221726.045.jpg,6,1,0
annotated_images - 2025-11-15T221726.045.jpg,6,2,0
annotated_images - 2025-11-15T221726.045.jpg,6,3,0
annotated_images - 2025-11-15T221726.045.jpg,6,4,0
annotated_images - 2025-11-15T221726.045.jpg,6,5,0
annotated_images - 2025-11-15T221726.045.jpg,6,6,0
annotated_images - 2025-11-15T221726.045.jpg,6,7,0
annotated_images - 2025-11-15T221726.045.jpg,6,8,0
annotated_images - 2025-11-15T221726.045.jpg,7,1,0
annotated_images - 2025-11-15T221726.045.jpg,7,2,0
annotated_images - 2025-11-15T221726.045.jpg,7,3,0
annotated_images - 2025-11-15T221726.045.jpg,7,4,0
annotated_images - 2025-11-15T221726.045.jpg,7,5,0
annotated_images - 2025-11-15T221726.045.jpg,7,6,0
annotated_images - 2025-11-15T221726.045.jpg,7,7,0
annotated_images - 2025-11-15T221726.045.jpg,7,8,0
annotated_images - 2025-11-15T221726.045.jpg,8,1,0
annotated_images - 2025-11-15T221726.045.jpg,8,2,0
annotated_images - 2025-11-15T221726.045.jpg,8,3,0
annotated_images - 2025-11-15T221726.045.jpg,8,4,0
annotated_images - 2025-11-15T221726.045.jpg,8,5,0
annotated_images - 2025-11-15T221726.045.jpg,8,6,0
annotated_images - 2025-11-15T221726.045.jpg,8,7,0
annotated_images - 2025-11-15T221726.045.jpg,8,8,0
annotated_images - 2025-11-15T221726.071.jpg,1,1,0
annotated_images - 2025-11-15T221726.071.jpg,1,2,1
annotated_images - 2025-11-15T221726.071.jpg,1,3,1
annotated_images - 2025-11-15T221726.071.jpg,1,4,1
annotated_images - 2025-11-15T221726.071.jpg,1,5,1
annotated_images - 2025-11-15T221726.071.jpg,1,6,1
annotated_images - 2025-11-15T221726.071.jpg,1,7,1
annotated_images - 2025-11-15T221726.071.jpg,1,8,0
annotated_images - 2025-11-15T221726.071.jpg,2,1,0
annotated_images - 2025-11-15T221726.071.jpg,2,2,1
annotated_images - 2025-11-15T221726.071.jpg,2,3,1
annotated_images - 2025-11-15T221726.071.jpg,2,4,1
annotated_images - 2025-11-15T221726.071.jpg,2,5,1
annotated_images - 2025-11-15T221726.071.jpg,2,6,1
annotated_images - 2025-11-15T221726.071.jpg,2,7,1
annotated_images - 2025-11-15T221726.071.jpg,2,8,0
annotated_images - 2025-11-15T221726.071.jpg,3,1,1
annotated_images - 2025-11-15T221726.071.jpg,3,2,1
annotated_images - 2025-11-15T221726.071.jpg,3,3,1
annotated_images - 2025-11-15T221726.071.jpg,3,4,1
annotated_images - 2025-11-15T221726.071.jpg,3,5,1
annotated_images - 2025-11-15T221726.071.jpg,3,6,1
annotated_images - 2025-11-15T221726.071.jpg,3,7,1
annotated_images - 2025-11-15T221726.071.jpg,3,8,1
annotated_images - 2025-11-15T221726.071.jpg,4,1,1
annotated_images - 2025-11-15T221726.071.jpg,4,2,1
annotated_images - 2025-11-15T221726.071.jpg,4,3,1
annotated_images - 2025-11-15T221726.071.jpg,4,4,1
annotated_images - 2025-11-15T221726.071.jpg,4,5,1
annotated_images - 2025-11-15T221726.071.jpg,4,6,1
annotated_images - 2025-11-15T221726.071.jpg,4,7,1
annotated_images - 2025-11-15T221726.071.jpg,4,8,1
annotated_images - 2025-11-15T221726.071.jpg,5,1,1
annotated_images - 2025-11-15T221726.071.jpg,5,2,1
annotated_images - 2025-11-15T221726.071.jpg,5,3,1
annotated_images - 2025-11-15T221726.071.jpg,5,4,1
annotated_images - 2025-11-15T221726.071.jpg,5,5,1
annotated_images - 2025-11-15T221726.071.jpg,5,6,1
annotated_images - 2025-11-15T221726.071.jpg,5,7,1
annotated_images - 2025-11-15T221726.071.jpg,5,8,1
annotated_images - 2025-11-15T221726.071.jpg,6,1,1
annotated_images - 2025-11-15T221726.071.jpg,6,2,1
annotated_images - 2025-11-15T221726.071.jpg,6,3,1
annotated_images - 2025-11-15T221726.071.jpg,6,4,1
annotated_images - 2025-11-15T221726.071.jpg,6,5,1
annotated_images - 2025-11-15T221726.071.jpg,6,6,1
annotated_images - 2025-11-15T221726.071.jpg,6,7,1
annotated_images - 2025-11-15T221726.071.jpg,6,8,1
annotated_images - 2025-11-15T221726.071.jpg,7,1,1
annotated_images - 2025-11-15T221726.071.jpg,7,2,1
annotated_images - 2025-11-15T221726.071.jpg,7,3,1
annotated_images - 2025-11-15T221726.071.jpg,7,4,1
annotated_images - 2025-11-15T221726.071.jpg,7,5,1
annotated_images - 2025-11-15T221726.071.jpg,7,6,1
annotated_images - 2025-11-15T221726.071.jpg,7,7,1
annotated_images - 2025-11-15T221726.071.jpg,7,8,0
annotated_images - 2025-11-15T221726.071.jpg,8,1,0
annotated_images - 2025-11-15T221726.071.jpg,8,2,1
annotated_images - 2025-11-15T221726.071.jpg,8,3,1
annotated_images - 2025-11-15T221726.071.jpg,8,4,1
annotated_images - 2025-11-15T221726.071.jpg,8,5,1
annotated_images - 2025-11-15T221726.071.jpg,8,6,1
annotated_images - 2025-11-15T221726.071.jpg,8,7,1
annotated_images - 2025-11-15T221726.071.jpg,8,8,0
annotated_images - 2025-11-15T221726.130.jpg,1,1,0
annotated_images - 2025-11-15T221726.130.jpg,1,2,0
annotated_images - 2025-11-15T221726.130.jpg,1,3,0
annotated_images - 2025-11-15T221726.130.jpg,1,4,0
annotated_images - 2025-11-15T221726.130.jpg,1,5,0
annotated_images - 2025-11-15T221726.130.jpg,1,6,0
annotated_images - 2025-11-15T221726.130.jpg,1,7,0
annotated_images - 2025-11-15T221726.130.jpg,1,8,0
annotated_images - 2025-11-15T221726.130.jpg,2,1,0
annotated_images - 2025-11-15T221726.130.jpg,2,2,0
annotated_images - 2025-11-15T221726.130.jpg,2,3,0
annotated_images - 2025-11-15T221726.130.jpg,2,4,0
annotated_images - 2025-11-15T221726.130.jpg,2,5,0
annotated_images - 2025-11-15T221726.130.jpg,2,6,0
annotated_images - 2025-11-15T221726.130.jpg,2,7,0
annotated_images - 2025-11-15T221726.130.jpg,2,8,0
annotated_images - 2025-11-15T221726.130.jpg,3,1,0
annotated_images - 2025-11-15T221726.130.jpg,3,2,0
annotated_images - 2025-11-15T221726.130.jpg,3,3,0
annotated_images - 2025-11-15T221726.130.jpg,3,4,0
annotated_images - 2025-11-15T221726.130.jpg,3,5,0
annotated_images - 2025-11-15T221726.130.jpg,3,6,0
annotated_images - 2025-11-15T221726.130.jpg,3,7,0
annotated_images - 2025-11-15T221726.130.jpg,3,8,0
annotated_images - 2025-11-15T221726.130.jpg,4,1,0
annotated_images - 2025-11-15T221726.130.jpg,4,2,0
annotated_images - 2025-11-15T221726.130.jpg,4,3,0
annotated_images - 2025-11-15T221726.130.jpg,4,4,0
annotated_images - 2025-11-15T221726.130.jpg,4,5,0
annotated_images - 2025-11-15T221726.130.jpg,4,6,0
annotated_images - 2025-11-15T221726.130.jpg,4,7,0
annotated_images - 2025-11-15T221726.130.jpg,4,8,0
annotated_images - 2025-11-15T221726.130.jpg,5,1,0
annotated_images - 2025-11-15T221726.130.jpg,5,2,1
annotated_images - 2025-11-15T221726.130.jpg,5,3,1
annotated_images - 2025-11-15T221726.130.jpg,5,4,1
annotated_images - 2025-11-15T221726.130.jpg,5,5,1
annotated_images - 2025-11-15T221726.130.jpg,5,6,0
annotated_images - 2025-11-15T221726.130.jpg,5,7,0
annotated_images - 2025-11-15T221726.130.jpg,5,8,0
annotated_images - 2025-11-15T221726.130.jpg,6,1,0
annotated_images - 2025-11-15T221726.130.jpg,6,2,1
annotated_images - 2025-11-15T221726.130.jpg,6,3,1
annotated_images - 2025-11-15T221726.130.jpg,6,4,1
annotated_images - 2025-11-15T221726.130.jpg,6,5,1
annotated_images - 2025-11-15T221726.130.jpg,6,6,1
annotated_images - 2025-11-15T221726.130.jpg,6,7,0
annotated_images - 2025-11-15T221726.130.jpg,6,8,0
annotated_images - 2025-11-15T221726.130.jpg,7,1,0
annotated_images - 2025-11-15T221726.130.jpg,7,2,1
annotated_images - 2025-11-15T221726.130.jpg,7,3,1
annotated_images - 2025-11-15T221726.130.jpg,7,4,1
annotated_images - 2025-11-15T221726.130.jpg,7,5,1
annotated_images - 2025-11-15T221726.130.jpg,7,6,1
annotated_images - 2025-11-15T221726.130.jpg,7,7,0
annotated_images - 2025-11-15T221726.130.jpg,7,8,0
annotated_images - 2025-11-15T221726.130.jpg,8,1,0
annotated_images - 2025-11-15T221726.130.jpg,8,2,1
annotated_images - 2025-11-15T221726.130.jpg,8,3,1
annotated_images - 2025-11-15T221726.130.jpg,8,4,1
annotated_images - 2025-11-15T221726.130.jpg,8,5,1
annotated_images - 2025-11-15T221726.130.jpg,8,6,1
annotated_images - 2025-11-15T221726.130.jpg,8,7,0
annotated_images - 2025-11-15T221726.130.jpg,8,8,0
annotated_images - 2025-11-15T221726.155.jpg,1,1,0
annotated_images - 2025-11-15T221726.155.jpg,1,2,0
annotated_images - 2025-11-15T221726.155.jpg,1,3,0
annotated_images - 2025-11-15T221726.155.jpg,1,4,1
annotated_images - 2025-11-15T221726.155.jpg,1,5,1
annotated_images - 2025-11-15T221726.155.jpg,1,6,1
annotated_images - 2025-11-15T221726.155.jpg,1,7,1
annotated_images - 2025-11-15T221726.155.jpg,1,8,1
annotated_images - 2025-11-15T221726.155.jpg,2,1,1
annotated_images - 2025-11-15T221726.155.jpg,2,2,1
annotated_images - 2025-11-15T221726.155.jpg,2,3,1
annotated_images - 2025-11-15T221726.155.jpg,2,4,1
annotated_images - 2025-11-15T221726.155.jpg,2,5,1
annotated_images - 2025-11-15T221726.155.jpg,2,6,1
annotated_images - 2025-11-15T221726.155.jpg,2,7,1
annotated_images - 2025-11-15T221726.155.jpg,2,8,1
annotated_images - 2025-11-15T221726.155.jpg,3,1,1
annotated_images - 2025-11-15T221726.155.jpg,3,2,1
annotated_images - 2025-11-15T221726.155.jpg,3,3,1
annotated_images - 2025-11-15T221726.155.jpg,3,4,1
annotated_images - 2025-11-15T221726.155.jpg,3,5,1
annotated_images - 2025-11-15T221726.155.jpg,3,6,1
annotated_images - 2025-11-15T221726.155.jpg,3,7,1
annotated_images - 2025-11-15T221726.155.jpg,3,8,1
annotated_images - 2025-11-15T221726.155.jpg,4,1,1
annotated_images - 2025-11-15T221726.155.jpg,4,2,1
annotated_images - 2025-11-15T221726.155.jpg,4,3,1
annotated_images - 2025-11-15T221726.155.jpg,4,4,1
annotated_images - 2025-11-15T221726.155.jpg,4,5,1
annotated_images - 2025-11-15T221726.155.jpg,4,6,1
annotated_images - 2025-11-15T221726.155.jpg,4,7,1
annotated_images - 2025-11-15T221726.155.jpg,4,8,1
annotated_images - 2025-11-15T221726.155.jpg,5,1,1
annotated_images - 2025-11-15T221726.155.jpg,5,2,1
annotated_images - 2025-11-15T221726.155.jpg,5,3,1
annotated_images - 2025-11-15T221726.155.jpg,5,4,1
annotated_images - 2025-11-15T221726.155.jpg,5,5,1
annotated_images - 2025-11-15T221726.155.jpg,5,6,1
annotated_images - 2025-11-15T221726.155.jpg,5,7,1
annotated_images - 2025-11-15T221726.155.jpg,5,8,1
annotated_images - 2025-11-15T221726.155.jpg,6,1,1
annotated_images - 2025-11-15T221726.155.jpg,6,2,1
annotated_images - 2025-11-15T221726.155.jpg,6,3,1
annotated_images - 2025-11-15T221726.155.jpg,6,4,1
annotated_images - 2025-11-15T221726.155.jpg,6,5,1
annotated_images - 2025-11-15T221726.155.jpg,6,6,1
annotated_images - 2025-11-15T221726.155.jpg,6,7,1
annotated_images - 2025-11-15T221726.155.jpg,6,8,1
annotated_images - 2025-11-15T221726.155.jpg,7,1,1
annotated_images - 2025-11-15T221726.155.jpg,7,2,1
annotated_images - 2025-11-15T221726.155.jpg,7,3,1
annotated_images - 2025-11-15T221726.155.jpg,7,4,1
annotated_images - 2025-11-15T221726.155.jpg,7,5,1
annotated_images - 2025-11-15T221726.155.jpg,7,6,1
annotated_images - 2025-11-15T221726.155.jpg,7,7,1
annotated_images - 2025-11-15T221726.155.jpg,7,8,1
annotated_images - 2025-11-15T221726.155.jpg,8,1,1
annotated_images - 2025-11-15T221726.155.jpg,8,2,1
annotated_images - 2025-11-15T221726.155.jpg,8,3,1
annotated_images - 2025-11-15T221726.155.jpg,8,4,1
annotated_images - 2025-11-15T221726.155.jpg,8,5,1
annotated_images - 2025-11-15T221726.155.jpg,8,6,1
annotated_images - 2025-11-15T221726.155.jpg,8,7,1
annotated_images - 2025-11-15T221726.155.jpg,8,8,0
annotated_images - 2025-11-15T221726.166.jpg,1,1,0
annotated_images - 2025-11-15T221726.166.jpg,1,2,0
annotated_images - 2025-11-15T221726.166.jpg,1,3,1
annotated_images - 2025-11-15T221726.166.jpg,1,4,1
annotated_images - 2025-11-15T221726.166.jpg,1,5,1
annotated_images - 2025-11-15T221726.166.jpg,1,6,0
annotated_images - 2025-11-15T221726.166.jpg,1,7,0
annotated_images - 2025-11-15T221726.166.jpg,1,8,0
annotated_images - 2025-11-15T221726.166.jpg,2,1,0
annotated_images - 2025-11-15T221726.166.jpg,2,2,0
annotated_images - 2025-11-15T221726.166.jpg,2,3,1
annotated_images - 2025-11-15T221726.166.jpg,2,4,1
annotated_images - 2025-11-15T221726.166.jpg,2,5,1
annotated_images - 2025-11-15T221726.166.jpg,2,6,0
annotated_images - 2025-11-15T221726.166.jpg,2,7,0
annotated_images - 2025-11-15T221726.166.jpg,2,8,0
annotated_images - 2025-11-15T221726.166.jpg,3,1,0
annotated_images - 2025-11-15T221726.166.jpg,3,2,0
annotated_images - 2025-11-15T221726.166.jpg,3,3,1
annotated_images - 2025-11-15T221726.166.jpg,3,4,1
annotated_images - 2025-11-15T221726.166.jpg,3,5,1
annotated_images - 2025-11-15T221726.166.jpg,3,6,0
annotated_images - 2025-11-15T221726.166.jpg,3,7,0
annotated_images - 2025-11-15T221726.166.jpg,3,8,0
annotated_images - 2025-11-15T221726.166.jpg,4,1,0
annotated_images - 2025-11-15T221726.166.jpg,4,2,0
annotated_images - 2025-11-15T221726.166.jpg,4,3,1
annotated_images - 2025-11-15T221726.166.jpg,4,4,1
annotated_images - 2025-11-15T221726.166.jpg,4,5,1
annotated_images - 2025-11-15T221726.166.jpg,4,6,0
annotated_images - 2025-11-15T221726.166.jpg,4,7,0
annotated_images - 2025-11-15T221726.166.jpg,4,8,0
annotated_images - 2025-11-15T221726.166.jpg,5,1,0
annotated_images - 2025-11-15T221726.166.jpg,5,2,0
annotated_images - 2025-11-15T221726.166.jpg,5,3,0
annotated_images - 2025-11-15T221726.166.jpg,5,4,0
annotated_images - 2025-11-15T221726.166.jpg,5,5,0
annotated_images - 2025-11-15T221726.166.jpg,5,6,0
annotated_images - 2025-11-15T221726.166.jpg,5,7,0
annotated_images - 2025-11-15T221726.166.jpg,5,8,0
annotated_images - 2025-11-15T221726.166.jpg,6,1,0
annotated_images - 2025-11-15T221726.166.jpg,6,2,0
annotated_images - 2025-11-15T221726.166.jpg,6,3,0
annotated_images - 2025-11-15T221726.166.jpg,6,4,0
annotated_images - 2025-11-15T221726.166.jpg,6,5,0
annotated_images - 2025-11-15T221726.166.jpg,6,6,0
annotated_images - 2025-11-15T221726.166.jpg,6,7,0
annotated_images - 2025-11-15T221726.166.jpg,6,8,0
annotated_images - 2025-11-15T221726.166.jpg,7,1,0
annotated_images - 2025-11-15T221726.166.jpg,7,2,0
annotated_images - 2025-11-15T221726.166.jpg,7,3,0
annotated_images - 2025-11-15T221726.166.jpg,7,4,0
annotated_images - 2025-11-15T221726.166.jpg,7,5,0
annotated_images - 2025-11-15T221726.166.jpg,7,6,0
annotated_images - 2025-11-15T221726.166.jpg,7,7,0
annotated_images - 2025-11-15T221726.166.jpg,7,8,0
annotated_images - 2025-11-15T221726.166.jpg,8,1,0
annotated_images - 2025-11-15T221726.166.jpg,8,2,0
annotated_images - 2025-11-15T221726.166.jpg,8,3,0
annotated_images - 2025-11-15T221726.166.jpg,8,4,0
annotated_images - 2025-11-15T221726.166.jpg,8,5,0
annotated_images - 2025-11-15T221726.166.jpg,8,6,0
annotated_images - 2025-11-15T221726.166.jpg,8,7,0
annotated_images - 2025-11-15T221726.166.jpg,8,8,0
annotated_images - 2025-11-15T221726.189.jpg,1,1,0
annotated_images - 2025-11-15T221726.189.jpg,1,2,0
annotated_images - 2025-11-15T221726.189.jpg,1,3,1
annotated_images - 2025-11-15T221726.189.jpg,1,4,1
annotated_images - 2025-11-15T221726.189.jpg,1,5,1
annotated_images - 2025-11-15T221726.189.jpg,1,6,0
annotated_images - 2025-11-15T221726.189.jpg,1,7,0
annotated_images - 2025-11-15T221726.189.jpg,1,8,0
annotated_images - 2025-11-15T221726.189.jpg,2,1,0
annotated_images - 2025-11-15T221726.189.jpg,2,2,0
annotated_images - 2025-11-15T221726.189.jpg,2,3,1
annotated_images - 2025-11-15T221726.189.jpg,2,4,1
annotated_images - 2025-11-15T221726.189.jpg,2,5,1
annotated_images - 2025-11-15T221726.189.jpg,2,6,0
annotated_images - 2025-11-15T221726.189.jpg,2,7,0
annotated_images - 2025-11-15T221726.189.jpg,2,8,0
annotated_images - 2025-11-15T221726.189.jpg,3,1,0
annotated_images - 2025-11-15T221726.189.jpg,3,2,0
annotated_images - 2025-11-15T221726.189.jpg,3,3,1
annotated_images - 2025-11-15T221726.189.jpg,3,4,1
annotated_images - 2025-11-15T221726.189.jpg,3,5,1
annotated_images - 2025-11-15T221726.189.jpg,3,6,0
annotated_images - 2025-11-15T221726.189.jpg,3,7,0
annotated_images - 2025-11-15T221726.189.jpg,3,8,0
annotated_images - 2025-11-15T221726.189.jpg,4,1,0
annotated_images - 2025-11-15T221726.189.jpg,4,2,0
annotated_images - 2025-11-15T221726.189.jpg,4,3,1
annotated_images - 2025-11-15T221726.189.jpg,4,4,1
annotated_images - 2025-11-15T221726.189.jpg,4,5,1
annotated_images - 2025-11-15T221726.189.jpg,4,6,0
annotated_images - 2025-11-15T221726.189.jpg,4,7,0
annotated_images - 2025-11-15T221726.189.jpg,4,8,0
annotated_images - 2025-11-15T221726.189.jpg,5,1,0
annotated_images - 2025-11-15T221726.189.jpg,5,2,0
annotated_images - 2025-11-15T221726.189.jpg,5,3,0
annotated_images - 2025-11-15T221726.189.jpg,5,4,0
annotated_images - 2025-11-15T221726.189.jpg,5,5,0
annotated_images - 2025-11-15T221726.189.jpg,5,6,0
annotated_images - 2025-11-15T221726.189.jpg,5,7,0
annotated_images - 2025-11-15T221726.189.jpg,5,8,0
annotated_images - 2025-11-15T221726.189.jpg,6,1,0
annotated_images - 2025-11-15T221726.189.jpg,6,2,0
annotated_images - 2025-11-15T221726.189.jpg,6,3,0
annotated_images - 2025-11-15T221726.189.jpg,6,4,0
annotated_images - 2025-11-15T221726.189.jpg,6,5,0
annotated_images - 2025-11-15T221726.189.jpg,6,6,0
annotated_images - 2025-11-15T221726.189.jpg,6,7,0
annotated_images - 2025-11-15T221726.189.jpg,6,8,0
annotated_images - 2025-11-15T221726.189.jpg,7,1,0
annotated_images - 2025-11-15T221726.189.jpg,7,2,0
annotated_images - 2025-11-15T221726.189.jpg,7,3,0
annotated_images - 2025-11-15T221726.189.jpg,7,4,0
annotated_images - 2025-11-15T221726.189.jpg,7,5,0
annotated_images - 2025-11-15T221726.189.jpg,7,6,0
annotated_images - 2025-11-15T221726.189.jpg,7,7,0
annotated_images - 2025-11-15T221726.189.jpg,7,8,0
annotated_images - 2025-11-15T221726.189.jpg,8,1,0
annotated_images - 2025-11-15T221726.189.jpg,8,2,0
annotated_images - 2025-11-15T221726.189.jpg,8,3,0
annotated_images - 2025-11-15T221726.189.jpg,8,4,0
annotated_images - 2025-11-15T221726.189.jpg,8,5,0
annotated_images - 2025-11-15T221726.189.jpg,8,6,0
annotated_images - 2025-11-15T221726.189.jpg,8,7,0
annotated_images - 2025-11-15T221726.189.jpg,8,8,0
annotated_images - 2025-11-15T221726.293.jpg,1,1,1
annotated_images - 2025-11-15T221726.293.jpg,1,2,1
annotated_images - 2025-11-15T221726.293.jpg,1,3,1
annotated_images - 2025-11-15T221726.293.jpg,1,4,1
annotated_images - 2025-11-15T221726.293.jpg,1,5,1
annotated_images - 2025-11-15T221726.293.jpg,1,6,1
annotated_images - 2025-11-15T221726.293.jpg,1,7,1
annotated_images - 2025-11-15T221726.293.jpg,1,8,1
annotated_images - 2025-11-15T221726.293.jpg,2,1,1
annotated_images - 2025-11-15T221726.293.jpg,2,2,1
annotated_images - 2025-11-15T221726.293.jpg,2,3,1
annotated_images - 2025-11-15T221726.293.jpg,2,4,1
annotated_images - 2025-11-15T221726.293.jpg,2,5,1
annotated_images - 2025-11-15T221726.293.jpg,2,6,1
annotated_images - 2025-11-15T221726.293.jpg,2,7,1
annotated_images - 2025-11-15T221726.293.jpg,2,8,1
annotated_images - 2025-11-15T221726.293.jpg,3,1,1
annotated_images - 2025-11-15T221726.293.jpg,3,2,1
annotated_images - 2025-11-15T221726.293.jpg,3,3,1
annotated_images - 2025-11-15T221726.293.jpg,3,4,1
annotated_images - 2025-11-15T221726.293.jpg,3,5,1
annotated_images - 2025-11-15T221726.293.jpg,3,6,1
annotated_images - 2025-11-15T221726.293.jpg,3,7,1
annotated_images - 2025-11-15T221726.293.jpg,3,8,1
annotated_images - 2025-11-15T221726.293.jpg,4,1,1
annotated_images - 2025-11-15T221726.293.jpg,4,2,1
annotated_images - 2025-11-15T221726.293.jpg,4,3,1
annotated_images - 2025-11-15T221726.293.jpg,4,4,1
annotated_images - 2025-11-15T221726.293.jpg,4,5,1
annotated_images - 2025-11-15T221726.293.jpg,4,6,1
annotated_images - 2025-11-15T221726.293.jpg,4,7,1
annotated_images - 2025-11-15T221726.293.jpg,4,8,1
annotated_images - 2025-11-15T221726.293.jpg,5,1,1
annotated_images - 2025-11-15T221726.293.jpg,5,2,1
annotated_images - 2025-11-15T221726.293.jpg,5,3,1
annotated_images - 2025-11-15T221726.293.jpg,5,4,1
annotated_images - 2025-11-15T221726.293.jpg,5,5,1
annotated_images - 2025-11-15T221726.293.jpg,5,6,1
annotated_images - 2025-11-15T221726.293.jpg,5,7,1
annotated_images - 2025-11-15T221726.293.jpg,5,8,1
annotated_images - 2025-11-15T221726.293.jpg,6,1,1
annotated_images - 2025-11-15T221726.293.jpg,6,2,1
annotated_images - 2025-11-15T221726.293.jpg,6,3,1
annotated_images - 2025-11-15T221726.293.jpg,6,4,1
annotated_images - 2025-11-15T221726.293.jpg,6,5,1
annotated_images - 2025-11-15T221726.293.jpg,6,6,1
annotated_images - 2025-11-15T221726.293.jpg,6,7,1
annotated_images - 2025-11-15T221726.293.jpg,6,8,1
annotated_images - 2025-11-15T221726.293.jpg,7,1,1
annotated_images - 2025-11-15T221726.293.jpg,7,2,1
annotated_images - 2025-11-15T221726.293.jpg,7,3,1
annotated_images - 2025-11-15T221726.293.jpg,7,4,1
annotated_images - 2025-11-15T221726.293.jpg,7,5,1
annotated_images - 2025-11-15T221726.293.jpg,7,6,1
annotated_images - 2025-11-15T221726.293.jpg,7,7,1
annotated_images - 2025-11-15T221726.293.jpg,7,8,1
annotated_images - 2025-11-15T221726.293.jpg,8,1,0
annotated_images - 2025-11-15T221726.293.jpg,8,2,1
annotated_images - 2025-11-15T221726.293.jpg,8,3,1
annotated_images - 2025-11-15T221726.293.jpg,8,4,1
annotated_images - 2025-11-15T221726.293.jpg,8,5,1
annotated_images - 2025-11-15T221726.293.jpg,8,6,1
annotated_images - 2025-11-15T221726.293.jpg,8,7,1
annotated_images - 2025-11-15T221726.293.jpg,8,8,0
annotated_images - 2025-11-15T221726.407.jpg,1,1,0
annotated_images - 2025-11-15T221726.407.jpg,1,2,0
annotated_images - 2025-11-15T221726.407.jpg,1,3,0
annotated_images - 2025-11-15T221726.407.jpg,1,4,0
annotated_images - 2025-11-15T221726.407.jpg,1,5,0
annotated_images - 2025-11-15T221726.407.jpg,1,6,0
annotated_images - 2025-11-15T221726.407.jpg,1,7,0
annotated_images - 2025-11-15T221726.407.jpg,1,8,0
annotated_images - 2025-11-15T221726.407.jpg,2,1,0
annotated_images - 2025-11-15T221726.407.jpg,2,2,0
annotated_images - 2025-11-15T221726.407.jpg,2,3,1
annotated_images - 2025-11-15T221726.407.jpg,2,4,1
annotated_images - 2025-11-15T221726.407.jpg,2,5,1
annotated_images - 2025-11-15T221726.407.jpg,2,6,1
annotated_images - 2025-11-15T221726.407.jpg,2,7,0
annotated_images - 2025-11-15T221726.407.jpg,2,8,0
annotated_images - 2025-11-15T221726.407.jpg,3,1,0
annotated_images - 2025-11-15T221726.407.jpg,3,2,1
annotated_images - 2025-11-15T221726.407.jpg,3,3,1
annotated_images - 2025-11-15T221726.407.jpg,3,4,1
annotated_images - 2025-11-15T221726.407.jpg,3,5,1
annotated_images - 2025-11-15T221726.407.jpg,3,6,1
annotated_images - 2025-11-15T221726.407.jpg,3,7,0
annotated_images - 2025-11-15T221726.407.jpg,3,8,0
annotated_images - 2025-11-15T221726.407.jpg,4,1,0
annotated_images - 2025-11-15T221726.407.jpg,4,2,1
annotated_images - 2025-11-15T221726.407.jpg,4,3,1
annotated_images - 2025-11-15T221726.407.jpg,4,4,1
annotated_images - 2025-11-15T221726.407.jpg,4,5,1
annotated_images - 2025-11-15T221726.407.jpg,4,6,1
annotated_images - 2025-11-15T221726.407.jpg,4,7,0
annotated_images - 2025-11-15T221726.407.jpg,4,8,0
annotated_images - 2025-11-15T221726.407.jpg,5,1,0
annotated_images - 2025-11-15T221726.407.jpg,5,2,1
annotated_images - 2025-11-15T221726.407.jpg,5,3,1
annotated_images - 2025-11-15T221726.407.jpg,5,4,1
annotated_images - 2025-11-15T221726.407.jpg,5,5,1
annotated_images - 2025-11-15T221726.407.jpg,5,6,1
annotated_images - 2025-11-15T221726.407.jpg,5,7,0
annotated_images - 2025-11-15T221726.407.jpg,5,8,0
annotated_images - 2025-11-15T221726.407.jpg,6,1,0
annotated_images - 2025-11-15T221726.407.jpg,6,2,0
annotated_images - 2025-11-15T221726.407.jpg,6,3,1
annotated_images - 2025-11-15T221726.407.jpg,6,4,1
annotated_images - 2025-11-15T221726.407.jpg,6,5,1
annotated_images - 2025-11-15T221726.407.jpg,6,6,1
annotated_images - 2025-11-15T221726.407.jpg,6,7,0
annotated_images - 2025-11-15T221726.407.jpg,6,8,0
annotated_images - 2025-11-15T221726.407.jpg,7,1,0
annotated_images - 2025-11-15T221726.407.jpg,7,2,0
annotated_images - 2025-11-15T221726.407.jpg,7,3,1
annotated_images - 2025-11-15T221726.407.jpg,7,4,1
annotated_images - 2025-11-15T221726.407.jpg,7,5,1
annotated_images - 2025-11-15T221726.407.jpg,7,6,0
annotated_images - 2025-11-15T221726.407.jpg,7,7,0
annotated_images - 2025-11-15T221726.407.jpg,7,8,0
annotated_images - 2025-11-15T221726.407.jpg,8,1,0
annotated_images - 2025-11-15T221726.407.jpg,8,2,0
annotated_images - 2025-11-15T221726.407.jpg,8,3,0
annotated_images - 2025-11-15T221726.407.jpg,8,4,0
annotated_images - 2025-11-15T221726.407.jpg,8,5,0
annotated_images - 2025-11-15T221726.407.jpg,8,6,0
annotated_images - 2025-11-15T221726.407.jpg,8,7,0
annotated_images - 2025-11-15T221726.407.jpg,8,8,0
annotated_images - 2025-11-15T221726.461.jpg,1,1,0
annotated_images - 2025-11-15T221726.461.jpg,1,2,0
annotated_images - 2025-11-15T221726.461.jpg,1,3,1
annotated_images - 2025-11-15T221726.461.jpg,1,4,1
annotated_images - 2025-11-15T221726.461.jpg,1,5,1
annotated_images - 2025-11-15T221726.461.jpg,1,6,1
annotated_images - 2025-11-15T221726.461.jpg,1,7,0
annotated_images - 2025-11-15T221726.461.jpg,1,8,0
annotated_images - 2025-11-15T221726.461.jpg,2,1,0
annotated_images - 2025-11-15T221726.461.jpg,2,2,1
annotated_images - 2025-11-15T221726.461.jpg,2,3,1
annotated_images - 2025-11-15T221726.461.jpg,2,4,1
annotated_images - 2025-11-15T221726.461.jpg,2,5,1
annotated_images - 2025-11-15T221726.461.jpg,2,6,1
annotated_images - 2025-11-15T221726.461.jpg,2,7,1
annotated_images - 2025-11-15T221726.461.jpg,2,8,0
annotated_images - 2025-11-15T221726.461.jpg,3,1,0
annotated_images - 2025-11-15T221726.461.jpg,3,2,1
annotated_images - 2025-11-15T221726.461.jpg,3,3,1
annotated_images - 2025-11-15T221726.461.jpg,3,4,1
annotated_images - 2025-11-15T221726.461.jpg,3,5,1
annotated_images - 2025-11-15T221726.461.jpg,3,6,1
annotated_images - 2025-11-15T221726.461.jpg,3,7,1
annotated_images - 2025-11-15T221726.461.jpg,3,8,0
annotated_images - 2025-11-15T221726.461.jpg,4,1,1
annotated_images - 2025-11-15T221726.461.jpg,4,2,1
annotated_images - 2025-11-15T221726.461.jpg,4,3,1
annotated_images - 2025-11-15T221726.461.jpg,4,4,1
annotated_images - 2025-11-15T221726.461.jpg,4,5,1
annotated_images - 2025-11-15T221726.461.jpg,4,6,1
annotated_images - 2025-11-15T221726.461.jpg,4,7,1
annotated_images - 2025-11-15T221726.461.jpg,4,8,1
annotated_images - 2025-11-15T221726.461.jpg,5,1,1
annotated_images - 2025-11-15T221726.461.jpg,5,2,1
annotated_images - 2025-11-15T221726.461.jpg,5,3,1
annotated_images - 2025-11-15T221726.461.jpg,5,4,1
annotated_images - 2025-11-15T221726.461.jpg,5,5,1
annotated_images - 2025-11-15T221726.461.jpg,5,6,1
annotated_images - 2025-11-15T221726.461.jpg,5,7,1
annotated_images - 2025-11-15T221726.461.jpg,5,8,1
annotated_images - 2025-11-15T221726.461.jpg,6,1,0
annotated_images - 2025-11-15T221726.461.jpg,6,2,1
annotated_images - 2025-11-15T221726.461.jpg,6,3,1
annotated_images - 2025-11-15T221726.461.jpg,6,4,1
annotated_images - 2025-11-15T221726.461.jpg,6,5,1
annotated_images - 2025-11-15T221726.461.jpg,6,6,1
annotated_images - 2025-11-15T221726.461.jpg,6,7,1
annotated_images - 2025-11-15T221726.461.jpg,6,8,0
annotated_images - 2025-11-15T221726.461.jpg,7,1,0
annotated_images - 2025-11-15T221726.461.jpg,7,2,1
annotated_images - 2025-11-15T221726.461.jpg,7,3,1
annotated_images - 2025-11-15T221726.461.jpg,7,4,1
annotated_images - 2025-11-15T221726.461.jpg,7,5,1
annotated_images - 2025-11-15T221726.461.jpg,7,6,1
annotated_images - 2025-11-15T221726.461.jpg,7,7,1
annotated_images - 2025-11-15T221726.461.jpg,7,8,0
annotated_images - 2025-11-15T221726.461.jpg,8,1,0
annotated_images - 2025-11-15T221726.461.jpg,8,2,0
annotated_images - 2025-11-15T221726.461.jpg,8,3,1
annotated_images - 2025-11-15T221726.461.jpg,8,4,1
annotated_images - 2025-11-15T221726.461.jpg,8,5,1
annotated_images - 2025-11-15T221726.461.jpg,8,6,1
annotated_images - 2025-11-15T221726.461.jpg,8,7,0
annotated_images - 2025-11-15T221726.461.jpg,8,8,0
annotated_images - 2025-11-15T221726.481.jpg,1,1,0
annotated_images - 2025-11-15T221726.481.jpg,1,2,0
annotated_images - 2025-11-15T221726.481.jpg,1,3,0
annotated_images - 2025-11-15T221726.481.jpg,1,4,0
annotated_images - 2025-11-15T221726.481.jpg,1,5,0
annotated_images - 2025-11-15T221726.481.jpg,1,6,0
annotated_images - 2025-11-15T221726.481.jpg,1,7,0
annotated_images - 2025-11-15T221726.481.jpg,1,8,0
annotated_images - 2025-11-15T221726.481.jpg,2,1,0
annotated_images - 2025-11-15T221726.481.jpg,2,2,0
annotated_images - 2025-11-15T221726.481.jpg,2,3,0
annotated_images - 2025-11-15T221726.481.jpg,2,4,0
annotated_images - 2025-11-15T221726.481.jpg,2,5,0
annotated_images - 2025-11-15T221726.481.jpg,2,6,0
annotated_images - 2025-11-15T221726.481.jpg,2,7,0
annotated_images - 2025-11-15T221726.481.jpg,2,8,0
annotated_images - 2025-11-15T221726.481.jpg,3,1,0
annotated_images - 2025-11-15T221726.481.jpg,3,2,0
annotated_images - 2025-11-15T221726.481.jpg,3,3,0
annotated_images - 2025-11-15T221726.481.jpg,3,4,0
annotated_images - 2025-11-15T221726.481.jpg,3,5,1
annotated_images - 2025-11-15T221726.481.jpg,3,6,1
annotated_images - 2025-11-15T221726.481.jpg,3,7,1
annotated_images - 2025-11-15T221726.481.jpg,3,8,0
annotated_images - 2025-11-15T221726.481.jpg,4,1,0
annotated_images - 2025-11-15T221726.481.jpg,4,2,0
annotated_images - 2025-11-15T221726.481.jpg,4,3,0
annotated_images - 2025-11-15T221726.481.jpg,4,4,1
annotated_images - 2025-11-15T221726.481.jpg,4,5,1
annotated_images - 2025-11-15T221726.481.jpg,4,6,1
annotated_images - 2025-11-15T221726.481.jpg,4,7,1
annotated_images - 2025-11-15T221726.481.jpg,4,8,1
annotated_images - 2025-11-15T221726.481.jpg,5,1,0
annotated_images - 2025-11-15T221726.481.jpg,5,2,0
annotated_images - 2025-11-15T221726.481.jpg,5,3,0
annotated_images - 2025-11-15T221726.481.jpg,5,4,1
annotated_images - 2025-11-15T221726.481.jpg,5,5,1
annotated_images - 2025-11-15T221726.481.jpg,5,6,1
annotated_images - 2025-11-15T221726.481.jpg,5,7,1
annotated_images - 2025-11-15T221726.481.jpg,5,8,1
annotated_images - 2025-11-15T221726.481.jpg,6,1,0
annotated_images - 2025-11-15T221726.481.jpg,6,2,0
annotated_images - 2025-11-15T221726.481.jpg,6,3,0
annotated_images - 2025-11-15T221726.481.jpg,6,4,1
annotated_images - 2025-11-15T221726.481.jpg,6,5,1
annotated_images - 2025-11-15T221726.481.jpg,6,6,1
annotated_images - 2025-11-15T221726.481.jpg,6,7,1
annotated_images - 2025-11-15T221726.481.jpg,6,8,1
annotated_images - 2025-11-15T221726.481.jpg,7,1,0
annotated_images - 2025-11-15T221726.481.jpg,7,2,0
annotated_images - 2025-11-15T221726.481.jpg,7,3,0
annotated_images - 2025-11-15T221726.481.jpg,7,4,0
annotated_images - 2025-11-15T221726.481.jpg,7,5,1
annotated_images - 2025-11-15T221726.481.jpg,7,6,1
annotated_images - 2025-11-15T221726.481.jpg,7,7,1
annotated_images - 2025-11-15T221726.481.jpg,7,8,0
annotated_images - 2025-11-15T221726.481.jpg,8,1,0
annotated_images - 2025-11-15T221726.481.jpg,8,2,0
annotated_images - 2025-11-15T221726.481.jpg,8,3,0
annotated_images - 2025-11-15T221726.481.jpg,8,4,0
annotated_images - 2025-11-15T221726.481.jpg,8,5,0
annotated_images - 2025-11-15T221726.481.jpg,8,6,0
annotated_images - 2025-11-15T221726.481.jpg,8,7,0
annotated_images - 2025-11-15T221726.481.jpg,8,8,0
Arshdeep-Singh-LED-Stumps.jpeg-1.jpg,1,1,0
Arshdeep-Singh-LED-Stumps.jpeg-1.jpg,1,2,0
Arshdeep-Singh-LED-Stumps.jpeg-1.jpg,1,3,0
Arshdeep-Singh-LED-Stumps.jpeg-1.jpg,1,4,0
Arshdeep-Singh-LED-Stumps.jpeg-1.jpg,1,5,0
Arshdeep-Singh-LED-Stumps.jpeg-1.jpg,1,6,0
Arshdeep-Singh-LED-Stumps.jpeg-1.jpg,1,7,0
Arshdeep-Singh-LED-Stumps.jpeg-1.jpg,1,8,0
Arshdeep-Singh-LED-Stumps.jpeg-1.jpg,2,1,0
Arshdeep-Singh-LED-Stumps.jpeg-1.jpg,2,2,0
Arshdeep-Singh-LED-Stumps.jpeg-1.jpg,2,3,0
Arshdeep-Singh-LED-Stumps.jpeg-1.jpg,2,4,0
Arshdeep-Singh-LED-Stumps.jpeg-1.jpg,2,5,0
Arshdeep-Singh-LED-Stumps.jpeg-1.jpg,2,6,0
Arshdeep-Singh-LED-Stumps.jpeg-1.jpg,2,7,0
Arshdeep-Singh-LED-Stumps.jpeg-1.jpg,2,8,0
Arshdeep-Singh-LED-Stumps.jpeg-1.jpg,3,1,0
Arshdeep-Singh-LED-Stumps.jpeg-1.jpg,3,2,0
Arshdeep-Singh-LED-Stumps.jpeg-1.jpg,3,3,0
Arshdeep-Singh-LED-Stumps.jpeg-1.jpg,3,4,0
Arshdeep-Singh-LED-Stumps.jpeg-1.jpg,3,5,3
Arshdeep-Singh-LED-Stumps.jpeg-1.jpg,3,6,0
Arshdeep-Singh-LED-Stumps.jpeg-1.jpg,3,7,3
Arshdeep-Singh-LED-Stumps.jpeg-1.jpg,3,8,0
Arshdeep-Singh-LED-Stumps.jpeg-1.jpg,4,1,0
Arshdeep-Singh-LED-Stumps.jpeg-1.jpg,4,2,0
Arshdeep-Singh-LED-Stumps.jpeg-1.jpg,4,3,0
Arshdeep-Singh-LED-Stumps.jpeg-1.jpg,4,4,0
Arshdeep-Singh-LED-Stumps.jpeg-1.jpg,4,5,3
Arshdeep-Singh-LED-Stumps.jpeg-1.jpg,4,6,0
Arshdeep-Singh-LED-Stumps.jpeg-1.jpg,4,7,3
Arshdeep-Singh-LED-Stumps.jpeg-1.jpg,4,8,0
Arshdeep-Singh-LED-Stumps.jpeg-1.jpg,5,1,3
Arshdeep-Singh-LED-Stumps.jpeg-1.jpg,5,2,0
Arshdeep-Singh-LED-Stumps.jpeg-1.jpg,5,3,0
Arshdeep-Singh-LED-Stumps.jpeg-1.jpg,5,4,0
Arshdeep-Singh-LED-Stumps.jpeg-1.jpg,5,5,3
Arshdeep-Singh-LED-Stumps.jpeg-1.jpg,5,6,0
Arshdeep-Singh-LED-Stumps.jpeg-1.jpg,5,7,3
Arshdeep-Singh-LED-Stumps.jpeg-1.jpg,5,8,0
Arshdeep-Singh-LED-Stumps.jpeg-1.jpg,6,1,3
Arshdeep-Singh-LED-Stumps.jpeg-1.jpg,6,2,0
Arshdeep-Singh-LED-Stumps.jpeg-1.jpg,6,3,0
Arshdeep-Singh-LED-Stumps.jpeg-1.jpg,6,4,0
Arshdeep-Singh-LED-Stumps.jpeg-1.jpg,6,5,3
Arshdeep-Singh-LED-Stumps.jpeg-1.jpg,6,6,0
Arshdeep-Singh-LED-Stumps.jpeg-1.jpg,6,7,3
Arshdeep-Singh-LED-Stumps.jpeg-1.jpg,6,8,0
Arshdeep-Singh-LED-Stumps.jpeg-1.jpg,7,1,0
Arshdeep-Singh-LED-Stumps.jpeg-1.jpg,7,2,3
Arshdeep-Singh-LED-Stumps.jpeg-1.jpg,7,3,0
Arshdeep-Singh-LED-Stumps.jpeg-1.jpg,7,4,0
Arshdeep-Singh-LED-Stumps.jpeg-1.jpg,7,5,3
Arshdeep-Singh-LED-Stumps.jpeg-1.jpg,7,6,0
Arshdeep-Singh-LED-Stumps.jpeg-1.jpg,7,7,3
Arshdeep-Singh-LED-Stumps.jpeg-1.jpg,7,8,0
Arshdeep-Singh-LED-Stumps.jpeg-1.jpg,8,1,0
Arshdeep-Singh-LED-Stumps.jpeg-1.jpg,8,2,3
Arshdeep-Singh-LED-Stumps.jpeg-1.jpg,8,3,0
Arshdeep-Singh-LED-Stumps.jpeg-1.jpg,8,4,0
Arshdeep-Singh-LED-Stumps.jpeg-1.jpg,8,5,3
Arshdeep-Singh-LED-Stumps.jpeg-1.jpg,8,6,3
Arshdeep-Singh-LED-Stumps.jpeg-1.jpg,8,7,3
Arshdeep-Singh-LED-Stumps.jpeg-1.jpg,8,8,0
avalon-colure-scoop-single-blade-kashmir-willow-cricket-bat-1-kg-blue-product-images-orvyqfgjhgk-p594417878-0-202210120144.jpg,1,1,0
avalon-colure-scoop-single-blade-kashmir-willow-cricket-bat-1-kg-blue-product-images-orvyqfgjhgk-p594417878-0-202210120144.jpg,1,2,0
avalon-colure-scoop-single-blade-kashmir-willow-cricket-bat-1-kg-blue-product-images-orvyqfgjhgk-p594417878-0-202210120144.jpg,1,3,0
avalon-colure-scoop-single-blade-kashmir-willow-cricket-bat-1-kg-blue-product-images-orvyqfgjhgk-p594417878-0-202210120144.jpg,1,4,2
avalon-colure-scoop-single-blade-kashmir-willow-cricket-bat-1-kg-blue-product-images-orvyqfgjhgk-p594417878-0-202210120144.jpg,1,5,2
avalon-colure-scoop-single-blade-kashmir-willow-cricket-bat-1-kg-blue-product-images-orvyqfgjhgk-p594417878-0-202210120144.jpg,1,6,0
avalon-colure-scoop-single-blade-kashmir-willow-cricket-bat-1-kg-blue-product-images-orvyqfgjhgk-p594417878-0-202210120144.jpg,1,7,0
avalon-colure-scoop-single-blade-kashmir-willow-cricket-bat-1-kg-blue-product-images-orvyqfgjhgk-p594417878-0-202210120144.jpg,1,8,0
avalon-colure-scoop-single-blade-kashmir-willow-cricket-bat-1-kg-blue-product-images-orvyqfgjhgk-p594417878-0-202210120144.jpg,2,1,0
avalon-colure-scoop-single-blade-kashmir-willow-cricket-bat-1-kg-blue-product-images-orvyqfgjhgk-p594417878-0-202210120144.jpg,2,2,0
avalon-colure-scoop-single-blade-kashmir-willow-cricket-bat-1-kg-blue-product-images-orvyqfgjhgk-p594417878-0-202210120144.jpg,2,3,0
avalon-colure-scoop-single-blade-kashmir-willow-cricket-bat-1-kg-blue-product-images-orvyqfgjhgk-p594417878-0-202210120144.jpg,2,4,2
avalon-colure-scoop-single-blade-kashmir-willow-cricket-bat-1-kg-blue-product-images-orvyqfgjhgk-p594417878-0-202210120144.jpg,2,5,2
avalon-colure-scoop-single-blade-kashmir-willow-cricket-bat-1-kg-blue-product-images-orvyqfgjhgk-p594417878-0-202210120144.jpg,2,6,0
avalon-colure-scoop-single-blade-kashmir-willow-cricket-bat-1-kg-blue-product-images-orvyqfgjhgk-p594417878-0-202210120144.jpg,2,7,0
avalon-colure-scoop-single-blade-kashmir-willow-cricket-bat-1-kg-blue-product-images-orvyqfgjhgk-p594417878-0-202210120144.jpg,2,8,0
avalon-colure-scoop-single-blade-kashmir-willow-cricket-bat-1-kg-blue-product-images-orvyqfgjhgk-p594417878-0-202210120144.jpg,3,1,0
avalon-colure-scoop-single-blade-kashmir-willow-cricket-bat-1-kg-blue-product-images-orvyqfgjhgk-p594417878-0-202210120144.jpg,3,2,0
avalon-colure-scoop-single-blade-kashmir-willow-cricket-bat-1-kg-blue-product-images-orvyqfgjhgk-p594417878-0-202210120144.jpg,3,3,0
avalon-colure-scoop-single-blade-kashmir-willow-cricket-bat-1-kg-blue-product-images-orvyqfgjhgk-p594417878-0-202210120144.jpg,3,4,2
avalon-colure-scoop-single-blade-kashmir-willow-cricket-bat-1-kg-blue-product-images-orvyqfgjhgk-p594417878-0-202210120144.jpg,3,5,2
avalon-colure-scoop-single-blade-kashmir-willow-cricket-bat-1-kg-blue-product-images-orvyqfgjhgk-p594417878-0-202210120144.jpg,3,6,0
avalon-colure-scoop-single-blade-kashmir-willow-cricket-bat-1-kg-blue-product-images-orvyqfgjhgk-p594417878-0-202210120144.jpg,3,7,0
avalon-colure-scoop-single-blade-kashmir-willow-cricket-bat-1-kg-blue-product-images-orvyqfgjhgk-p594417878-0-202210120144.jpg,3,8,0
avalon-colure-scoop-single-blade-kashmir-willow-cricket-bat-1-kg-blue-product-images-orvyqfgjhgk-p594417878-0-202210120144.jpg,4,1,0
avalon-colure-scoop-single-blade-kashmir-willow-cricket-bat-1-kg-blue-product-images-orvyqfgjhgk-p594417878-0-202210120144.jpg,4,2,0
avalon-colure-scoop-single-blade-kashmir-willow-cricket-bat-1-kg-blue-product-images-orvyqfgjhgk-p594417878-0-202210120144.jpg,4,3,0
avalon-colure-scoop-single-blade-kashmir-willow-cricket-bat-1-kg-blue-product-images-orvyqfgjhgk-p594417878-0-202210120144.jpg,4,4,2
avalon-colure-scoop-single-blade-kashmir-willow-cricket-bat-1-kg-blue-product-images-orvyqfgjhgk-p594417878-0-202210120144.jpg,4,5,2
avalon-colure-scoop-single-blade-kashmir-willow-cricket-bat-1-kg-blue-product-images-orvyqfgjhgk-p594417878-0-202210120144.jpg,4,6,0
avalon-colure-scoop-single-blade-kashmir-willow-cricket-bat-1-kg-blue-product-images-orvyqfgjhgk-p594417878-0-202210120144.jpg,4,7,0
avalon-colure-scoop-single-blade-kashmir-willow-cricket-bat-1-kg-blue-product-images-orvyqfgjhgk-p594417878-0-202210120144.jpg,4,8,0
avalon-colure-scoop-single-blade-kashmir-willow-cricket-bat-1-kg-blue-product-images-orvyqfgjhgk-p594417878-0-202210120144.jpg,5,1,0
avalon-colure-scoop-single-blade-kashmir-willow-cricket-bat-1-kg-blue-product-images-orvyqfgjhgk-p594417878-0-202210120144.jpg,5,2,0
avalon-colure-scoop-single-blade-kashmir-willow-cricket-bat-1-kg-blue-product-images-orvyqfgjhgk-p594417878-0-202210120144.jpg,5,3,0
avalon-colure-scoop-single-blade-kashmir-willow-cricket-bat-1-kg-blue-product-images-orvyqfgjhgk-p594417878-0-202210120144.jpg,5,4,2
avalon-colure-scoop-single-blade-kashmir-willow-cricket-bat-1-kg-blue-product-images-orvyqfgjhgk-p594417878-0-202210120144.jpg,5,5,2
avalon-colure-scoop-single-blade-kashmir-willow-cricket-bat-1-kg-blue-product-images-orvyqfgjhgk-p594417878-0-202210120144.jpg,5,6,0
avalon-colure-scoop-single-blade-kashmir-willow-cricket-bat-1-kg-blue-product-images-orvyqfgjhgk-p594417878-0-202210120144.jpg,5,7,0
avalon-colure-scoop-single-blade-kashmir-willow-cricket-bat-1-kg-blue-product-images-orvyqfgjhgk-p594417878-0-202210120144.jpg,5,8,0
avalon-colure-scoop-single-blade-kashmir-willow-cricket-bat-1-kg-blue-product-images-orvyqfgjhgk-p594417878-0-202210120144.jpg,6,1,0
avalon-colure-scoop-single-blade-kashmir-willow-cricket-bat-1-kg-blue-product-images-orvyqfgjhgk-p594417878-0-202210120144.jpg,6,2,0
avalon-colure-scoop-single-blade-kashmir-willow-cricket-bat-1-kg-blue-product-images-orvyqfgjhgk-p594417878-0-202210120144.jpg,6,3,0
avalon-colure-scoop-single-blade-kashmir-willow-cricket-bat-1-kg-blue-product-images-orvyqfgjhgk-p594417878-0-202210120144.jpg,6,4,2
avalon-colure-scoop-single-blade-kashmir-willow-cricket-bat-1-kg-blue-product-images-orvyqfgjhgk-p594417878-0-202210120144.jpg,6,5,2
avalon-colure-scoop-single-blade-kashmir-willow-cricket-bat-1-kg-blue-product-images-orvyqfgjhgk-p594417878-0-202210120144.jpg,6,6,0
avalon-colure-scoop-single-blade-kashmir-willow-cricket-bat-1-kg-blue-product-images-orvyqfgjhgk-p594417878-0-202210120144.jpg,6,7,0
avalon-colure-scoop-single-blade-kashmir-willow-cricket-bat-1-kg-blue-product-images-orvyqfgjhgk-p594417878-0-202210120144.jpg,6,8,0
avalon-colure-scoop-single-blade-kashmir-willow-cricket-bat-1-kg-blue-product-images-orvyqfgjhgk-p594417878-0-202210120144.jpg,7,1,0
avalon-colure-scoop-single-blade-kashmir-willow-cricket-bat-1-kg-blue-product-images-orvyqfgjhgk-p594417878-0-202210120144.jpg,7,2,0
avalon-colure-scoop-single-blade-kashmir-willow-cricket-bat-1-kg-blue-product-images-orvyqfgjhgk-p594417878-0-202210120144.jpg,7,3,0
avalon-colure-scoop-single-blade-kashmir-willow-cricket-bat-1-kg-blue-product-images-orvyqfgjhgk-p594417878-0-202210120144.jpg,7,4,2
avalon-colure-scoop-single-blade-kashmir-willow-cricket-bat-1-kg-blue-product-images-orvyqfgjhgk-p594417878-0-202210120144.jpg,7,5,2
avalon-colure-scoop-single-blade-kashmir-willow-cricket-bat-1-kg-blue-product-images-orvyqfgjhgk-p594417878-0-202210120144.jpg,7,6,0
avalon-colure-scoop-single-blade-kashmir-willow-cricket-bat-1-kg-blue-product-images-orvyqfgjhgk-p594417878-0-202210120144.jpg,7,7,0
avalon-colure-scoop-single-blade-kashmir-willow-cricket-bat-1-kg-blue-product-images-orvyqfgjhgk-p594417878-0-202210120144.jpg,7,8,0
avalon-colure-scoop-single-blade-kashmir-willow-cricket-bat-1-kg-blue-product-images-orvyqfgjhgk-p594417878-0-202210120144.jpg,8,1,0
avalon-colure-scoop-single-blade-kashmir-willow-cricket-bat-1-kg-blue-product-images-orvyqfgjhgk-p594417878-0-202210120144.jpg,8,2,0
avalon-colure-scoop-single-blade-kashmir-willow-cricket-bat-1-kg-blue-product-images-orvyqfgjhgk-p594417878-0-202210120144.jpg,8,3,0
avalon-colure-scoop-single-blade-kashmir-willow-cricket-bat-1-kg-blue-product-images-orvyqfgjhgk-p594417878-0-202210120144.jpg,8,4,2
avalon-colure-scoop-single-blade-kashmir-willow-cricket-bat-1-kg-blue-product-images-orvyqfgjhgk-p594417878-0-202210120144.jpg,8,5,2
avalon-colure-scoop-single-blade-kashmir-willow-cricket-bat-1-kg-blue-product-images-orvyqfgjhgk-p594417878-0-202210120144.jpg,8,6,0
avalon-colure-scoop-single-blade-kashmir-willow-cricket-bat-1-kg-blue-product-images-orvyqfgjhgk-p594417878-0-202210120144.jpg,8,7,0
avalon-colure-scoop-single-blade-kashmir-willow-cricket-bat-1-kg-blue-product-images-orvyqfgjhgk-p594417878-0-202210120144.jpg,8,8,0
avalon-colure-scoop-single-blade-kashmir-willow-cricket-bat-1-kg-blue-product-images-orvyqfgjhgk-p594417878-2-202210120144.jpg,1,1,0
avalon-colure-scoop-single-blade-kashmir-willow-cricket-bat-1-kg-blue-product-images-orvyqfgjhgk-p594417878-2-202210120144.jpg,1,2,0
avalon-colure-scoop-single-blade-kashmir-willow-cricket-bat-1-kg-blue-product-images-orvyqfgjhgk-p594417878-2-202210120144.jpg,1,3,2
avalon-colure-scoop-single-blade-kashmir-willow-cricket-bat-1-kg-blue-product-images-orvyqfgjhgk-p594417878-2-202210120144.jpg,1,4,0
avalon-colure-scoop-single-blade-kashmir-willow-cricket-bat-1-kg-blue-product-images-orvyqfgjhgk-p594417878-2-202210120144.jpg,1,5,2
avalon-colure-scoop-single-blade-kashmir-willow-cricket-bat-1-kg-blue-product-images-orvyqfgjhgk-p594417878-2-202210120144.jpg,1,6,2
avalon-colure-scoop-single-blade-kashmir-willow-cricket-bat-1-kg-blue-product-images-orvyqfgjhgk-p594417878-2-202210120144.jpg,1,7,2
avalon-colure-scoop-single-blade-kashmir-willow-cricket-bat-1-kg-blue-product-images-orvyqfgjhgk-p594417878-2-202210120144.jpg,1,8,0
avalon-colure-scoop-single-blade-kashmir-willow-cricket-bat-1-kg-blue-product-images-orvyqfgjhgk-p594417878-2-202210120144.jpg,2,1,0
avalon-colure-scoop-single-blade-kashmir-willow-cricket-bat-1-kg-blue-product-images-orvyqfgjhgk-p594417878-2-202210120144.jpg,2,2,2
avalon-colure-scoop-single-blade-kashmir-willow-cricket-bat-1-kg-blue-product-images-orvyqfgjhgk-p594417878-2-202210120144.jpg,2,3,2
avalon-colure-scoop-single-blade-kashmir-willow-cricket-bat-1-kg-blue-product-images-orvyqfgjhgk-p594417878-2-202210120144.jpg,2,4,2
avalon-colure-scoop-single-blade-kashmir-willow-cricket-bat-1-kg-blue-product-images-orvyqfgjhgk-p594417878-2-202210120144.jpg,2,5,2
avalon-colure-scoop-single-blade-kashmir-willow-cricket-bat-1-kg-blue-product-images-orvyqfgjhgk-p594417878-2-202210120144.jpg,2,6,2
avalon-colure-scoop-single-blade-kashmir-willow-cricket-bat-1-kg-blue-product-images-orvyqfgjhgk-p594417878-2-202210120144.jpg,2,7,2
avalon-colure-scoop-single-blade-kashmir-willow-cricket-bat-1-kg-blue-product-images-orvyqfgjhgk-p594417878-2-202210120144.jpg,2,8,0
avalon-colure-scoop-single-blade-kashmir-willow-cricket-bat-1-kg-blue-product-images-orvyqfgjhgk-p594417878-2-202210120144.jpg,3,1,0
avalon-colure-scoop-single-blade-kashmir-willow-cricket-bat-1-kg-blue-product-images-orvyqfgjhgk-p594417878-2-202210120144.jpg,3,2,2
avalon-colure-scoop-single-blade-kashmir-willow-cricket-bat-1-kg-blue-product-images-orvyqfgjhgk-p594417878-2-202210120144.jpg,3,3,2
avalon-colure-scoop-single-blade-kashmir-willow-cricket-bat-1-kg-blue-product-images-orvyqfgjhgk-p594417878-2-202210120144.jpg,3,4,2
avalon-colure-scoop-single-blade-kashmir-willow-cricket-bat-1-kg-blue-product-images-orvyqfgjhgk-p594417878-2-202210120144.jpg,3,5,2
avalon-colure-scoop-single-blade-kashmir-willow-cricket-bat-1-kg-blue-product-images-orvyqfgjhgk-p594417878-2-202210120144.jpg,3,6,2
avalon-colure-scoop-single-blade-kashmir-willow-cricket-bat-1-kg-blue-product-images-orvyqfgjhgk-p594417878-2-202210120144.jpg,3,7,2
avalon-colure-scoop-single-blade-kashmir-willow-cricket-bat-1-kg-blue-product-images-orvyqfgjhgk-p594417878-2-202210120144.jpg,3,8,0
avalon-colure-scoop-single-blade-kashmir-willow-cricket-bat-1-kg-blue-product-images-orvyqfgjhgk-p594417878-2-202210120144.jpg,4,1,0
avalon-colure-scoop-single-blade-kashmir-willow-cricket-bat-1-kg-blue-product-images-orvyqfgjhgk-p594417878-2-202210120144.jpg,4,2,2
avalon-colure-scoop-single-blade-kashmir-willow-cricket-bat-1-kg-blue-product-images-orvyqfgjhgk-p594417878-2-202210120144.jpg,4,3,2
avalon-colure-scoop-single-blade-kashmir-willow-cricket-bat-1-kg-blue-product-images-orvyqfgjhgk-p594417878-2-202210120144.jpg,4,4,2
avalon-colure-scoop-single-blade-kashmir-willow-cricket-bat-1-kg-blue-product-images-orvyqfgjhgk-p594417878-2-202210120144.jpg,4,5,2
avalon-colure-scoop-single-blade-kashmir-willow-cricket-bat-1-kg-blue-product-images-orvyqfgjhgk-p594417878-2-202210120144.jpg,4,6,2
avalon-colure-scoop-single-blade-kashmir-willow-cricket-bat-1-kg-blue-product-images-orvyqfgjhgk-p594417878-2-202210120144.jpg,4,7,2
avalon-colure-scoop-single-blade-kashmir-willow-cricket-bat-1-kg-blue-product-images-orvyqfgjhgk-p594417878-2-202210120144.jpg,4,8,0
avalon-colure-scoop-single-blade-kashmir-willow-cricket-bat-1-kg-blue-product-images-orvyqfgjhgk-p594417878-2-202210120144.jpg,5,1,0
avalon-colure-scoop-single-blade-kashmir-willow-cricket-bat-1-kg-blue-product-images-orvyqfgjhgk-p594417878-2-202210120144.jpg,5,2,2
avalon-colure-scoop-single-blade-kashmir-willow-cricket-bat-1-kg-blue-product-images-orvyqfgjhgk-p594417878-2-202210120144.jpg,5,3,2
avalon-colure-scoop-single-blade-kashmir-willow-cricket-bat-1-kg-blue-product-images-orvyqfgjhgk-p594417878-2-202210120144.jpg,5,4,2
avalon-colure-scoop-single-blade-kashmir-willow-cricket-bat-1-kg-blue-product-images-orvyqfgjhgk-p594417878-2-202210120144.jpg,5,5,2
avalon-colure-scoop-single-blade-kashmir-willow-cricket-bat-1-kg-blue-product-images-orvyqfgjhgk-p594417878-2-202210120144.jpg,5,6,2
avalon-colure-scoop-single-blade-kashmir-willow-cricket-bat-1-kg-blue-product-images-orvyqfgjhgk-p594417878-2-202210120144.jpg,5,7,2
avalon-colure-scoop-single-blade-kashmir-willow-cricket-bat-1-kg-blue-product-images-orvyqfgjhgk-p594417878-2-202210120144.jpg,5,8,0
avalon-colure-scoop-single-blade-kashmir-willow-cricket-bat-1-kg-blue-product-images-orvyqfgjhgk-p594417878-2-202210120144.jpg,6,1,0
avalon-colure-scoop-single-blade-kashmir-willow-cricket-bat-1-kg-blue-product-images-orvyqfgjhgk-p594417878-2-202210120144.jpg,6,2,2
avalon-colure-scoop-single-blade-kashmir-willow-cricket-bat-1-kg-blue-product-images-orvyqfgjhgk-p594417878-2-202210120144.jpg,6,3,2
avalon-colure-scoop-single-blade-kashmir-willow-cricket-bat-1-kg-blue-product-images-orvyqfgjhgk-p594417878-2-202210120144.jpg,6,4,2
avalon-colure-scoop-single-blade-kashmir-willow-cricket-bat-1-kg-blue-product-images-orvyqfgjhgk-p594417878-2-202210120144.jpg,6,5,2
avalon-colure-scoop-single-blade-kashmir-willow-cricket-bat-1-kg-blue-product-images-orvyqfgjhgk-p594417878-2-202210120144.jpg,6,6,2
avalon-colure-scoop-single-blade-kashmir-willow-cricket-bat-1-kg-blue-product-images-orvyqfgjhgk-p594417878-2-202210120144.jpg,6,7,2
avalon-colure-scoop-single-blade-kashmir-willow-cricket-bat-1-kg-blue-product-images-orvyqfgjhgk-p594417878-2-202210120144.jpg,6,8,0
avalon-colure-scoop-single-blade-kashmir-willow-cricket-bat-1-kg-blue-product-images-orvyqfgjhgk-p594417878-2-202210120144.jpg,7,1,0
avalon-colure-scoop-single-blade-kashmir-willow-cricket-bat-1-kg-blue-product-images-orvyqfgjhgk-p594417878-2-202210120144.jpg,7,2,2
avalon-colure-scoop-single-blade-kashmir-willow-cricket-bat-1-kg-blue-product-images-orvyqfgjhgk-p594417878-2-202210120144.jpg,7,3,2
avalon-colure-scoop-single-blade-kashmir-willow-cricket-bat-1-kg-blue-product-images-orvyqfgjhgk-p594417878-2-202210120144.jpg,7,4,2
avalon-colure-scoop-single-blade-kashmir-willow-cricket-bat-1-kg-blue-product-images-orvyqfgjhgk-p594417878-2-202210120144.jpg,7,5,2
avalon-colure-scoop-single-blade-kashmir-willow-cricket-bat-1-kg-blue-product-images-orvyqfgjhgk-p594417878-2-202210120144.jpg,7,6,2
avalon-colure-scoop-single-blade-kashmir-willow-cricket-bat-1-kg-blue-product-images-orvyqfgjhgk-p594417878-2-202210120144.jpg,7,7,2
avalon-colure-scoop-single-blade-kashmir-willow-cricket-bat-1-kg-blue-product-images-orvyqfgjhgk-p594417878-2-202210120144.jpg,7,8,0
avalon-colure-scoop-single-blade-kashmir-willow-cricket-bat-1-kg-blue-product-images-orvyqfgjhgk-p594417878-2-202210120144.jpg,8,1,0
avalon-colure-scoop-single-blade-kashmir-willow-cricket-bat-1-kg-blue-product-images-orvyqfgjhgk-p594417878-2-202210120144.jpg,8,2,2
avalon-colure-scoop-single-blade-kashmir-willow-cricket-bat-1-kg-blue-product-images-orvyqfgjhgk-p594417878-2-202210120144.jpg,8,3,2
avalon-colure-scoop-single-blade-kashmir-willow-cricket-bat-1-kg-blue-product-images-orvyqfgjhgk-p594417878-2-202210120144.jpg,8,4,2
avalon-colure-scoop-single-blade-kashmir-willow-cricket-bat-1-kg-blue-product-images-orvyqfgjhgk-p594417878-2-202210120144.jpg,8,5,2
avalon-colure-scoop-single-blade-kashmir-willow-cricket-bat-1-kg-blue-product-images-orvyqfgjhgk-p594417878-2-202210120144.jpg,8,6,2
avalon-colure-scoop-single-blade-kashmir-willow-cricket-bat-1-kg-blue-product-images-orvyqfgjhgk-p594417878-2-202210120144.jpg,8,7,2
avalon-colure-scoop-single-blade-kashmir-willow-cricket-bat-1-kg-blue-product-images-orvyqfgjhgk-p594417878-2-202210120144.jpg,8,8,0
back-foot-shots-in-cricket-1 (1).jpg,1,1,0
back-foot-shots-in-cricket-1 (1).jpg,1,2,0
back-foot-shots-in-cricket-1 (1).jpg,1,3,0
back-foot-shots-in-cricket-1 (1).jpg,1,4,0
back-foot-shots-in-cricket-1 (1).jpg,1,5,0
back-foot-shots-in-cricket-1 (1).jpg,1,6,0
back-foot-shots-in-cricket-1 (1).jpg,1,7,0
back-foot-shots-in-cricket-1 (1).jpg,1,8,0
back-foot-shots-in-cricket-1 (1).jpg,2,1,0
back-foot-shots-in-cricket-1 (1).jpg,2,2,0
back-foot-shots-in-cricket-1 (1).jpg,2,3,0
back-foot-shots-in-cricket-1 (1).jpg,2,4,0
back-foot-shots-in-cricket-1 (1).jpg,2,5,0
back-foot-shots-in-cricket-1 (1).jpg,2,6,0
back-foot-shots-in-cricket-1 (1).jpg,2,7,0
back-foot-shots-in-cricket-1 (1).jpg,2,8,0
back-foot-shots-in-cricket-1 (1).jpg,3,1,0
back-foot-shots-in-cricket-1 (1).jpg,3,2,0
back-foot-shots-in-cricket-1 (1).jpg,3,3,0
back-foot-shots-in-cricket-1 (1).jpg,3,4,0
back-foot-shots-in-cricket-1 (1).jpg,3,5,0
back-foot-shots-in-cricket-1 (1).jpg,3,6,0
back-foot-shots-in-cricket-1 (1).jpg,3,7,0
back-foot-shots-in-cricket-1 (1).jpg,3,8,0
back-foot-shots-in-cricket-1 (1).jpg,4,1,0
back-foot-shots-in-cricket-1 (1).jpg,4,2,0
back-foot-shots-in-cricket-1 (1).jpg,4,3,0
back-foot-shots-in-cricket-1 (1).jpg,4,4,0
back-foot-shots-in-cricket-1 (1).jpg,4,5,0
back-foot-shots-in-cricket-1 (1).jpg,4,6,2
back-foot-shots-in-cricket-1 (1).jpg,4,7,2
back-foot-shots-in-cricket-1 (1).jpg,4,8,0
back-foot-shots-in-cricket-1 (1).jpg,5,1,3
back-foot-shots-in-cricket-1 (1).jpg,5,2,0
back-foot-shots-in-cricket-1 (1).jpg,5,3,0
back-foot-shots-in-cricket-1 (1).jpg,5,4,0
back-foot-shots-in-cricket-1 (1).jpg,5,5,0
back-foot-shots-in-cricket-1 (1).jpg,5,6,2
back-foot-shots-in-cricket-1 (1).jpg,5,7,0
back-foot-shots-in-cricket-1 (1).jpg,5,8,0
back-foot-shots-in-cricket-1 (1).jpg,6,1,3
back-foot-shots-in-cricket-1 (1).jpg,6,2,0
back-foot-shots-in-cricket-1 (1).jpg,6,3,0
back-foot-shots-in-cricket-1 (1).jpg,6,4,0
back-foot-shots-in-cricket-1 (1).jpg,6,5,0
back-foot-shots-in-cricket-1 (1).jpg,6,6,0
back-foot-shots-in-cricket-1 (1).jpg,6,7,0
back-foot-shots-in-cricket-1 (1).jpg,6,8,0
back-foot-shots-in-cricket-1 (1).jpg,7,1,3
back-foot-shots-in-cricket-1 (1).jpg,7,2,0
back-foot-shots-in-cricket-1 (1).jpg,7,3,0
back-foot-shots-in-cricket-1 (1).jpg,7,4,0
back-foot-shots-in-cricket-1 (1).jpg,7,5,0
back-foot-shots-in-cricket-1 (1).jpg,7,6,0
back-foot-shots-in-cricket-1 (1).jpg,7,7,0
back-foot-shots-in-cricket-1 (1).jpg,7,8,0
back-foot-shots-in-cricket-1 (1).jpg,8,1,3
back-foot-shots-in-cricket-1 (1).jpg,8,2,1
back-foot-shots-in-cricket-1 (1).jpg,8,3,0
back-foot-shots-in-cricket-1 (1).jpg,8,4,0
back-foot-shots-in-cricket-1 (1).jpg,8,5,0
back-foot-shots-in-cricket-1 (1).jpg,8,6,0
back-foot-shots-in-cricket-1 (1).jpg,8,7,0
back-foot-shots-in-cricket-1 (1).jpg,8,8,0
ball-baseball-baseball-bat-bat.jpg,1,1,0
ball-baseball-baseball-bat-bat.jpg,1,2,0
ball-baseball-baseball-bat-bat.jpg,1,3,0
ball-baseball-baseball-bat-bat.jpg,1,4,2
ball-baseball-baseball-bat-bat.jpg,1,5,0
ball-baseball-baseball-bat-bat.jpg,1,6,0
ball-baseball-baseball-bat-bat.jpg,1,7,0
ball-baseball-baseball-bat-bat.jpg,1,8,0
ball-baseball-baseball-bat-bat.jpg,2,1,0
ball-baseball-baseball-bat-bat.jpg,2,2,0
ball-baseball-baseball-bat-bat.jpg,2,3,2
ball-baseball-baseball-bat-bat.jpg,2,4,2
ball-baseball-baseball-bat-bat.jpg,2,5,2
ball-baseball-baseball-bat-bat.jpg,2,6,0
ball-baseball-baseball-bat-bat.jpg,2,7,0
ball-baseball-baseball-bat-bat.jpg,2,8,0
ball-baseball-baseball-bat-bat.jpg,3,1,0
ball-baseball-baseball-bat-bat.jpg,3,2,0
ball-baseball-baseball-bat-bat.jpg,3,3,2
ball-baseball-baseball-bat-bat.jpg,3,4,2
ball-baseball-baseball-bat-bat.jpg,3,5,2
ball-baseball-baseball-bat-bat.jpg,3,6,2
ball-baseball-baseball-bat-bat.jpg,3,7,2
ball-baseball-baseball-bat-bat.jpg,3,8,2
ball-baseball-baseball-bat-bat.jpg,4,1,0
ball-baseball-baseball-bat-bat.jpg,4,2,0
ball-baseball-baseball-bat-bat.jpg,4,3,0
ball-baseball-baseball-bat-bat.jpg,4,4,2
ball-baseball-baseball-bat-bat.jpg,4,5,2
ball-baseball-baseball-bat-bat.jpg,4,6,2
ball-baseball-baseball-bat-bat.jpg,4,7,2
ball-baseball-baseball-bat-bat.jpg,4,8,2
ball-baseball-baseball-bat-bat.jpg,5,1,0
ball-baseball-baseball-bat-bat.jpg,5,2,0
ball-baseball-baseball-bat-bat.jpg,5,3,0
ball-baseball-baseball-bat-bat.jpg,5,4,0
ball-baseball-baseball-bat-bat.jpg,5,5,2
ball-baseball-baseball-bat-bat.jpg,5,6,2
ball-baseball-baseball-bat-bat.jpg,5,7,2
ball-baseball-baseball-bat-bat.jpg,5,8,2
ball-baseball-baseball-bat-bat.jpg,6,1,0
ball-baseball-baseball-bat-bat.jpg,6,2,0
ball-baseball-baseball-bat-bat.jpg,6,3,1
ball-baseball-baseball-bat-bat.jpg,6,4,1
ball-baseball-baseball-bat-bat.jpg,6,5,1
ball-baseball-baseball-bat-bat.jpg,6,6,2
ball-baseball-baseball-bat-bat.jpg,6,7,2
ball-baseball-baseball-bat-bat.jpg,6,8,2
ball-baseball-baseball-bat-bat.jpg,7,1,0
ball-baseball-baseball-bat-bat.jpg,7,2,0
ball-baseball-baseball-bat-bat.jpg,7,3,1
ball-baseball-baseball-bat-bat.jpg,7,4,1
ball-baseball-baseball-bat-bat.jpg,7,5,1
ball-baseball-baseball-bat-bat.jpg,7,6,2
ball-baseball-baseball-bat-bat.jpg,7,7,2
ball-baseball-baseball-bat-bat.jpg,7,8,2
ball-baseball-baseball-bat-bat.jpg,8,1,0
ball-baseball-baseball-bat-bat.jpg,8,2,0
ball-baseball-baseball-bat-bat.jpg,8,3,1
ball-baseball-baseball-bat-bat.jpg,8,4,1
ball-baseball-baseball-bat-bat.jpg,8,5,1
ball-baseball-baseball-bat-bat.jpg,8,6,2
ball-baseball-baseball-bat-bat.jpg,8,7,2
ball-baseball-baseball-bat-bat.jpg,8,8,2
bat_slant_Large_203bb2aa-bcb3-4f10-b3a3-84493179ebca.jpg,1,1,0
bat_slant_Large_203bb2aa-bcb3-4f10-b3a3-84493179ebca.jpg,1,2,0
bat_slant_Large_203bb2aa-bcb3-4f10-b3a3-84493179ebca.jpg,1,3,0
bat_slant_Large_203bb2aa-bcb3-4f10-b3a3-84493179ebca.jpg,1,4,0
bat_slant_Large_203bb2aa-bcb3-4f10-b3a3-84493179ebca.jpg,1,5,0
bat_slant_Large_203bb2aa-bcb3-4f10-b3a3-84493179ebca.jpg,1,6,2
bat_slant_Large_203bb2aa-bcb3-4f10-b3a3-84493179ebca.jpg,1,7,2
bat_slant_Large_203bb2aa-bcb3-4f10-b3a3-84493179ebca.jpg,1,8,0
bat_slant_Large_203bb2aa-bcb3-4f10-b3a3-84493179ebca.jpg,2,1,0
bat_slant_Large_203bb2aa-bcb3-4f10-b3a3-84493179ebca.jpg,2,2,0
bat_slant_Large_203bb2aa-bcb3-4f10-b3a3-84493179ebca.jpg,2,3,0
bat_slant_Large_203bb2aa-bcb3-4f10-b3a3-84493179ebca.jpg,2,4,0
bat_slant_Large_203bb2aa-bcb3-4f10-b3a3-84493179ebca.jpg,2,5,2
bat_slant_Large_203bb2aa-bcb3-4f10-b3a3-84493179ebca.jpg,2,6,2
bat_slant_Large_203bb2aa-bcb3-4f10-b3a3-84493179ebca.jpg,2,7,2
bat_slant_Large_203bb2aa-bcb3-4f10-b3a3-84493179ebca.jpg,2,8,0
bat_slant_Large_203bb2aa-bcb3-4f10-b3a3-84493179ebca.jpg,3,1,0
bat_slant_Large_203bb2aa-bcb3-4f10-b3a3-84493179ebca.jpg,3,2,0
bat_slant_Large_203bb2aa-bcb3-4f10-b3a3-84493179ebca.jpg,3,3,0
bat_slant_Large_203bb2aa-bcb3-4f10-b3a3-84493179ebca.jpg,3,4,2
bat_slant_Large_203bb2aa-bcb3-4f10-b3a3-84493179ebca.jpg,3,5,2
bat_slant_Large_203bb2aa-bcb3-4f10-b3a3-84493179ebca.jpg,3,6,2
bat_slant_Large_203bb2aa-bcb3-4f10-b3a3-84493179ebca.jpg,3,7,2
bat_slant_Large_203bb2aa-bcb3-4f10-b3a3-84493179ebca.jpg,3,8,0
bat_slant_Large_203bb2aa-bcb3-4f10-b3a3-84493179ebca.jpg,4,1,0
bat_slant_Large_203bb2aa-bcb3-4f10-b3a3-84493179ebca.jpg,4,2,0
bat_slant_Large_203bb2aa-bcb3-4f10-b3a3-84493179ebca.jpg,4,3,2
bat_slant_Large_203bb2aa-bcb3-4f10-b3a3-84493179ebca.jpg,4,4,2
bat_slant_Large_203bb2aa-bcb3-4f10-b3a3-84493179ebca.jpg,4,5,2
bat_slant_Large_203bb2aa-bcb3-4f10-b3a3-84493179ebca.jpg,4,6,2
bat_slant_Large_203bb2aa-bcb3-4f10-b3a3-84493179ebca.jpg,4,7,0
bat_slant_Large_203bb2aa-bcb3-4f10-b3a3-84493179ebca.jpg,4,8,0
bat_slant_Large_203bb2aa-bcb3-4f10-b3a3-84493179ebca.jpg,5,1,0
bat_slant_Large_203bb2aa-bcb3-4f10-b3a3-84493179ebca.jpg,5,2,2
bat_slant_Large_203bb2aa-bcb3-4f10-b3a3-84493179ebca.jpg,5,3,2
bat_slant_Large_203bb2aa-bcb3-4f10-b3a3-84493179ebca.jpg,5,4,2
bat_slant_Large_203bb2aa-bcb3-4f10-b3a3-84493179ebca.jpg,5,5,2
bat_slant_Large_203bb2aa-bcb3-4f10-b3a3-84493179ebca.jpg,5,6,0
bat_slant_Large_203bb2aa-bcb3-4f10-b3a3-84493179ebca.jpg,5,7,0
bat_slant_Large_203bb2aa-bcb3-4f10-b3a3-84493179ebca.jpg,5,8,0
bat_slant_Large_203bb2aa-bcb3-4f10-b3a3-84493179ebca.jpg,6,1,0
bat_slant_Large_203bb2aa-bcb3-4f10-b3a3-84493179ebca.jpg,6,2,2
bat_slant_Large_203bb2aa-bcb3-4f10-b3a3-84493179ebca.jpg,6,3,2
bat_slant_Large_203bb2aa-bcb3-4f10-b3a3-84493179ebca.jpg,6,4,2
bat_slant_Large_203bb2aa-bcb3-4f10-b3a3-84493179ebca.jpg,6,5,2
bat_slant_Large_203bb2aa-bcb3-4f10-b3a3-84493179ebca.jpg,6,6,0
bat_slant_Large_203bb2aa-bcb3-4f10-b3a3-84493179ebca.jpg,6,7,0
bat_slant_Large_203bb2aa-bcb3-4f10-b3a3-84493179ebca.jpg,6,8,0
bat_slant_Large_203bb2aa-bcb3-4f10-b3a3-84493179ebca.jpg,7,1,2
bat_slant_Large_203bb2aa-bcb3-4f10-b3a3-84493179ebca.jpg,7,2,2
bat_slant_Large_203bb2aa-bcb3-4f10-b3a3-84493179ebca.jpg,7,3,2
bat_slant_Large_203bb2aa-bcb3-4f10-b3a3-84493179ebca.jpg,7,4,2
bat_slant_Large_203bb2aa-bcb3-4f10-b3a3-84493179ebca.jpg,7,5,0
bat_slant_Large_203bb2aa-bcb3-4f10-b3a3-84493179ebca.jpg,7,6,0
bat_slant_Large_203bb2aa-bcb3-4f10-b3a3-84493179ebca.jpg,7,7,0
bat_slant_Large_203bb2aa-bcb3-4f10-b3a3-84493179ebca.jpg,7,8,0
bat_slant_Large_203bb2aa-bcb3-4f10-b3a3-84493179ebca.jpg,8,1,2
bat_slant_Large_203bb2aa-bcb3-4f10-b3a3-84493179ebca.jpg,8,2,2
bat_slant_Large_203bb2aa-bcb3-4f10-b3a3-84493179ebca.jpg,8,3,2
bat_slant_Large_203bb2aa-bcb3-4f10-b3a3-84493179ebca.jpg,8,4,2
bat_slant_Large_203bb2aa-bcb3-4f10-b3a3-84493179ebca.jpg,8,5,0
bat_slant_Large_203bb2aa-bcb3-4f10-b3a3-84493179ebca.jpg,8,6,0
bat_slant_Large_203bb2aa-bcb3-4f10-b3a3-84493179ebca.jpg,8,7,0
bat_slant_Large_203bb2aa-bcb3-4f10-b3a3-84493179ebca.jpg,8,8,0
bbb7d-17506872232273-1920.jpg,1,1,0
bbb7d-17506872232273-1920.jpg,1,2,0
bbb7d-17506872232273-1920.jpg,1,3,2
bbb7d-17506872232273-1920.jpg,1,4,2
bbb7d-17506872232273-1920.jpg,1,5,0
bbb7d-17506872232273-1920.jpg,1,6,0
bbb7d-17506872232273-1920.jpg,1,7,0
bbb7d-17506872232273-1920.jpg,1,8,0
bbb7d-17506872232273-1920.jpg,2,1,0
bbb7d-17506872232273-1920.jpg,2,2,0
bbb7d-17506872232273-1920.jpg,2,3,2
bbb7d-17506872232273-1920.jpg,2,4,2
bbb7d-17506872232273-1920.jpg,2,5,0
bbb7d-17506872232273-1920.jpg,2,6,0
bbb7d-17506872232273-1920.jpg,2,7,0
bbb7d-17506872232273-1920.jpg,2,8,0
bbb7d-17506872232273-1920.jpg,3,1,0
bbb7d-17506872232273-1920.jpg,3,2,2
bbb7d-17506872232273-1920.jpg,3,3,2
bbb7d-17506872232273-1920.jpg,3,4,2
bbb7d-17506872232273-1920.jpg,3,5,0
bbb7d-17506872232273-1920.jpg,3,6,0
bbb7d-17506872232273-1920.jpg,3,7,0
bbb7d-17506872232273-1920.jpg,3,8,0
bbb7d-17506872232273-1920.jpg,4,1,0
bbb7d-17506872232273-1920.jpg,4,2,2
bbb7d-17506872232273-1920.jpg,4,3,2
bbb7d-17506872232273-1920.jpg,4,4,0
bbb7d-17506872232273-1920.jpg,4,5,0
bbb7d-17506872232273-1920.jpg,4,6,0
bbb7d-17506872232273-1920.jpg,4,7,0
bbb7d-17506872232273-1920.jpg,4,8,0
bbb7d-17506872232273-1920.jpg,5,1,0
bbb7d-17506872232273-1920.jpg,5,2,0
bbb7d-17506872232273-1920.jpg,5,3,2
bbb7d-17506872232273-1920.jpg,5,4,0
bbb7d-17506872232273-1920.jpg,5,5,0
bbb7d-17506872232273-1920.jpg,5,6,0
bbb7d-17506872232273-1920.jpg,5,7,0
bbb7d-17506872232273-1920.jpg,5,8,0
bbb7d-17506872232273-1920.jpg,6,1,0
bbb7d-17506872232273-1920.jpg,6,2,0
bbb7d-17506872232273-1920.jpg,6,3,0
bbb7d-17506872232273-1920.jpg,6,4,0
bbb7d-17506872232273-1920.jpg,6,5,0
bbb7d-17506872232273-1920.jpg,6,6,0
bbb7d-17506872232273-1920.jpg,6,7,0
bbb7d-17506872232273-1920.jpg,6,8,0
bbb7d-17506872232273-1920.jpg,7,1,0
bbb7d-17506872232273-1920.jpg,7,2,0
bbb7d-17506872232273-1920.jpg,7,3,0
bbb7d-17506872232273-1920.jpg,7,4,0
bbb7d-17506872232273-1920.jpg,7,5,0
bbb7d-17506872232273-1920.jpg,7,6,0
bbb7d-17506872232273-1920.jpg,7,7,0
bbb7d-17506872232273-1920.jpg,7,8,0
bbb7d-17506872232273-1920.jpg,8,1,0
bbb7d-17506872232273-1920.jpg,8,2,0
bbb7d-17506872232273-1920.jpg,8,3,0
bbb7d-17506872232273-1920.jpg,8,4,0
bbb7d-17506872232273-1920.jpg,8,5,0
bbb7d-17506872232273-1920.jpg,8,6,0
bbb7d-17506872232273-1920.jpg,8,7,0
bbb7d-17506872232273-1920.jpg,8,8,0
BLASTERSTUMPSET_5.jpg,1,1,0
BLASTERSTUMPSET_5.jpg,1,2,0
BLASTERSTUMPSET_5.jpg,1,3,0
BLASTERSTUMPSET_5.jpg,1,4,0
BLASTERSTUMPSET_5.jpg,1,5,0
BLASTERSTUMPSET_5.jpg,1,6,0
BLASTERSTUMPSET_5.jpg,1,7,0
BLASTERSTUMPSET_5.jpg,1,8,0
BLASTERSTUMPSET_5.jpg,2,1,3
BLASTERSTUMPSET_5.jpg,2,2,3
BLASTERSTUMPSET_5.jpg,2,3,3
BLASTERSTUMPSET_5.jpg,2,4,0
BLASTERSTUMPSET_5.jpg,2,5,0
BLASTERSTUMPSET_5.jpg,2,6,0
BLASTERSTUMPSET_5.jpg,2,7,3
BLASTERSTUMPSET_5.jpg,2,8,3
BLASTERSTUMPSET_5.jpg,3,1,3
BLASTERSTUMPSET_5.jpg,3,2,3
BLASTERSTUMPSET_5.jpg,3,3,0
BLASTERSTUMPSET_5.jpg,3,4,3
BLASTERSTUMPSET_5.jpg,3,5,3
BLASTERSTUMPSET_5.jpg,3,6,0
BLASTERSTUMPSET_5.jpg,3,7,3
BLASTERSTUMPSET_5.jpg,3,8,3
BLASTERSTUMPSET_5.jpg,4,1,3
BLASTERSTUMPSET_5.jpg,4,2,3
BLASTERSTUMPSET_5.jpg,4,3,0
BLASTERSTUMPSET_5.jpg,4,4,3
BLASTERSTUMPSET_5.jpg,4,5,3
BLASTERSTUMPSET_5.jpg,4,6,0
BLASTERSTUMPSET_5.jpg,4,7,3
BLASTERSTUMPSET_5.jpg,4,8,3
BLASTERSTUMPSET_5.jpg,5,1,3
BLASTERSTUMPSET_5.jpg,5,2,3
BLASTERSTUMPSET_5.jpg,5,3,0
BLASTERSTUMPSET_5.jpg,5,4,3
BLASTERSTUMPSET_5.jpg,5,5,0
BLASTERSTUMPSET_5.jpg,5,6,0
BLASTERSTUMPSET_5.jpg,5,7,3
BLASTERSTUMPSET_5.jpg,5,8,3
BLASTERSTUMPSET_5.jpg,6,1,3
BLASTERSTUMPSET_5.jpg,6,2,3
BLASTERSTUMPSET_5.jpg,6,3,0
BLASTERSTUMPSET_5.jpg,6,4,3
BLASTERSTUMPSET_5.jpg,6,5,0
BLASTERSTUMPSET_5.jpg,6,6,0
BLASTERSTUMPSET_5.jpg,6,7,0
BLASTERSTUMPSET_5.jpg,6,8,0
BLASTERSTUMPSET_5.jpg,7,1,3
BLASTERSTUMPSET_5.jpg,7,2,3
BLASTERSTUMPSET_5.jpg,7,3,0
BLASTERSTUMPSET_5.jpg,7,4,3
BLASTERSTUMPSET_5.jpg,7,5,3
BLASTERSTUMPSET_5.jpg,7,6,0
BLASTERSTUMPSET_5.jpg,7,7,0
BLASTERSTUMPSET_5.jpg,7,8,0
BLASTERSTUMPSET_5.jpg,8,1,3
BLASTERSTUMPSET_5.jpg,8,2,3
BLASTERSTUMPSET_5.jpg,8,3,0
BLASTERSTUMPSET_5.jpg,8,4,3
BLASTERSTUMPSET_5.jpg,8,5,3
BLASTERSTUMPSET_5.jpg,8,6,0
BLASTERSTUMPSET_5.jpg,8,7,0
BLASTERSTUMPSET_5.jpg,8,8,0
bleached-polished-cricket-6-stumps-4-bails-3.jpg,1,1,0
bleached-polished-cricket-6-stumps-4-bails-3.jpg,1,2,3
bleached-polished-cricket-6-stumps-4-bails-3.jpg,1,3,3
bleached-polished-cricket-6-stumps-4-bails-3.jpg,1,4,3
bleached-polished-cricket-6-stumps-4-bails-3.jpg,1,5,3
bleached-polished-cricket-6-stumps-4-bails-3.jpg,1,6,3
bleached-polished-cricket-6-stumps-4-bails-3.jpg,1,7,3
bleached-polished-cricket-6-stumps-4-bails-3.jpg,1,8,0
bleached-polished-cricket-6-stumps-4-bails-3.jpg,2,1,0
bleached-polished-cricket-6-stumps-4-bails-3.jpg,2,2,3
bleached-polished-cricket-6-stumps-4-bails-3.jpg,2,3,3
bleached-polished-cricket-6-stumps-4-bails-3.jpg,2,4,3
bleached-polished-cricket-6-stumps-4-bails-3.jpg,2,5,3
bleached-polished-cricket-6-stumps-4-bails-3.jpg,2,6,3
bleached-polished-cricket-6-stumps-4-bails-3.jpg,2,7,3
bleached-polished-cricket-6-stumps-4-bails-3.jpg,2,8,0
bleached-polished-cricket-6-stumps-4-bails-3.jpg,3,1,0
bleached-polished-cricket-6-stumps-4-bails-3.jpg,3,2,3
bleached-polished-cricket-6-stumps-4-bails-3.jpg,3,3,3
bleached-polished-cricket-6-stumps-4-bails-3.jpg,3,4,3
bleached-polished-cricket-6-stumps-4-bails-3.jpg,3,5,3
bleached-polished-cricket-6-stumps-4-bails-3.jpg,3,6,3
bleached-polished-cricket-6-stumps-4-bails-3.jpg,3,7,3
bleached-polished-cricket-6-stumps-4-bails-3.jpg,3,8,0
bleached-polished-cricket-6-stumps-4-bails-3.jpg,4,1,0
bleached-polished-cricket-6-stumps-4-bails-3.jpg,4,2,3
bleached-polished-cricket-6-stumps-4-bails-3.jpg,4,3,3
bleached-polished-cricket-6-stumps-4-bails-3.jpg,4,4,3
bleached-polished-cricket-6-stumps-4-bails-3.jpg,4,5,3
bleached-polished-cricket-6-stumps-4-bails-3.jpg,4,6,3
bleached-polished-cricket-6-stumps-4-bails-3.jpg,4,7,3
bleached-polished-cricket-6-stumps-4-bails-3.jpg,4,8,0
bleached-polished-cricket-6-stumps-4-bails-3.jpg,5,1,0
bleached-polished-cricket-6-stumps-4-bails-3.jpg,5,2,3
bleached-polished-cricket-6-stumps-4-bails-3.jpg,5,3,3
bleached-polished-cricket-6-stumps-4-bails-3.jpg,5,4,3
bleached-polished-cricket-6-stumps-4-bails-3.jpg,5,5,3
bleached-polished-cricket-6-stumps-4-bails-3.jpg,5,6,3
bleached-polished-cricket-6-stumps-4-bails-3.jpg,5,7,3
bleached-polished-cricket-6-stumps-4-bails-3.jpg,5,8,0
bleached-polished-cricket-6-stumps-4-bails-3.jpg,6,1,0
bleached-polished-cricket-6-stumps-4-bails-3.jpg,6,2,3
bleached-polished-cricket-6-stumps-4-bails-3.jpg,6,3,3
bleached-polished-cricket-6-stumps-4-bails-3.jpg,6,4,3
bleached-polished-cricket-6-stumps-4-bails-3.jpg,6,5,3
bleached-polished-cricket-6-stumps-4-bails-3.jpg,6,6,3
bleached-polished-cricket-6-stumps-4-bails-3.jpg,6,7,3
bleached-polished-cricket-6-stumps-4-bails-3.jpg,6,8,0
bleached-polished-cricket-6-stumps-4-bails-3.jpg,7,1,0
bleached-polished-cricket-6-stumps-4-bails-3.jpg,7,2,3
bleached-polished-cricket-6-stumps-4-bails-3.jpg,7,3,3
bleached-polished-cricket-6-stumps-4-bails-3.jpg,7,4,3
bleached-polished-cricket-6-stumps-4-bails-3.jpg,7,5,3
bleached-polished-cricket-6-stumps-4-bails-3.jpg,7,6,3
bleached-polished-cricket-6-stumps-4-bails-3.jpg,7,7,3
bleached-polished-cricket-6-stumps-4-bails-3.jpg,7,8,0
bleached-polished-cricket-6-stumps-4-bails-3.jpg,8,1,0
bleached-polished-cricket-6-stumps-4-bails-3.jpg,8,2,3
bleached-polished-cricket-6-stumps-4-bails-3.jpg,8,3,3
bleached-polished-cricket-6-stumps-4-bails-3.jpg,8,4,3
bleached-polished-cricket-6-stumps-4-bails-3.jpg,8,5,3
bleached-polished-cricket-6-stumps-4-bails-3.jpg,8,6,3
bleached-polished-cricket-6-stumps-4-bails-3.jpg,8,7,3
bleached-polished-cricket-6-stumps-4-bails-3.jpg,8,8,0
bring-excitement-cricket-to-your-designs-dynamic-vector-illustration-batter-action-perfect-sports-apps-373093884.jpg,1,1,0
bring-excitement-cricket-to-your-designs-dynamic-vector-illustration-batter-action-perfect-sports-apps-373093884.jpg,1,2,0
bring-excitement-cricket-to-your-designs-dynamic-vector-illustration-batter-action-perfect-sports-apps-373093884.jpg,1,3,0
bring-excitement-cricket-to-your-designs-dynamic-vector-illustration-batter-action-perfect-sports-apps-373093884.jpg,1,4,0
bring-excitement-cricket-to-your-designs-dynamic-vector-illustration-batter-action-perfect-sports-apps-373093884.jpg,1,5,2
bring-excitement-cricket-to-your-designs-dynamic-vector-illustration-batter-action-perfect-sports-apps-373093884.jpg,1,6,2
bring-excitement-cricket-to-your-designs-dynamic-vector-illustration-batter-action-perfect-sports-apps-373093884.jpg,1,7,0
bring-excitement-cricket-to-your-designs-dynamic-vector-illustration-batter-action-perfect-sports-apps-373093884.jpg,1,8,0
bring-excitement-cricket-to-your-designs-dynamic-vector-illustration-batter-action-perfect-sports-apps-373093884.jpg,2,1,0
bring-excitement-cricket-to-your-designs-dynamic-vector-illustration-batter-action-perfect-sports-apps-373093884.jpg,2,2,0
bring-excitement-cricket-to-your-designs-dynamic-vector-illustration-batter-action-perfect-sports-apps-373093884.jpg,2,3,0
bring-excitement-cricket-to-your-designs-dynamic-vector-illustration-batter-action-perfect-sports-apps-373093884.jpg,2,4,0
bring-excitement-cricket-to-your-designs-dynamic-vector-illustration-batter-action-perfect-sports-apps-373093884.jpg,2,5,0
bring-excitement-cricket-to-your-designs-dynamic-vector-illustration-batter-action-perfect-sports-apps-373093884.jpg,2,6,2
bring-excitement-cricket-to-your-designs-dynamic-vector-illustration-batter-action-perfect-sports-apps-373093884.jpg,2,7,0
bring-excitement-cricket-to-your-designs-dynamic-vector-illustration-batter-action-perfect-sports-apps-373093884.jpg,2,8,0
bring-excitement-cricket-to-your-designs-dynamic-vector-illustration-batter-action-perfect-sports-apps-373093884.jpg,3,1,0
bring-excitement-cricket-to-your-designs-dynamic-vector-illustration-batter-action-perfect-sports-apps-373093884.jpg,3,2,0
bring-excitement-cricket-to-your-designs-dynamic-vector-illustration-batter-action-perfect-sports-apps-373093884.jpg,3,3,0
bring-excitement-cricket-to-your-designs-dynamic-vector-illustration-batter-action-perfect-sports-apps-373093884.jpg,3,4,0
bring-excitement-cricket-to-your-designs-dynamic-vector-illustration-batter-action-perfect-sports-apps-373093884.jpg,3,5,0
bring-excitement-cricket-to-your-designs-dynamic-vector-illustration-batter-action-perfect-sports-apps-373093884.jpg,3,6,0
bring-excitement-cricket-to-your-designs-dynamic-vector-illustration-batter-action-perfect-sports-apps-373093884.jpg,3,7,2
bring-excitement-cricket-to-your-designs-dynamic-vector-illustration-batter-action-perfect-sports-apps-373093884.jpg,3,8,0
bring-excitement-cricket-to-your-designs-dynamic-vector-illustration-batter-action-perfect-sports-apps-373093884.jpg,4,1,0
bring-excitement-cricket-to-your-designs-dynamic-vector-illustration-batter-action-perfect-sports-apps-373093884.jpg,4,2,0
bring-excitement-cricket-to-your-designs-dynamic-vector-illustration-batter-action-perfect-sports-apps-373093884.jpg,4,3,0
bring-excitement-cricket-to-your-designs-dynamic-vector-illustration-batter-action-perfect-sports-apps-373093884.jpg,4,4,0
bring-excitement-cricket-to-your-designs-dynamic-vector-illustration-batter-action-perfect-sports-apps-373093884.jpg,4,5,0
bring-excitement-cricket-to-your-designs-dynamic-vector-illustration-batter-action-perfect-sports-apps-373093884.jpg,4,6,0
bring-excitement-cricket-to-your-designs-dynamic-vector-illustration-batter-action-perfect-sports-apps-373093884.jpg,4,7,0
bring-excitement-cricket-to-your-designs-dynamic-vector-illustration-batter-action-perfect-sports-apps-373093884.jpg,4,8,0
bring-excitement-cricket-to-your-designs-dynamic-vector-illustration-batter-action-perfect-sports-apps-373093884.jpg,5,1,0
bring-excitement-cricket-to-your-designs-dynamic-vector-illustration-batter-action-perfect-sports-apps-373093884.jpg,5,2,0
bring-excitement-cricket-to-your-designs-dynamic-vector-illustration-batter-action-perfect-sports-apps-373093884.jpg,5,3,0
bring-excitement-cricket-to-your-designs-dynamic-vector-illustration-batter-action-perfect-sports-apps-373093884.jpg,5,4,0
bring-excitement-cricket-to-your-designs-dynamic-vector-illustration-batter-action-perfect-sports-apps-373093884.jpg,5,5,0
bring-excitement-cricket-to-your-designs-dynamic-vector-illustration-batter-action-perfect-sports-apps-373093884.jpg,5,6,0
bring-excitement-cricket-to-your-designs-dynamic-vector-illustration-batter-action-perfect-sports-apps-373093884.jpg,5,7,0
bring-excitement-cricket-to-your-designs-dynamic-vector-illustration-batter-action-perfect-sports-apps-373093884.jpg,5,8,0
bring-excitement-cricket-to-your-designs-dynamic-vector-illustration-batter-action-perfect-sports-apps-373093884.jpg,6,1,0
bring-excitement-cricket-to-your-designs-dynamic-vector-illustration-batter-action-perfect-sports-apps-373093884.jpg,6,2,0
bring-excitement-cricket-to-your-designs-dynamic-vector-illustration-batter-action-perfect-sports-apps-373093884.jpg,6,3,0
bring-excitement-cricket-to-your-designs-dynamic-vector-illustration-batter-action-perfect-sports-apps-373093884.jpg,6,4,0
bring-excitement-cricket-to-your-designs-dynamic-vector-illustration-batter-action-perfect-sports-apps-373093884.jpg,6,5,0
bring-excitement-cricket-to-your-designs-dynamic-vector-illustration-batter-action-perfect-sports-apps-373093884.jpg,6,6,0
bring-excitement-cricket-to-your-designs-dynamic-vector-illustration-batter-action-perfect-sports-apps-373093884.jpg,6,7,0
bring-excitement-cricket-to-your-designs-dynamic-vector-illustration-batter-action-perfect-sports-apps-373093884.jpg,6,8,0
bring-excitement-cricket-to-your-designs-dynamic-vector-illustration-batter-action-perfect-sports-apps-373093884.jpg,7,1,0
bring-excitement-cricket-to-your-designs-dynamic-vector-illustration-batter-action-perfect-sports-apps-373093884.jpg,7,2,0
bring-excitement-cricket-to-your-designs-dynamic-vector-illustration-batter-action-perfect-sports-apps-373093884.jpg,7,3,0
bring-excitement-cricket-to-your-designs-dynamic-vector-illustration-batter-action-perfect-sports-apps-373093884.jpg,7,4,0
bring-excitement-cricket-to-your-designs-dynamic-vector-illustration-batter-action-perfect-sports-apps-373093884.jpg,7,5,0
bring-excitement-cricket-to-your-designs-dynamic-vector-illustration-batter-action-perfect-sports-apps-373093884.jpg,7,6,0
bring-excitement-cricket-to-your-designs-dynamic-vector-illustration-batter-action-perfect-sports-apps-373093884.jpg,7,7,0
bring-excitement-cricket-to-your-designs-dynamic-vector-illustration-batter-action-perfect-sports-apps-373093884.jpg,7,8,0
bring-excitement-cricket-to-your-designs-dynamic-vector-illustration-batter-action-perfect-sports-apps-373093884.jpg,8,1,0
bring-excitement-cricket-to-your-designs-dynamic-vector-illustration-batter-action-perfect-sports-apps-373093884.jpg,8,2,0
bring-excitement-cricket-to-your-designs-dynamic-vector-illustration-batter-action-perfect-sports-apps-373093884.jpg,8,3,0
bring-excitement-cricket-to-your-designs-dynamic-vector-illustration-batter-action-perfect-sports-apps-373093884.jpg,8,4,0
bring-excitement-cricket-to-your-designs-dynamic-vector-illustration-batter-action-perfect-sports-apps-373093884.jpg,8,5,0
bring-excitement-cricket-to-your-designs-dynamic-vector-illustration-batter-action-perfect-sports-apps-373093884.jpg,8,6,0
bring-excitement-cricket-to-your-designs-dynamic-vector-illustration-batter-action-perfect-sports-apps-373093884.jpg,8,7,0
bring-excitement-cricket-to-your-designs-dynamic-vector-illustration-batter-action-perfect-sports-apps-373093884.jpg,8,8,0
CAmoadi750_17.jpg,1,1,0
CAmoadi750_17.jpg,1,2,0
CAmoadi750_17.jpg,1,3,0
CAmoadi750_17.jpg,1,4,2
CAmoadi750_17.jpg,1,5,2
CAmoadi750_17.jpg,1,6,0
CAmoadi750_17.jpg,1,7,0
CAmoadi750_17.jpg,1,8,0
CAmoadi750_17.jpg,2,1,0
CAmoadi750_17.jpg,2,2,0
CAmoadi750_17.jpg,2,3,0
CAmoadi750_17.jpg,2,4,2
CAmoadi750_17.jpg,2,5,2
CAmoadi750_17.jpg,2,6,0
CAmoadi750_17.jpg,2,7,0
CAmoadi750_17.jpg,2,8,0
CAmoadi750_17.jpg,3,1,0
CAmoadi750_17.jpg,3,2,0
CAmoadi750_17.jpg,3,3,0
CAmoadi750_17.jpg,3,4,2
CAmoadi750_17.jpg,3,5,2
CAmoadi750_17.jpg,3,6,0
CAmoadi750_17.jpg,3,7,0
CAmoadi750_17.jpg,3,8,0
CAmoadi750_17.jpg,4,1,0
CAmoadi750_17.jpg,4,2,0
CAmoadi750_17.jpg,4,3,0
CAmoadi750_17.jpg,4,4,2
CAmoadi750_17.jpg,4,5,2
CAmoadi750_17.jpg,4,6,0
CAmoadi750_17.jpg,4,7,0
CAmoadi750_17.jpg,4,8,0
CAmoadi750_17.jpg,5,1,0
CAmoadi750_17.jpg,5,2,0
CAmoadi750_17.jpg,5,3,0
CAmoadi750_17.jpg,5,4,2
CAmoadi750_17.jpg,5,5,2
CAmoadi750_17.jpg,5,6,0
CAmoadi750_17.jpg,5,7,0
CAmoadi750_17.jpg,5,8,0
CAmoadi750_17.jpg,6,1,0
CAmoadi750_17.jpg,6,2,0
CAmoadi750_17.jpg,6,3,0
CAmoadi750_17.jpg,6,4,2
CAmoadi750_17.jpg,6,5,2
CAmoadi750_17.jpg,6,6,0
CAmoadi750_17.jpg,6,7,0
CAmoadi750_17.jpg,6,8,0
CAmoadi750_17.jpg,7,1,0
CAmoadi750_17.jpg,7,2,0
CAmoadi750_17.jpg,7,3,0
CAmoadi750_17.jpg,7,4,2
CAmoadi750_17.jpg,7,5,2
CAmoadi750_17.jpg,7,6,0
CAmoadi750_17.jpg,7,7,0
CAmoadi750_17.jpg,7,8,0
CAmoadi750_17.jpg,8,1,0
CAmoadi750_17.jpg,8,2,0
CAmoadi750_17.jpg,8,3,0
CAmoadi750_17.jpg,8,4,2
CAmoadi750_17.jpg,8,5,2
CAmoadi750_17.jpg,8,6,0
CAmoadi750_17.jpg,8,7,0
CAmoadi750_17.jpg,8,8,0
close-up-cricket-player-bowled-out-batsman-bails-his-stump-flying-air-53720985.jpg,1,1,0
close-up-cricket-player-bowled-out-batsman-bails-his-stump-flying-air-53720985.jpg,1,2,0
close-up-cricket-player-bowled-out-batsman-bails-his-stump-flying-air-53720985.jpg,1,3,0
close-up-cricket-player-bowled-out-batsman-bails-his-stump-flying-air-53720985.jpg,1,4,0
close-up-cricket-player-bowled-out-batsman-bails-his-stump-flying-air-53720985.jpg,1,5,0
close-up-cricket-player-bowled-out-batsman-bails-his-stump-flying-air-53720985.jpg,1,6,0
close-up-cricket-player-bowled-out-batsman-bails-his-stump-flying-air-53720985.jpg,1,7,0
close-up-cricket-player-bowled-out-batsman-bails-his-stump-flying-air-53720985.jpg,1,8,0
close-up-cricket-player-bowled-out-batsman-bails-his-stump-flying-air-53720985.jpg,2,1,0
close-up-cricket-player-bowled-out-batsman-bails-his-stump-flying-air-53720985.jpg,2,2,0
close-up-cricket-player-bowled-out-batsman-bails-his-stump-flying-air-53720985.jpg,2,3,0
close-up-cricket-player-bowled-out-batsman-bails-his-stump-flying-air-53720985.jpg,2,4,0
close-up-cricket-player-bowled-out-batsman-bails-his-stump-flying-air-53720985.jpg,2,5,0
close-up-cricket-player-bowled-out-batsman-bails-his-stump-flying-air-53720985.jpg,2,6,0
close-up-cricket-player-bowled-out-batsman-bails-his-stump-flying-air-53720985.jpg,2,7,0
close-up-cricket-player-bowled-out-batsman-bails-his-stump-flying-air-53720985.jpg,2,8,0
close-up-cricket-player-bowled-out-batsman-bails-his-stump-flying-air-53720985.jpg,3,1,0
close-up-cricket-player-bowled-out-batsman-bails-his-stump-flying-air-53720985.jpg,3,2,0
close-up-cricket-player-bowled-out-batsman-bails-his-stump-flying-air-53720985.jpg,3,3,0
close-up-cricket-player-bowled-out-batsman-bails-his-stump-flying-air-53720985.jpg,3,4,0
close-up-cricket-player-bowled-out-batsman-bails-his-stump-flying-air-53720985.jpg,3,5,0
close-up-cricket-player-bowled-out-batsman-bails-his-stump-flying-air-53720985.jpg,3,6,0
close-up-cricket-player-bowled-out-batsman-bails-his-stump-flying-air-53720985.jpg,3,7,0
close-up-cricket-player-bowled-out-batsman-bails-his-stump-flying-air-53720985.jpg,3,8,0
close-up-cricket-player-bowled-out-batsman-bails-his-stump-flying-air-53720985.jpg,4,1,0
close-up-cricket-player-bowled-out-batsman-bails-his-stump-flying-air-53720985.jpg,4,2,3
close-up-cricket-player-bowled-out-batsman-bails-his-stump-flying-air-53720985.jpg,4,3,3
close-up-cricket-player-bowled-out-batsman-bails-his-stump-flying-air-53720985.jpg,4,4,0
close-up-cricket-player-bowled-out-batsman-bails-his-stump-flying-air-53720985.jpg,4,5,0
close-up-cricket-player-bowled-out-batsman-bails-his-stump-flying-air-53720985.jpg,4,6,0
close-up-cricket-player-bowled-out-batsman-bails-his-stump-flying-air-53720985.jpg,4,7,2
close-up-cricket-player-bowled-out-batsman-bails-his-stump-flying-air-53720985.jpg,4,8,0
close-up-cricket-player-bowled-out-batsman-bails-his-stump-flying-air-53720985.jpg,5,1,0
close-up-cricket-player-bowled-out-batsman-bails-his-stump-flying-air-53720985.jpg,5,2,3
close-up-cricket-player-bowled-out-batsman-bails-his-stump-flying-air-53720985.jpg,5,3,3
close-up-cricket-player-bowled-out-batsman-bails-his-stump-flying-air-53720985.jpg,5,4,0
close-up-cricket-player-bowled-out-batsman-bails-his-stump-flying-air-53720985.jpg,5,5,0
close-up-cricket-player-bowled-out-batsman-bails-his-stump-flying-air-53720985.jpg,5,6,0
close-up-cricket-player-bowled-out-batsman-bails-his-stump-flying-air-53720985.jpg,5,7,2
close-up-cricket-player-bowled-out-batsman-bails-his-stump-flying-air-53720985.jpg,5,8,0
close-up-cricket-player-bowled-out-batsman-bails-his-stump-flying-air-53720985.jpg,6,1,0
close-up-cricket-player-bowled-out-batsman-bails-his-stump-flying-air-53720985.jpg,6,2,3
close-up-cricket-player-bowled-out-batsman-bails-his-stump-flying-air-53720985.jpg,6,3,3
close-up-cricket-player-bowled-out-batsman-bails-his-stump-flying-air-53720985.jpg,6,4,0
close-up-cricket-player-bowled-out-batsman-bails-his-stump-flying-air-53720985.jpg,6,5,0
close-up-cricket-player-bowled-out-batsman-bails-his-stump-flying-air-53720985.jpg,6,6,0
close-up-cricket-player-bowled-out-batsman-bails-his-stump-flying-air-53720985.jpg,6,7,2
close-up-cricket-player-bowled-out-batsman-bails-his-stump-flying-air-53720985.jpg,6,8,0
close-up-cricket-player-bowled-out-batsman-bails-his-stump-flying-air-53720985.jpg,7,1,0
close-up-cricket-player-bowled-out-batsman-bails-his-stump-flying-air-53720985.jpg,7,2,3
close-up-cricket-player-bowled-out-batsman-bails-his-stump-flying-air-53720985.jpg,7,3,3
close-up-cricket-player-bowled-out-batsman-bails-his-stump-flying-air-53720985.jpg,7,4,0
close-up-cricket-player-bowled-out-batsman-bails-his-stump-flying-air-53720985.jpg,7,5,0
close-up-cricket-player-bowled-out-batsman-bails-his-stump-flying-air-53720985.jpg,7,6,0
close-up-cricket-player-bowled-out-batsman-bails-his-stump-flying-air-53720985.jpg,7,7,2
close-up-cricket-player-bowled-out-batsman-bails-his-stump-flying-air-53720985.jpg,7,8,0
close-up-cricket-player-bowled-out-batsman-bails-his-stump-flying-air-53720985.jpg,8,1,0
close-up-cricket-player-bowled-out-batsman-bails-his-stump-flying-air-53720985.jpg,8,2,0
close-up-cricket-player-bowled-out-batsman-bails-his-stump-flying-air-53720985.jpg,8,3,0
close-up-cricket-player-bowled-out-batsman-bails-his-stump-flying-air-53720985.jpg,8,4,0
close-up-cricket-player-bowled-out-batsman-bails-his-stump-flying-air-53720985.jpg,8,5,0
close-up-cricket-player-bowled-out-batsman-bails-his-stump-flying-air-53720985.jpg,8,6,0
close-up-cricket-player-bowled-out-batsman-bails-his-stump-flying-air-53720985.jpg,8,7,0
close-up-cricket-player-bowled-out-batsman-bails-his-stump-flying-air-53720985.jpg,8,8,0
close-up-of-cricket-stumps-D2E9CF.jpg,1,1,0
close-up-of-cricket-stumps-D2E9CF.jpg,1,2,0
close-up-of-cricket-stumps-D2E9CF.jpg,1,3,0
close-up-of-cricket-stumps-D2E9CF.jpg,1,4,0
close-up-of-cricket-stumps-D2E9CF.jpg,1,5,0
close-up-of-cricket-stumps-D2E9CF.jpg,1,6,0
close-up-of-cricket-stumps-D2E9CF.jpg,1,7,0
close-up-of-cricket-stumps-D2E9CF.jpg,1,8,0
close-up-of-cricket-stumps-D2E9CF.jpg,2,1,0
close-up-of-cricket-stumps-D2E9CF.jpg,2,2,3
close-up-of-cricket-stumps-D2E9CF.jpg,2,3,3
close-up-of-cricket-stumps-D2E9CF.jpg,2,4,0
close-up-of-cricket-stumps-D2E9CF.jpg,2,5,0
close-up-of-cricket-stumps-D2E9CF.jpg,2,6,0
close-up-of-cricket-stumps-D2E9CF.jpg,2,7,0
close-up-of-cricket-stumps-D2E9CF.jpg,2,8,0
close-up-of-cricket-stumps-D2E9CF.jpg,3,1,0
close-up-of-cricket-stumps-D2E9CF.jpg,3,2,3
close-up-of-cricket-stumps-D2E9CF.jpg,3,3,3
close-up-of-cricket-stumps-D2E9CF.jpg,3,4,3
close-up-of-cricket-stumps-D2E9CF.jpg,3,5,3
close-up-of-cricket-stumps-D2E9CF.jpg,3,6,0
close-up-of-cricket-stumps-D2E9CF.jpg,3,7,0
close-up-of-cricket-stumps-D2E9CF.jpg,3,8,0
close-up-of-cricket-stumps-D2E9CF.jpg,4,1,0
close-up-of-cricket-stumps-D2E9CF.jpg,4,2,3
close-up-of-cricket-stumps-D2E9CF.jpg,4,3,3
close-up-of-cricket-stumps-D2E9CF.jpg,4,4,3
close-up-of-cricket-stumps-D2E9CF.jpg,4,5,3
close-up-of-cricket-stumps-D2E9CF.jpg,4,6,3
close-up-of-cricket-stumps-D2E9CF.jpg,4,7,0
close-up-of-cricket-stumps-D2E9CF.jpg,4,8,0
close-up-of-cricket-stumps-D2E9CF.jpg,5,1,0
close-up-of-cricket-stumps-D2E9CF.jpg,5,2,0
close-up-of-cricket-stumps-D2E9CF.jpg,5,3,0
close-up-of-cricket-stumps-D2E9CF.jpg,5,4,3
close-up-of-cricket-stumps-D2E9CF.jpg,5,5,3
close-up-of-cricket-stumps-D2E9CF.jpg,5,6,3
close-up-of-cricket-stumps-D2E9CF.jpg,5,7,3
close-up-of-cricket-stumps-D2E9CF.jpg,5,8,0
close-up-of-cricket-stumps-D2E9CF.jpg,6,1,0
close-up-of-cricket-stumps-D2E9CF.jpg,6,2,0
close-up-of-cricket-stumps-D2E9CF.jpg,6,3,0
close-up-of-cricket-stumps-D2E9CF.jpg,6,4,0
close-up-of-cricket-stumps-D2E9CF.jpg,6,5,3
close-up-of-cricket-stumps-D2E9CF.jpg,6,6,3
close-up-of-cricket-stumps-D2E9CF.jpg,6,7,3
close-up-of-cricket-stumps-D2E9CF.jpg,6,8,3
close-up-of-cricket-stumps-D2E9CF.jpg,7,1,0
close-up-of-cricket-stumps-D2E9CF.jpg,7,2,0
close-up-of-cricket-stumps-D2E9CF.jpg,7,3,0
close-up-of-cricket-stumps-D2E9CF.jpg,7,4,0
close-up-of-cricket-stumps-D2E9CF.jpg,7,5,0
close-up-of-cricket-stumps-D2E9CF.jpg,7,6,3
close-up-of-cricket-stumps-D2E9CF.jpg,7,7,3
close-up-of-cricket-stumps-D2E9CF.jpg,7,8,0
close-up-of-cricket-stumps-D2E9CF.jpg,8,1,0
close-up-of-cricket-stumps-D2E9CF.jpg,8,2,0
close-up-of-cricket-stumps-D2E9CF.jpg,8,3,0
close-up-of-cricket-stumps-D2E9CF.jpg,8,4,0
close-up-of-cricket-stumps-D2E9CF.jpg,8,5,0
close-up-of-cricket-stumps-D2E9CF.jpg,8,6,0
close-up-of-cricket-stumps-D2E9CF.jpg,8,7,0
close-up-of-cricket-stumps-D2E9CF.jpg,8,8,0
close-up-of-cricket-stumps-on-a-traditional-grass-pitch-GPA28R (1).jpg,1,1,0
close-up-of-cricket-stumps-on-a-traditional-grass-pitch-GPA28R (1).jpg,1,2,0
close-up-of-cricket-stumps-on-a-traditional-grass-pitch-GPA28R (1).jpg,1,3,3
close-up-of-cricket-stumps-on-a-traditional-grass-pitch-GPA28R (1).jpg,1,4,3
close-up-of-cricket-stumps-on-a-traditional-grass-pitch-GPA28R (1).jpg,1,5,3
close-up-of-cricket-stumps-on-a-traditional-grass-pitch-GPA28R (1).jpg,1,6,3
close-up-of-cricket-stumps-on-a-traditional-grass-pitch-GPA28R (1).jpg,1,7,3
close-up-of-cricket-stumps-on-a-traditional-grass-pitch-GPA28R (1).jpg,1,8,0
close-up-of-cricket-stumps-on-a-traditional-grass-pitch-GPA28R (1).jpg,2,1,0
close-up-of-cricket-stumps-on-a-traditional-grass-pitch-GPA28R (1).jpg,2,2,0
close-up-of-cricket-stumps-on-a-traditional-grass-pitch-GPA28R (1).jpg,2,3,3
close-up-of-cricket-stumps-on-a-traditional-grass-pitch-GPA28R (1).jpg,2,4,3
close-up-of-cricket-stumps-on-a-traditional-grass-pitch-GPA28R (1).jpg,2,5,3
close-up-of-cricket-stumps-on-a-traditional-grass-pitch-GPA28R (1).jpg,2,6,3
close-up-of-cricket-stumps-on-a-traditional-grass-pitch-GPA28R (1).jpg,2,7,3
close-up-of-cricket-stumps-on-a-traditional-grass-pitch-GPA28R (1).jpg,2,8,0
close-up-of-cricket-stumps-on-a-traditional-grass-pitch-GPA28R (1).jpg,3,1,0
close-up-of-cricket-stumps-on-a-traditional-grass-pitch-GPA28R (1).jpg,3,2,0
close-up-of-cricket-stumps-on-a-traditional-grass-pitch-GPA28R (1).jpg,3,3,3
close-up-of-cricket-stumps-on-a-traditional-grass-pitch-GPA28R (1).jpg,3,4,3
close-up-of-cricket-stumps-on-a-traditional-grass-pitch-GPA28R (1).jpg,3,5,3
close-up-of-cricket-stumps-on-a-traditional-grass-pitch-GPA28R (1).jpg,3,6,3
close-up-of-cricket-stumps-on-a-traditional-grass-pitch-GPA28R (1).jpg,3,7,3
close-up-of-cricket-stumps-on-a-traditional-grass-pitch-GPA28R (1).jpg,3,8,0
close-up-of-cricket-stumps-on-a-traditional-grass-pitch-GPA28R (1).jpg,4,1,0
close-up-of-cricket-stumps-on-a-traditional-grass-pitch-GPA28R (1).jpg,4,2,0
close-up-of-cricket-stumps-on-a-traditional-grass-pitch-GPA28R (1).jpg,4,3,3
close-up-of-cricket-stumps-on-a-traditional-grass-pitch-GPA28R (1).jpg,4,4,3
close-up-of-cricket-stumps-on-a-traditional-grass-pitch-GPA28R (1).jpg,4,5,3
close-up-of-cricket-stumps-on-a-traditional-grass-pitch-GPA28R (1).jpg,4,6,3
close-up-of-cricket-stumps-on-a-traditional-grass-pitch-GPA28R (1).jpg,4,7,3
close-up-of-cricket-stumps-on-a-traditional-grass-pitch-GPA28R (1).jpg,4,8,0
close-up-of-cricket-stumps-on-a-traditional-grass-pitch-GPA28R (1).jpg,5,1,0
close-up-of-cricket-stumps-on-a-traditional-grass-pitch-GPA28R (1).jpg,5,2,0
close-up-of-cricket-stumps-on-a-traditional-grass-pitch-GPA28R (1).jpg,5,3,3
close-up-of-cricket-stumps-on-a-traditional-grass-pitch-GPA28R (1).jpg,5,4,3
close-up-of-cricket-stumps-on-a-traditional-grass-pitch-GPA28R (1).jpg,5,5,3
close-up-of-cricket-stumps-on-a-traditional-grass-pitch-GPA28R (1).jpg,5,6,3
close-up-of-cricket-stumps-on-a-traditional-grass-pitch-GPA28R (1).jpg,5,7,3
close-up-of-cricket-stumps-on-a-traditional-grass-pitch-GPA28R (1).jpg,5,8,0
close-up-of-cricket-stumps-on-a-traditional-grass-pitch-GPA28R (1).jpg,6,1,0
close-up-of-cricket-stumps-on-a-traditional-grass-pitch-GPA28R (1).jpg,6,2,0
close-up-of-cricket-stumps-on-a-traditional-grass-pitch-GPA28R (1).jpg,6,3,3
close-up-of-cricket-stumps-on-a-traditional-grass-pitch-GPA28R (1).jpg,6,4,3
close-up-of-cricket-stumps-on-a-traditional-grass-pitch-GPA28R (1).jpg,6,5,3
close-up-of-cricket-stumps-on-a-traditional-grass-pitch-GPA28R (1).jpg,6,6,3
close-up-of-cricket-stumps-on-a-traditional-grass-pitch-GPA28R (1).jpg,6,7,3
close-up-of-cricket-stumps-on-a-traditional-grass-pitch-GPA28R (1).jpg,6,8,0
close-up-of-cricket-stumps-on-a-traditional-grass-pitch-GPA28R (1).jpg,7,1,0
close-up-of-cricket-stumps-on-a-traditional-grass-pitch-GPA28R (1).jpg,7,2,0
close-up-of-cricket-stumps-on-a-traditional-grass-pitch-GPA28R (1).jpg,7,3,3
close-up-of-cricket-stumps-on-a-traditional-grass-pitch-GPA28R (1).jpg,7,4,3
close-up-of-cricket-stumps-on-a-traditional-grass-pitch-GPA28R (1).jpg,7,5,3
close-up-of-cricket-stumps-on-a-traditional-grass-pitch-GPA28R (1).jpg,7,6,3
close-up-of-cricket-stumps-on-a-traditional-grass-pitch-GPA28R (1).jpg,7,7,3
close-up-of-cricket-stumps-on-a-traditional-grass-pitch-GPA28R (1).jpg,7,8,0
close-up-of-cricket-stumps-on-a-traditional-grass-pitch-GPA28R (1).jpg,8,1,0
close-up-of-cricket-stumps-on-a-traditional-grass-pitch-GPA28R (1).jpg,8,2,0
close-up-of-cricket-stumps-on-a-traditional-grass-pitch-GPA28R (1).jpg,8,3,3
close-up-of-cricket-stumps-on-a-traditional-grass-pitch-GPA28R (1).jpg,8,4,3
close-up-of-cricket-stumps-on-a-traditional-grass-pitch-GPA28R (1).jpg,8,5,3
close-up-of-cricket-stumps-on-a-traditional-grass-pitch-GPA28R (1).jpg,8,6,3
close-up-of-cricket-stumps-on-a-traditional-grass-pitch-GPA28R (1).jpg,8,7,3
close-up-of-cricket-stumps-on-a-traditional-grass-pitch-GPA28R (1).jpg,8,8,0
close-up-of-wicket-keeper-standing-by-stumps-during-match-on-sunny-J84HCB (1).jpg,1,1,0
close-up-of-wicket-keeper-standing-by-stumps-during-match-on-sunny-J84HCB (1).jpg,1,2,0
close-up-of-wicket-keeper-standing-by-stumps-during-match-on-sunny-J84HCB (1).jpg,1,3,0
close-up-of-wicket-keeper-standing-by-stumps-during-match-on-sunny-J84HCB (1).jpg,1,4,0
close-up-of-wicket-keeper-standing-by-stumps-during-match-on-sunny-J84HCB (1).jpg,1,5,0
close-up-of-wicket-keeper-standing-by-stumps-during-match-on-sunny-J84HCB (1).jpg,1,6,0
close-up-of-wicket-keeper-standing-by-stumps-during-match-on-sunny-J84HCB (1).jpg,1,7,0
close-up-of-wicket-keeper-standing-by-stumps-during-match-on-sunny-J84HCB (1).jpg,1,8,0
close-up-of-wicket-keeper-standing-by-stumps-during-match-on-sunny-J84HCB (1).jpg,2,1,0
close-up-of-wicket-keeper-standing-by-stumps-during-match-on-sunny-J84HCB (1).jpg,2,2,0
close-up-of-wicket-keeper-standing-by-stumps-during-match-on-sunny-J84HCB (1).jpg,2,3,0
close-up-of-wicket-keeper-standing-by-stumps-during-match-on-sunny-J84HCB (1).jpg,2,4,0
close-up-of-wicket-keeper-standing-by-stumps-during-match-on-sunny-J84HCB (1).jpg,2,5,0
close-up-of-wicket-keeper-standing-by-stumps-during-match-on-sunny-J84HCB (1).jpg,2,6,0
close-up-of-wicket-keeper-standing-by-stumps-during-match-on-sunny-J84HCB (1).jpg,2,7,0
close-up-of-wicket-keeper-standing-by-stumps-during-match-on-sunny-J84HCB (1).jpg,2,8,0
close-up-of-wicket-keeper-standing-by-stumps-during-match-on-sunny-J84HCB (1).jpg,3,1,0
close-up-of-wicket-keeper-standing-by-stumps-during-match-on-sunny-J84HCB (1).jpg,3,2,0
close-up-of-wicket-keeper-standing-by-stumps-during-match-on-sunny-J84HCB (1).jpg,3,3,0
close-up-of-wicket-keeper-standing-by-stumps-during-match-on-sunny-J84HCB (1).jpg,3,4,3
close-up-of-wicket-keeper-standing-by-stumps-during-match-on-sunny-J84HCB (1).jpg,3,5,3
close-up-of-wicket-keeper-standing-by-stumps-during-match-on-sunny-J84HCB (1).jpg,3,6,3
close-up-of-wicket-keeper-standing-by-stumps-during-match-on-sunny-J84HCB (1).jpg,3,7,3
close-up-of-wicket-keeper-standing-by-stumps-during-match-on-sunny-J84HCB (1).jpg,3,8,0
close-up-of-wicket-keeper-standing-by-stumps-during-match-on-sunny-J84HCB (1).jpg,4,1,0
close-up-of-wicket-keeper-standing-by-stumps-during-match-on-sunny-J84HCB (1).jpg,4,2,0
close-up-of-wicket-keeper-standing-by-stumps-during-match-on-sunny-J84HCB (1).jpg,4,3,0
close-up-of-wicket-keeper-standing-by-stumps-during-match-on-sunny-J84HCB (1).jpg,4,4,3
close-up-of-wicket-keeper-standing-by-stumps-during-match-on-sunny-J84HCB (1).jpg,4,5,3
close-up-of-wicket-keeper-standing-by-stumps-during-match-on-sunny-J84HCB (1).jpg,4,6,3
close-up-of-wicket-keeper-standing-by-stumps-during-match-on-sunny-J84HCB (1).jpg,4,7,3
close-up-of-wicket-keeper-standing-by-stumps-during-match-on-sunny-J84HCB (1).jpg,4,8,0
close-up-of-wicket-keeper-standing-by-stumps-during-match-on-sunny-J84HCB (1).jpg,5,1,0
close-up-of-wicket-keeper-standing-by-stumps-during-match-on-sunny-J84HCB (1).jpg,5,2,0
close-up-of-wicket-keeper-standing-by-stumps-during-match-on-sunny-J84HCB (1).jpg,5,3,0
close-up-of-wicket-keeper-standing-by-stumps-during-match-on-sunny-J84HCB (1).jpg,5,4,3
close-up-of-wicket-keeper-standing-by-stumps-during-match-on-sunny-J84HCB (1).jpg,5,5,3
close-up-of-wicket-keeper-standing-by-stumps-during-match-on-sunny-J84HCB (1).jpg,5,6,3
close-up-of-wicket-keeper-standing-by-stumps-during-match-on-sunny-J84HCB (1).jpg,5,7,3
close-up-of-wicket-keeper-standing-by-stumps-during-match-on-sunny-J84HCB (1).jpg,5,8,0
close-up-of-wicket-keeper-standing-by-stumps-during-match-on-sunny-J84HCB (1).jpg,6,1,0
close-up-of-wicket-keeper-standing-by-stumps-during-match-on-sunny-J84HCB (1).jpg,6,2,0
close-up-of-wicket-keeper-standing-by-stumps-during-match-on-sunny-J84HCB (1).jpg,6,3,0
close-up-of-wicket-keeper-standing-by-stumps-during-match-on-sunny-J84HCB (1).jpg,6,4,3
close-up-of-wicket-keeper-standing-by-stumps-during-match-on-sunny-J84HCB (1).jpg,6,5,3
close-up-of-wicket-keeper-standing-by-stumps-during-match-on-sunny-J84HCB (1).jpg,6,6,3
close-up-of-wicket-keeper-standing-by-stumps-during-match-on-sunny-J84HCB (1).jpg,6,7,3
close-up-of-wicket-keeper-standing-by-stumps-during-match-on-sunny-J84HCB (1).jpg,6,8,0
close-up-of-wicket-keeper-standing-by-stumps-during-match-on-sunny-J84HCB (1).jpg,7,1,0
close-up-of-wicket-keeper-standing-by-stumps-during-match-on-sunny-J84HCB (1).jpg,7,2,0
close-up-of-wicket-keeper-standing-by-stumps-during-match-on-sunny-J84HCB (1).jpg,7,3,0
close-up-of-wicket-keeper-standing-by-stumps-during-match-on-sunny-J84HCB (1).jpg,7,4,3
close-up-of-wicket-keeper-standing-by-stumps-during-match-on-sunny-J84HCB (1).jpg,7,5,3
close-up-of-wicket-keeper-standing-by-stumps-during-match-on-sunny-J84HCB (1).jpg,7,6,3
close-up-of-wicket-keeper-standing-by-stumps-during-match-on-sunny-J84HCB (1).jpg,7,7,3
close-up-of-wicket-keeper-standing-by-stumps-during-match-on-sunny-J84HCB (1).jpg,7,8,0
close-up-of-wicket-keeper-standing-by-stumps-during-match-on-sunny-J84HCB (1).jpg,8,1,0
close-up-of-wicket-keeper-standing-by-stumps-during-match-on-sunny-J84HCB (1).jpg,8,2,0
close-up-of-wicket-keeper-standing-by-stumps-during-match-on-sunny-J84HCB (1).jpg,8,3,0
close-up-of-wicket-keeper-standing-by-stumps-during-match-on-sunny-J84HCB (1).jpg,8,4,3
close-up-of-wicket-keeper-standing-by-stumps-during-match-on-sunny-J84HCB (1).jpg,8,5,3
close-up-of-wicket-keeper-standing-by-stumps-during-match-on-sunny-J84HCB (1).jpg,8,6,3
close-up-of-wicket-keeper-standing-by-stumps-during-match-on-sunny-J84HCB (1).jpg,8,7,3
close-up-of-wicket-keeper-standing-by-stumps-during-match-on-sunny-J84HCB (1).jpg,8,8,0
close-up-view-of-cricket-stumps-on-a-cricket-pitch-2AY0MWK (1).jpg,1,1,0
close-up-view-of-cricket-stumps-on-a-cricket-pitch-2AY0MWK (1).jpg,1,2,0
close-up-view-of-cricket-stumps-on-a-cricket-pitch-2AY0MWK (1).jpg,1,3,0
close-up-view-of-cricket-stumps-on-a-cricket-pitch-2AY0MWK (1).jpg,1,4,0
close-up-view-of-cricket-stumps-on-a-cricket-pitch-2AY0MWK (1).jpg,1,5,0
close-up-view-of-cricket-stumps-on-a-cricket-pitch-2AY0MWK (1).jpg,1,6,0
close-up-view-of-cricket-stumps-on-a-cricket-pitch-2AY0MWK (1).jpg,1,7,0
close-up-view-of-cricket-stumps-on-a-cricket-pitch-2AY0MWK (1).jpg,1,8,0
close-up-view-of-cricket-stumps-on-a-cricket-pitch-2AY0MWK (1).jpg,2,1,0
close-up-view-of-cricket-stumps-on-a-cricket-pitch-2AY0MWK (1).jpg,2,2,0
close-up-view-of-cricket-stumps-on-a-cricket-pitch-2AY0MWK (1).jpg,2,3,0
close-up-view-of-cricket-stumps-on-a-cricket-pitch-2AY0MWK (1).jpg,2,4,0
close-up-view-of-cricket-stumps-on-a-cricket-pitch-2AY0MWK (1).jpg,2,5,0
close-up-view-of-cricket-stumps-on-a-cricket-pitch-2AY0MWK (1).jpg,2,6,0
close-up-view-of-cricket-stumps-on-a-cricket-pitch-2AY0MWK (1).jpg,2,7,0
close-up-view-of-cricket-stumps-on-a-cricket-pitch-2AY0MWK (1).jpg,2,8,0
close-up-view-of-cricket-stumps-on-a-cricket-pitch-2AY0MWK (1).jpg,3,1,0
close-up-view-of-cricket-stumps-on-a-cricket-pitch-2AY0MWK (1).jpg,3,2,0
close-up-view-of-cricket-stumps-on-a-cricket-pitch-2AY0MWK (1).jpg,3,3,0
close-up-view-of-cricket-stumps-on-a-cricket-pitch-2AY0MWK (1).jpg,3,4,0
close-up-view-of-cricket-stumps-on-a-cricket-pitch-2AY0MWK (1).jpg,3,5,0
close-up-view-of-cricket-stumps-on-a-cricket-pitch-2AY0MWK (1).jpg,3,6,0
close-up-view-of-cricket-stumps-on-a-cricket-pitch-2AY0MWK (1).jpg,3,7,0
close-up-view-of-cricket-stumps-on-a-cricket-pitch-2AY0MWK (1).jpg,3,8,0
close-up-view-of-cricket-stumps-on-a-cricket-pitch-2AY0MWK (1).jpg,4,1,0
close-up-view-of-cricket-stumps-on-a-cricket-pitch-2AY0MWK (1).jpg,4,2,3
close-up-view-of-cricket-stumps-on-a-cricket-pitch-2AY0MWK (1).jpg,4,3,3
close-up-view-of-cricket-stumps-on-a-cricket-pitch-2AY0MWK (1).jpg,4,4,3
close-up-view-of-cricket-stumps-on-a-cricket-pitch-2AY0MWK (1).jpg,4,5,3
close-up-view-of-cricket-stumps-on-a-cricket-pitch-2AY0MWK (1).jpg,4,6,0
close-up-view-of-cricket-stumps-on-a-cricket-pitch-2AY0MWK (1).jpg,4,7,0
close-up-view-of-cricket-stumps-on-a-cricket-pitch-2AY0MWK (1).jpg,4,8,0
close-up-view-of-cricket-stumps-on-a-cricket-pitch-2AY0MWK (1).jpg,5,1,0
close-up-view-of-cricket-stumps-on-a-cricket-pitch-2AY0MWK (1).jpg,5,2,3
close-up-view-of-cricket-stumps-on-a-cricket-pitch-2AY0MWK (1).jpg,5,3,3
close-up-view-of-cricket-stumps-on-a-cricket-pitch-2AY0MWK (1).jpg,5,4,3
close-up-view-of-cricket-stumps-on-a-cricket-pitch-2AY0MWK (1).jpg,5,5,3
close-up-view-of-cricket-stumps-on-a-cricket-pitch-2AY0MWK (1).jpg,5,6,0
close-up-view-of-cricket-stumps-on-a-cricket-pitch-2AY0MWK (1).jpg,5,7,0
close-up-view-of-cricket-stumps-on-a-cricket-pitch-2AY0MWK (1).jpg,5,8,0
close-up-view-of-cricket-stumps-on-a-cricket-pitch-2AY0MWK (1).jpg,6,1,0
close-up-view-of-cricket-stumps-on-a-cricket-pitch-2AY0MWK (1).jpg,6,2,3
close-up-view-of-cricket-stumps-on-a-cricket-pitch-2AY0MWK (1).jpg,6,3,3
close-up-view-of-cricket-stumps-on-a-cricket-pitch-2AY0MWK (1).jpg,6,4,3
close-up-view-of-cricket-stumps-on-a-cricket-pitch-2AY0MWK (1).jpg,6,5,3
close-up-view-of-cricket-stumps-on-a-cricket-pitch-2AY0MWK (1).jpg,6,6,0
close-up-view-of-cricket-stumps-on-a-cricket-pitch-2AY0MWK (1).jpg,6,7,0
close-up-view-of-cricket-stumps-on-a-cricket-pitch-2AY0MWK (1).jpg,6,8,0
close-up-view-of-cricket-stumps-on-a-cricket-pitch-2AY0MWK (1).jpg,7,1,0
close-up-view-of-cricket-stumps-on-a-cricket-pitch-2AY0MWK (1).jpg,7,2,3
close-up-view-of-cricket-stumps-on-a-cricket-pitch-2AY0MWK (1).jpg,7,3,3
close-up-view-of-cricket-stumps-on-a-cricket-pitch-2AY0MWK (1).jpg,7,4,3
close-up-view-of-cricket-stumps-on-a-cricket-pitch-2AY0MWK (1).jpg,7,5,3
close-up-view-of-cricket-stumps-on-a-cricket-pitch-2AY0MWK (1).jpg,7,6,0
close-up-view-of-cricket-stumps-on-a-cricket-pitch-2AY0MWK (1).jpg,7,7,0
close-up-view-of-cricket-stumps-on-a-cricket-pitch-2AY0MWK (1).jpg,7,8,0
close-up-view-of-cricket-stumps-on-a-cricket-pitch-2AY0MWK (1).jpg,8,1,0
close-up-view-of-cricket-stumps-on-a-cricket-pitch-2AY0MWK (1).jpg,8,2,3
close-up-view-of-cricket-stumps-on-a-cricket-pitch-2AY0MWK (1).jpg,8,3,3
close-up-view-of-cricket-stumps-on-a-cricket-pitch-2AY0MWK (1).jpg,8,4,3
close-up-view-of-cricket-stumps-on-a-cricket-pitch-2AY0MWK (1).jpg,8,5,3
close-up-view-of-cricket-stumps-on-a-cricket-pitch-2AY0MWK (1).jpg,8,6,0
close-up-view-of-cricket-stumps-on-a-cricket-pitch-2AY0MWK (1).jpg,8,7,0
close-up-view-of-cricket-stumps-on-a-cricket-pitch-2AY0MWK (1).jpg,8,8,0
closeup-cricket-equipment-green-grass-field-world-cup-concept-tools-bat-ball-wicket-stamp-helmet-background-399565635.jpg,1,1,0
closeup-cricket-equipment-green-grass-field-world-cup-concept-tools-bat-ball-wicket-stamp-helmet-background-399565635.jpg,1,2,0
closeup-cricket-equipment-green-grass-field-world-cup-concept-tools-bat-ball-wicket-stamp-helmet-background-399565635.jpg,1,3,0
closeup-cricket-equipment-green-grass-field-world-cup-concept-tools-bat-ball-wicket-stamp-helmet-background-399565635.jpg,1,4,0
closeup-cricket-equipment-green-grass-field-world-cup-concept-tools-bat-ball-wicket-stamp-helmet-background-399565635.jpg,1,5,0
closeup-cricket-equipment-green-grass-field-world-cup-concept-tools-bat-ball-wicket-stamp-helmet-background-399565635.jpg,1,6,0
closeup-cricket-equipment-green-grass-field-world-cup-concept-tools-bat-ball-wicket-stamp-helmet-background-399565635.jpg,1,7,0
closeup-cricket-equipment-green-grass-field-world-cup-concept-tools-bat-ball-wicket-stamp-helmet-background-399565635.jpg,1,8,0
closeup-cricket-equipment-green-grass-field-world-cup-concept-tools-bat-ball-wicket-stamp-helmet-background-399565635.jpg,2,1,0
closeup-cricket-equipment-green-grass-field-world-cup-concept-tools-bat-ball-wicket-stamp-helmet-background-399565635.jpg,2,2,0
closeup-cricket-equipment-green-grass-field-world-cup-concept-tools-bat-ball-wicket-stamp-helmet-background-399565635.jpg,2,3,0
closeup-cricket-equipment-green-grass-field-world-cup-concept-tools-bat-ball-wicket-stamp-helmet-background-399565635.jpg,2,4,0
closeup-cricket-equipment-green-grass-field-world-cup-concept-tools-bat-ball-wicket-stamp-helmet-background-399565635.jpg,2,5,0
closeup-cricket-equipment-green-grass-field-world-cup-concept-tools-bat-ball-wicket-stamp-helmet-background-399565635.jpg,2,6,0
closeup-cricket-equipment-green-grass-field-world-cup-concept-tools-bat-ball-wicket-stamp-helmet-background-399565635.jpg,2,7,0
closeup-cricket-equipment-green-grass-field-world-cup-concept-tools-bat-ball-wicket-stamp-helmet-background-399565635.jpg,2,8,0
closeup-cricket-equipment-green-grass-field-world-cup-concept-tools-bat-ball-wicket-stamp-helmet-background-399565635.jpg,3,1,0
closeup-cricket-equipment-green-grass-field-world-cup-concept-tools-bat-ball-wicket-stamp-helmet-background-399565635.jpg,3,2,0
closeup-cricket-equipment-green-grass-field-world-cup-concept-tools-bat-ball-wicket-stamp-helmet-background-399565635.jpg,3,3,0
closeup-cricket-equipment-green-grass-field-world-cup-concept-tools-bat-ball-wicket-stamp-helmet-background-399565635.jpg,3,4,1
closeup-cricket-equipment-green-grass-field-world-cup-concept-tools-bat-ball-wicket-stamp-helmet-background-399565635.jpg,3,5,1
closeup-cricket-equipment-green-grass-field-world-cup-concept-tools-bat-ball-wicket-stamp-helmet-background-399565635.jpg,3,6,0
closeup-cricket-equipment-green-grass-field-world-cup-concept-tools-bat-ball-wicket-stamp-helmet-background-399565635.jpg,3,7,2
closeup-cricket-equipment-green-grass-field-world-cup-concept-tools-bat-ball-wicket-stamp-helmet-background-399565635.jpg,3,8,0
closeup-cricket-equipment-green-grass-field-world-cup-concept-tools-bat-ball-wicket-stamp-helmet-background-399565635.jpg,4,1,0
closeup-cricket-equipment-green-grass-field-world-cup-concept-tools-bat-ball-wicket-stamp-helmet-background-399565635.jpg,4,2,0
closeup-cricket-equipment-green-grass-field-world-cup-concept-tools-bat-ball-wicket-stamp-helmet-background-399565635.jpg,4,3,0
closeup-cricket-equipment-green-grass-field-world-cup-concept-tools-bat-ball-wicket-stamp-helmet-background-399565635.jpg,4,4,1
closeup-cricket-equipment-green-grass-field-world-cup-concept-tools-bat-ball-wicket-stamp-helmet-background-399565635.jpg,4,5,1
closeup-cricket-equipment-green-grass-field-world-cup-concept-tools-bat-ball-wicket-stamp-helmet-background-399565635.jpg,4,6,2
closeup-cricket-equipment-green-grass-field-world-cup-concept-tools-bat-ball-wicket-stamp-helmet-background-399565635.jpg,4,7,2
closeup-cricket-equipment-green-grass-field-world-cup-concept-tools-bat-ball-wicket-stamp-helmet-background-399565635.jpg,4,8,0
closeup-cricket-equipment-green-grass-field-world-cup-concept-tools-bat-ball-wicket-stamp-helmet-background-399565635.jpg,5,1,0
closeup-cricket-equipment-green-grass-field-world-cup-concept-tools-bat-ball-wicket-stamp-helmet-background-399565635.jpg,5,2,0
closeup-cricket-equipment-green-grass-field-world-cup-concept-tools-bat-ball-wicket-stamp-helmet-background-399565635.jpg,5,3,2
closeup-cricket-equipment-green-grass-field-world-cup-concept-tools-bat-ball-wicket-stamp-helmet-background-399565635.jpg,5,4,2
closeup-cricket-equipment-green-grass-field-world-cup-concept-tools-bat-ball-wicket-stamp-helmet-background-399565635.jpg,5,5,2
closeup-cricket-equipment-green-grass-field-world-cup-concept-tools-bat-ball-wicket-stamp-helmet-background-399565635.jpg,5,6,2
closeup-cricket-equipment-green-grass-field-world-cup-concept-tools-bat-ball-wicket-stamp-helmet-background-399565635.jpg,5,7,0
closeup-cricket-equipment-green-grass-field-world-cup-concept-tools-bat-ball-wicket-stamp-helmet-background-399565635.jpg,5,8,0
closeup-cricket-equipment-green-grass-field-world-cup-concept-tools-bat-ball-wicket-stamp-helmet-background-399565635.jpg,6,1,0
closeup-cricket-equipment-green-grass-field-world-cup-concept-tools-bat-ball-wicket-stamp-helmet-background-399565635.jpg,6,2,2
closeup-cricket-equipment-green-grass-field-world-cup-concept-tools-bat-ball-wicket-stamp-helmet-background-399565635.jpg,6,3,2
closeup-cricket-equipment-green-grass-field-world-cup-concept-tools-bat-ball-wicket-stamp-helmet-background-399565635.jpg,6,4,2
closeup-cricket-equipment-green-grass-field-world-cup-concept-tools-bat-ball-wicket-stamp-helmet-background-399565635.jpg,6,5,2
closeup-cricket-equipment-green-grass-field-world-cup-concept-tools-bat-ball-wicket-stamp-helmet-background-399565635.jpg,6,6,0
closeup-cricket-equipment-green-grass-field-world-cup-concept-tools-bat-ball-wicket-stamp-helmet-background-399565635.jpg,6,7,0
closeup-cricket-equipment-green-grass-field-world-cup-concept-tools-bat-ball-wicket-stamp-helmet-background-399565635.jpg,6,8,0
closeup-cricket-equipment-green-grass-field-world-cup-concept-tools-bat-ball-wicket-stamp-helmet-background-399565635.jpg,7,1,0
closeup-cricket-equipment-green-grass-field-world-cup-concept-tools-bat-ball-wicket-stamp-helmet-background-399565635.jpg,7,2,2
closeup-cricket-equipment-green-grass-field-world-cup-concept-tools-bat-ball-wicket-stamp-helmet-background-399565635.jpg,7,3,2
closeup-cricket-equipment-green-grass-field-world-cup-concept-tools-bat-ball-wicket-stamp-helmet-background-399565635.jpg,7,4,2
closeup-cricket-equipment-green-grass-field-world-cup-concept-tools-bat-ball-wicket-stamp-helmet-background-399565635.jpg,7,5,0
closeup-cricket-equipment-green-grass-field-world-cup-concept-tools-bat-ball-wicket-stamp-helmet-background-399565635.jpg,7,6,0
closeup-cricket-equipment-green-grass-field-world-cup-concept-tools-bat-ball-wicket-stamp-helmet-background-399565635.jpg,7,7,0
closeup-cricket-equipment-green-grass-field-world-cup-concept-tools-bat-ball-wicket-stamp-helmet-background-399565635.jpg,7,8,0
closeup-cricket-equipment-green-grass-field-world-cup-concept-tools-bat-ball-wicket-stamp-helmet-background-399565635.jpg,8,1,0
closeup-cricket-equipment-green-grass-field-world-cup-concept-tools-bat-ball-wicket-stamp-helmet-background-399565635.jpg,8,2,0
closeup-cricket-equipment-green-grass-field-world-cup-concept-tools-bat-ball-wicket-stamp-helmet-background-399565635.jpg,8,3,0
closeup-cricket-equipment-green-grass-field-world-cup-concept-tools-bat-ball-wicket-stamp-helmet-background-399565635.jpg,8,4,0
closeup-cricket-equipment-green-grass-field-world-cup-concept-tools-bat-ball-wicket-stamp-helmet-background-399565635.jpg,8,5,0
closeup-cricket-equipment-green-grass-field-world-cup-concept-tools-bat-ball-wicket-stamp-helmet-background-399565635.jpg,8,6,0
closeup-cricket-equipment-green-grass-field-world-cup-concept-tools-bat-ball-wicket-stamp-helmet-background-399565635.jpg,8,7,0
closeup-cricket-equipment-green-grass-field-world-cup-concept-tools-bat-ball-wicket-stamp-helmet-background-399565635.jpg,8,8,0
closeup-old-cricket-sport-equipments-on-green-floor-old-leather-ball-wooden-bat-soft-and-selective-focus-traditional-cricket-sport-lovers-around-the-world-concept-photo (1).jpg,1,1,0
closeup-old-cricket-sport-equipments-on-green-floor-old-leather-ball-wooden-bat-soft-and-selective-focus-traditional-cricket-sport-lovers-around-the-world-concept-photo (1).jpg,1,2,0
closeup-old-cricket-sport-equipments-on-green-floor-old-leather-ball-wooden-bat-soft-and-selective-focus-traditional-cricket-sport-lovers-around-the-world-concept-photo (1).jpg,1,3,0
closeup-old-cricket-sport-equipments-on-green-floor-old-leather-ball-wooden-bat-soft-and-selective-focus-traditional-cricket-sport-lovers-around-the-world-concept-photo (1).jpg,1,4,0
closeup-old-cricket-sport-equipments-on-green-floor-old-leather-ball-wooden-bat-soft-and-selective-focus-traditional-cricket-sport-lovers-around-the-world-concept-photo (1).jpg,1,5,0
closeup-old-cricket-sport-equipments-on-green-floor-old-leather-ball-wooden-bat-soft-and-selective-focus-traditional-cricket-sport-lovers-around-the-world-concept-photo (1).jpg,1,6,0
closeup-old-cricket-sport-equipments-on-green-floor-old-leather-ball-wooden-bat-soft-and-selective-focus-traditional-cricket-sport-lovers-around-the-world-concept-photo (1).jpg,1,7,0
closeup-old-cricket-sport-equipments-on-green-floor-old-leather-ball-wooden-bat-soft-and-selective-focus-traditional-cricket-sport-lovers-around-the-world-concept-photo (1).jpg,1,8,0
closeup-old-cricket-sport-equipments-on-green-floor-old-leather-ball-wooden-bat-soft-and-selective-focus-traditional-cricket-sport-lovers-around-the-world-concept-photo (1).jpg,2,1,0
closeup-old-cricket-sport-equipments-on-green-floor-old-leather-ball-wooden-bat-soft-and-selective-focus-traditional-cricket-sport-lovers-around-the-world-concept-photo (1).jpg,2,2,0
closeup-old-cricket-sport-equipments-on-green-floor-old-leather-ball-wooden-bat-soft-and-selective-focus-traditional-cricket-sport-lovers-around-the-world-concept-photo (1).jpg,2,3,0
closeup-old-cricket-sport-equipments-on-green-floor-old-leather-ball-wooden-bat-soft-and-selective-focus-traditional-cricket-sport-lovers-around-the-world-concept-photo (1).jpg,2,4,0
closeup-old-cricket-sport-equipments-on-green-floor-old-leather-ball-wooden-bat-soft-and-selective-focus-traditional-cricket-sport-lovers-around-the-world-concept-photo (1).jpg,2,5,0
closeup-old-cricket-sport-equipments-on-green-floor-old-leather-ball-wooden-bat-soft-and-selective-focus-traditional-cricket-sport-lovers-around-the-world-concept-photo (1).jpg,2,6,0
closeup-old-cricket-sport-equipments-on-green-floor-old-leather-ball-wooden-bat-soft-and-selective-focus-traditional-cricket-sport-lovers-around-the-world-concept-photo (1).jpg,2,7,0
closeup-old-cricket-sport-equipments-on-green-floor-old-leather-ball-wooden-bat-soft-and-selective-focus-traditional-cricket-sport-lovers-around-the-world-concept-photo (1).jpg,2,8,0
closeup-old-cricket-sport-equipments-on-green-floor-old-leather-ball-wooden-bat-soft-and-selective-focus-traditional-cricket-sport-lovers-around-the-world-concept-photo (1).jpg,3,1,0
closeup-old-cricket-sport-equipments-on-green-floor-old-leather-ball-wooden-bat-soft-and-selective-focus-traditional-cricket-sport-lovers-around-the-world-concept-photo (1).jpg,3,2,0
closeup-old-cricket-sport-equipments-on-green-floor-old-leather-ball-wooden-bat-soft-and-selective-focus-traditional-cricket-sport-lovers-around-the-world-concept-photo (1).jpg,3,3,0
closeup-old-cricket-sport-equipments-on-green-floor-old-leather-ball-wooden-bat-soft-and-selective-focus-traditional-cricket-sport-lovers-around-the-world-concept-photo (1).jpg,3,4,1
closeup-old-cricket-sport-equipments-on-green-floor-old-leather-ball-wooden-bat-soft-and-selective-focus-traditional-cricket-sport-lovers-around-the-world-concept-photo (1).jpg,3,5,1
closeup-old-cricket-sport-equipments-on-green-floor-old-leather-ball-wooden-bat-soft-and-selective-focus-traditional-cricket-sport-lovers-around-the-world-concept-photo (1).jpg,3,6,1
closeup-old-cricket-sport-equipments-on-green-floor-old-leather-ball-wooden-bat-soft-and-selective-focus-traditional-cricket-sport-lovers-around-the-world-concept-photo (1).jpg,3,7,1
closeup-old-cricket-sport-equipments-on-green-floor-old-leather-ball-wooden-bat-soft-and-selective-focus-traditional-cricket-sport-lovers-around-the-world-concept-photo (1).jpg,3,8,0
closeup-old-cricket-sport-equipments-on-green-floor-old-leather-ball-wooden-bat-soft-and-selective-focus-traditional-cricket-sport-lovers-around-the-world-concept-photo (1).jpg,4,1,0
closeup-old-cricket-sport-equipments-on-green-floor-old-leather-ball-wooden-bat-soft-and-selective-focus-traditional-cricket-sport-lovers-around-the-world-concept-photo (1).jpg,4,2,0
closeup-old-cricket-sport-equipments-on-green-floor-old-leather-ball-wooden-bat-soft-and-selective-focus-traditional-cricket-sport-lovers-around-the-world-concept-photo (1).jpg,4,3,0
closeup-old-cricket-sport-equipments-on-green-floor-old-leather-ball-wooden-bat-soft-and-selective-focus-traditional-cricket-sport-lovers-around-the-world-concept-photo (1).jpg,4,4,1
closeup-old-cricket-sport-equipments-on-green-floor-old-leather-ball-wooden-bat-soft-and-selective-focus-traditional-cricket-sport-lovers-around-the-world-concept-photo (1).jpg,4,5,1
closeup-old-cricket-sport-equipments-on-green-floor-old-leather-ball-wooden-bat-soft-and-selective-focus-traditional-cricket-sport-lovers-around-the-world-concept-photo (1).jpg,4,6,1
closeup-old-cricket-sport-equipments-on-green-floor-old-leather-ball-wooden-bat-soft-and-selective-focus-traditional-cricket-sport-lovers-around-the-world-concept-photo (1).jpg,4,7,1
closeup-old-cricket-sport-equipments-on-green-floor-old-leather-ball-wooden-bat-soft-and-selective-focus-traditional-cricket-sport-lovers-around-the-world-concept-photo (1).jpg,4,8,0
closeup-old-cricket-sport-equipments-on-green-floor-old-leather-ball-wooden-bat-soft-and-selective-focus-traditional-cricket-sport-lovers-around-the-world-concept-photo (1).jpg,5,1,0
closeup-old-cricket-sport-equipments-on-green-floor-old-leather-ball-wooden-bat-soft-and-selective-focus-traditional-cricket-sport-lovers-around-the-world-concept-photo (1).jpg,5,2,0
closeup-old-cricket-sport-equipments-on-green-floor-old-leather-ball-wooden-bat-soft-and-selective-focus-traditional-cricket-sport-lovers-around-the-world-concept-photo (1).jpg,5,3,0
closeup-old-cricket-sport-equipments-on-green-floor-old-leather-ball-wooden-bat-soft-and-selective-focus-traditional-cricket-sport-lovers-around-the-world-concept-photo (1).jpg,5,4,1
closeup-old-cricket-sport-equipments-on-green-floor-old-leather-ball-wooden-bat-soft-and-selective-focus-traditional-cricket-sport-lovers-around-the-world-concept-photo (1).jpg,5,5,1
closeup-old-cricket-sport-equipments-on-green-floor-old-leather-ball-wooden-bat-soft-and-selective-focus-traditional-cricket-sport-lovers-around-the-world-concept-photo (1).jpg,5,6,1
closeup-old-cricket-sport-equipments-on-green-floor-old-leather-ball-wooden-bat-soft-and-selective-focus-traditional-cricket-sport-lovers-around-the-world-concept-photo (1).jpg,5,7,1
closeup-old-cricket-sport-equipments-on-green-floor-old-leather-ball-wooden-bat-soft-and-selective-focus-traditional-cricket-sport-lovers-around-the-world-concept-photo (1).jpg,5,8,0
closeup-old-cricket-sport-equipments-on-green-floor-old-leather-ball-wooden-bat-soft-and-selective-focus-traditional-cricket-sport-lovers-around-the-world-concept-photo (1).jpg,6,1,0
closeup-old-cricket-sport-equipments-on-green-floor-old-leather-ball-wooden-bat-soft-and-selective-focus-traditional-cricket-sport-lovers-around-the-world-concept-photo (1).jpg,6,2,0
closeup-old-cricket-sport-equipments-on-green-floor-old-leather-ball-wooden-bat-soft-and-selective-focus-traditional-cricket-sport-lovers-around-the-world-concept-photo (1).jpg,6,3,2
closeup-old-cricket-sport-equipments-on-green-floor-old-leather-ball-wooden-bat-soft-and-selective-focus-traditional-cricket-sport-lovers-around-the-world-concept-photo (1).jpg,6,4,2
closeup-old-cricket-sport-equipments-on-green-floor-old-leather-ball-wooden-bat-soft-and-selective-focus-traditional-cricket-sport-lovers-around-the-world-concept-photo (1).jpg,6,5,1
closeup-old-cricket-sport-equipments-on-green-floor-old-leather-ball-wooden-bat-soft-and-selective-focus-traditional-cricket-sport-lovers-around-the-world-concept-photo (1).jpg,6,6,1
closeup-old-cricket-sport-equipments-on-green-floor-old-leather-ball-wooden-bat-soft-and-selective-focus-traditional-cricket-sport-lovers-around-the-world-concept-photo (1).jpg,6,7,1
closeup-old-cricket-sport-equipments-on-green-floor-old-leather-ball-wooden-bat-soft-and-selective-focus-traditional-cricket-sport-lovers-around-the-world-concept-photo (1).jpg,6,8,0
closeup-old-cricket-sport-equipments-on-green-floor-old-leather-ball-wooden-bat-soft-and-selective-focus-traditional-cricket-sport-lovers-around-the-world-concept-photo (1).jpg,7,1,0
closeup-old-cricket-sport-equipments-on-green-floor-old-leather-ball-wooden-bat-soft-and-selective-focus-traditional-cricket-sport-lovers-around-the-world-concept-photo (1).jpg,7,2,0
closeup-old-cricket-sport-equipments-on-green-floor-old-leather-ball-wooden-bat-soft-and-selective-focus-traditional-cricket-sport-lovers-around-the-world-concept-photo (1).jpg,7,3,2
closeup-old-cricket-sport-equipments-on-green-floor-old-leather-ball-wooden-bat-soft-and-selective-focus-traditional-cricket-sport-lovers-around-the-world-concept-photo (1).jpg,7,4,2
closeup-old-cricket-sport-equipments-on-green-floor-old-leather-ball-wooden-bat-soft-and-selective-focus-traditional-cricket-sport-lovers-around-the-world-concept-photo (1).jpg,7,5,2
closeup-old-cricket-sport-equipments-on-green-floor-old-leather-ball-wooden-bat-soft-and-selective-focus-traditional-cricket-sport-lovers-around-the-world-concept-photo (1).jpg,7,6,2
closeup-old-cricket-sport-equipments-on-green-floor-old-leather-ball-wooden-bat-soft-and-selective-focus-traditional-cricket-sport-lovers-around-the-world-concept-photo (1).jpg,7,7,2
closeup-old-cricket-sport-equipments-on-green-floor-old-leather-ball-wooden-bat-soft-and-selective-focus-traditional-cricket-sport-lovers-around-the-world-concept-photo (1).jpg,7,8,2
closeup-old-cricket-sport-equipments-on-green-floor-old-leather-ball-wooden-bat-soft-and-selective-focus-traditional-cricket-sport-lovers-around-the-world-concept-photo (1).jpg,8,1,0
closeup-old-cricket-sport-equipments-on-green-floor-old-leather-ball-wooden-bat-soft-and-selective-focus-traditional-cricket-sport-lovers-around-the-world-concept-photo (1).jpg,8,2,0
closeup-old-cricket-sport-equipments-on-green-floor-old-leather-ball-wooden-bat-soft-and-selective-focus-traditional-cricket-sport-lovers-around-the-world-concept-photo (1).jpg,8,3,0
closeup-old-cricket-sport-equipments-on-green-floor-old-leather-ball-wooden-bat-soft-and-selective-focus-traditional-cricket-sport-lovers-around-the-world-concept-photo (1).jpg,8,4,2
closeup-old-cricket-sport-equipments-on-green-floor-old-leather-ball-wooden-bat-soft-and-selective-focus-traditional-cricket-sport-lovers-around-the-world-concept-photo (1).jpg,8,5,2
closeup-old-cricket-sport-equipments-on-green-floor-old-leather-ball-wooden-bat-soft-and-selective-focus-traditional-cricket-sport-lovers-around-the-world-concept-photo (1).jpg,8,6,2
closeup-old-cricket-sport-equipments-on-green-floor-old-leather-ball-wooden-bat-soft-and-selective-focus-traditional-cricket-sport-lovers-around-the-world-concept-photo (1).jpg,8,7,2
closeup-old-cricket-sport-equipments-on-green-floor-old-leather-ball-wooden-bat-soft-and-selective-focus-traditional-cricket-sport-lovers-around-the-world-concept-photo (1).jpg,8,8,2
CPPlasticStumps1CricketerPro.jpg,1,1,0
CPPlasticStumps1CricketerPro.jpg,1,2,0
CPPlasticStumps1CricketerPro.jpg,1,3,0
CPPlasticStumps1CricketerPro.jpg,1,4,3
CPPlasticStumps1CricketerPro.jpg,1,5,3
CPPlasticStumps1CricketerPro.jpg,1,6,3
CPPlasticStumps1CricketerPro.jpg,1,7,0
CPPlasticStumps1CricketerPro.jpg,1,8,0
CPPlasticStumps1CricketerPro.jpg,2,1,0
CPPlasticStumps1CricketerPro.jpg,2,2,0
CPPlasticStumps1CricketerPro.jpg,2,3,0
CPPlasticStumps1CricketerPro.jpg,2,4,3
CPPlasticStumps1CricketerPro.jpg,2,5,3
CPPlasticStumps1CricketerPro.jpg,2,6,3
CPPlasticStumps1CricketerPro.jpg,2,7,0
CPPlasticStumps1CricketerPro.jpg,2,8,0
CPPlasticStumps1CricketerPro.jpg,3,1,0
CPPlasticStumps1CricketerPro.jpg,3,2,0
CPPlasticStumps1CricketerPro.jpg,3,3,0
CPPlasticStumps1CricketerPro.jpg,3,4,3
CPPlasticStumps1CricketerPro.jpg,3,5,3
CPPlasticStumps1CricketerPro.jpg,3,6,3
CPPlasticStumps1CricketerPro.jpg,3,7,0
CPPlasticStumps1CricketerPro.jpg,3,8,0
CPPlasticStumps1CricketerPro.jpg,4,1,0
CPPlasticStumps1CricketerPro.jpg,4,2,0
CPPlasticStumps1CricketerPro.jpg,4,3,0
CPPlasticStumps1CricketerPro.jpg,4,4,3
CPPlasticStumps1CricketerPro.jpg,4,5,3
CPPlasticStumps1CricketerPro.jpg,4,6,3
CPPlasticStumps1CricketerPro.jpg,4,7,0
CPPlasticStumps1CricketerPro.jpg,4,8,0
CPPlasticStumps1CricketerPro.jpg,5,1,0
CPPlasticStumps1CricketerPro.jpg,5,2,0
CPPlasticStumps1CricketerPro.jpg,5,3,0
CPPlasticStumps1CricketerPro.jpg,5,4,3
CPPlasticStumps1CricketerPro.jpg,5,5,3
CPPlasticStumps1CricketerPro.jpg,5,6,3
CPPlasticStumps1CricketerPro.jpg,5,7,0
CPPlasticStumps1CricketerPro.jpg,5,8,0
CPPlasticStumps1CricketerPro.jpg,6,1,0
CPPlasticStumps1CricketerPro.jpg,6,2,0
CPPlasticStumps1CricketerPro.jpg,6,3,0
CPPlasticStumps1CricketerPro.jpg,6,4,3
CPPlasticStumps1CricketerPro.jpg,6,5,3
CPPlasticStumps1CricketerPro.jpg,6,6,3
CPPlasticStumps1CricketerPro.jpg,6,7,0
CPPlasticStumps1CricketerPro.jpg,6,8,0
CPPlasticStumps1CricketerPro.jpg,7,1,0
CPPlasticStumps1CricketerPro.jpg,7,2,0
CPPlasticStumps1CricketerPro.jpg,7,3,0
CPPlasticStumps1CricketerPro.jpg,7,4,3
CPPlasticStumps1CricketerPro.jpg,7,5,3
CPPlasticStumps1CricketerPro.jpg,7,6,3
CPPlasticStumps1CricketerPro.jpg,7,7,0
CPPlasticStumps1CricketerPro.jpg,7,8,0
CPPlasticStumps1CricketerPro.jpg,8,1,0
CPPlasticStumps1CricketerPro.jpg,8,2,0
CPPlasticStumps1CricketerPro.jpg,8,3,0
CPPlasticStumps1CricketerPro.jpg,8,4,3
CPPlasticStumps1CricketerPro.jpg,8,5,3
CPPlasticStumps1CricketerPro.jpg,8,6,3
CPPlasticStumps1CricketerPro.jpg,8,7,0
CPPlasticStumps1CricketerPro.jpg,8,8,0
CPPlasticStumps1CricketerPro_1200x.jpg,1,1,0
CPPlasticStumps1CricketerPro_1200x.jpg,1,2,0
CPPlasticStumps1CricketerPro_1200x.jpg,1,3,0
CPPlasticStumps1CricketerPro_1200x.jpg,1,4,3
CPPlasticStumps1CricketerPro_1200x.jpg,1,5,3
CPPlasticStumps1CricketerPro_1200x.jpg,1,6,3
CPPlasticStumps1CricketerPro_1200x.jpg,1,7,0
CPPlasticStumps1CricketerPro_1200x.jpg,1,8,0
CPPlasticStumps1CricketerPro_1200x.jpg,2,1,0
CPPlasticStumps1CricketerPro_1200x.jpg,2,2,0
CPPlasticStumps1CricketerPro_1200x.jpg,2,3,0
CPPlasticStumps1CricketerPro_1200x.jpg,2,4,3
CPPlasticStumps1CricketerPro_1200x.jpg,2,5,3
CPPlasticStumps1CricketerPro_1200x.jpg,2,6,3
CPPlasticStumps1CricketerPro_1200x.jpg,2,7,0
CPPlasticStumps1CricketerPro_1200x.jpg,2,8,0
CPPlasticStumps1CricketerPro_1200x.jpg,3,1,0
CPPlasticStumps1CricketerPro_1200x.jpg,3,2,0
CPPlasticStumps1CricketerPro_1200x.jpg,3,3,0
CPPlasticStumps1CricketerPro_1200x.jpg,3,4,3
CPPlasticStumps1CricketerPro_1200x.jpg,3,5,3
CPPlasticStumps1CricketerPro_1200x.jpg,3,6,3
CPPlasticStumps1CricketerPro_1200x.jpg,3,7,0
CPPlasticStumps1CricketerPro_1200x.jpg,3,8,0
CPPlasticStumps1CricketerPro_1200x.jpg,4,1,0
CPPlasticStumps1CricketerPro_1200x.jpg,4,2,0
CPPlasticStumps1CricketerPro_1200x.jpg,4,3,0
CPPlasticStumps1CricketerPro_1200x.jpg,4,4,3
CPPlasticStumps1CricketerPro_1200x.jpg,4,5,3
CPPlasticStumps1CricketerPro_1200x.jpg,4,6,3
CPPlasticStumps1CricketerPro_1200x.jpg,4,7,0
CPPlasticStumps1CricketerPro_1200x.jpg,4,8,0
CPPlasticStumps1CricketerPro_1200x.jpg,5,1,0
CPPlasticStumps1CricketerPro_1200x.jpg,5,2,0
CPPlasticStumps1CricketerPro_1200x.jpg,5,3,0
CPPlasticStumps1CricketerPro_1200x.jpg,5,4,3
CPPlasticStumps1CricketerPro_1200x.jpg,5,5,3
CPPlasticStumps1CricketerPro_1200x.jpg,5,6,3
CPPlasticStumps1CricketerPro_1200x.jpg,5,7,0
CPPlasticStumps1CricketerPro_1200x.jpg,5,8,0
CPPlasticStumps1CricketerPro_1200x.jpg,6,1,0
CPPlasticStumps1CricketerPro_1200x.jpg,6,2,0
CPPlasticStumps1CricketerPro_1200x.jpg,6,3,0
CPPlasticStumps1CricketerPro_1200x.jpg,6,4,3
CPPlasticStumps1CricketerPro_1200x.jpg,6,5,3
CPPlasticStumps1CricketerPro_1200x.jpg,6,6,3
CPPlasticStumps1CricketerPro_1200x.jpg,6,7,0
CPPlasticStumps1CricketerPro_1200x.jpg,6,8,0
CPPlasticStumps1CricketerPro_1200x.jpg,7,1,0
CPPlasticStumps1CricketerPro_1200x.jpg,7,2,0
CPPlasticStumps1CricketerPro_1200x.jpg,7,3,0
CPPlasticStumps1CricketerPro_1200x.jpg,7,4,3
CPPlasticStumps1CricketerPro_1200x.jpg,7,5,3
CPPlasticStumps1CricketerPro_1200x.jpg,7,6,3
CPPlasticStumps1CricketerPro_1200x.jpg,7,7,0
CPPlasticStumps1CricketerPro_1200x.jpg,7,8,0
CPPlasticStumps1CricketerPro_1200x.jpg,8,1,0
CPPlasticStumps1CricketerPro_1200x.jpg,8,2,0
CPPlasticStumps1CricketerPro_1200x.jpg,8,3,0
CPPlasticStumps1CricketerPro_1200x.jpg,8,4,3
CPPlasticStumps1CricketerPro_1200x.jpg,8,5,3
CPPlasticStumps1CricketerPro_1200x.jpg,8,6,3
CPPlasticStumps1CricketerPro_1200x.jpg,8,7,0
CPPlasticStumps1CricketerPro_1200x.jpg,8,8,0
cr-2025102368f9f696735c2.jpg,1,1,0
cr-2025102368f9f696735c2.jpg,1,2,0
cr-2025102368f9f696735c2.jpg,1,3,0
cr-2025102368f9f696735c2.jpg,1,4,0
cr-2025102368f9f696735c2.jpg,1,5,0
cr-2025102368f9f696735c2.jpg,1,6,0
cr-2025102368f9f696735c2.jpg,1,7,0
cr-2025102368f9f696735c2.jpg,1,8,0
cr-2025102368f9f696735c2.jpg,2,1,0
cr-2025102368f9f696735c2.jpg,2,2,0
cr-2025102368f9f696735c2.jpg,2,3,0
cr-2025102368f9f696735c2.jpg,2,4,0
cr-2025102368f9f696735c2.jpg,2,5,0
cr-2025102368f9f696735c2.jpg,2,6,0
cr-2025102368f9f696735c2.jpg,2,7,0
cr-2025102368f9f696735c2.jpg,2,8,0
cr-2025102368f9f696735c2.jpg,3,1,0
cr-2025102368f9f696735c2.jpg,3,2,0
cr-2025102368f9f696735c2.jpg,3,3,0
cr-2025102368f9f696735c2.jpg,3,4,0
cr-2025102368f9f696735c2.jpg,3,5,0
cr-2025102368f9f696735c2.jpg,3,6,0
cr-2025102368f9f696735c2.jpg,3,7,0
cr-2025102368f9f696735c2.jpg,3,8,0
cr-2025102368f9f696735c2.jpg,4,1,0
cr-2025102368f9f696735c2.jpg,4,2,0
cr-2025102368f9f696735c2.jpg,4,3,0
cr-2025102368f9f696735c2.jpg,4,4,0
cr-2025102368f9f696735c2.jpg,4,5,0
cr-2025102368f9f696735c2.jpg,4,6,0
cr-2025102368f9f696735c2.jpg,4,7,0
cr-2025102368f9f696735c2.jpg,4,8,0
cr-2025102368f9f696735c2.jpg,5,1,0
cr-2025102368f9f696735c2.jpg,5,2,0
cr-2025102368f9f696735c2.jpg,5,3,0
cr-2025102368f9f696735c2.jpg,5,4,2
cr-2025102368f9f696735c2.jpg,5,5,0
cr-2025102368f9f696735c2.jpg,5,6,0
cr-2025102368f9f696735c2.jpg,5,7,0
cr-2025102368f9f696735c2.jpg,5,8,0
cr-2025102368f9f696735c2.jpg,6,1,0
cr-2025102368f9f696735c2.jpg,6,2,0
cr-2025102368f9f696735c2.jpg,6,3,0
cr-2025102368f9f696735c2.jpg,6,4,2
cr-2025102368f9f696735c2.jpg,6,5,0
cr-2025102368f9f696735c2.jpg,6,6,0
cr-2025102368f9f696735c2.jpg,6,7,0
cr-2025102368f9f696735c2.jpg,6,8,0
cr-2025102368f9f696735c2.jpg,7,1,0
cr-2025102368f9f696735c2.jpg,7,2,0
cr-2025102368f9f696735c2.jpg,7,3,0
cr-2025102368f9f696735c2.jpg,7,4,2
cr-2025102368f9f696735c2.jpg,7,5,0
cr-2025102368f9f696735c2.jpg,7,6,2
cr-2025102368f9f696735c2.jpg,7,7,0
cr-2025102368f9f696735c2.jpg,7,8,0
cr-2025102368f9f696735c2.jpg,8,1,0
cr-2025102368f9f696735c2.jpg,8,2,0
cr-2025102368f9f696735c2.jpg,8,3,0
cr-2025102368f9f696735c2.jpg,8,4,2
cr-2025102368f9f696735c2.jpg,8,5,0
cr-2025102368f9f696735c2.jpg,8,6,2
cr-2025102368f9f696735c2.jpg,8,7,0
cr-2025102368f9f696735c2.jpg,8,8,0
cricket-A63B4Y (1).jpg,1,1,0
cricket-A63B4Y (1).jpg,1,2,3
cricket-A63B4Y (1).jpg,1,3,3
cricket-A63B4Y (1).jpg,1,4,0
cricket-A63B4Y (1).jpg,1,5,3
cricket-A63B4Y (1).jpg,1,6,0
cricket-A63B4Y (1).jpg,1,7,0
cricket-A63B4Y (1).jpg,1,8,0
cricket-A63B4Y (1).jpg,2,1,0
cricket-A63B4Y (1).jpg,2,2,0
cricket-A63B4Y (1).jpg,2,3,3
cricket-A63B4Y (1).jpg,2,4,1
cricket-A63B4Y (1).jpg,2,5,1
cricket-A63B4Y (1).jpg,2,6,3
cricket-A63B4Y (1).jpg,2,7,0
cricket-A63B4Y (1).jpg,2,8,0
cricket-A63B4Y (1).jpg,3,1,0
cricket-A63B4Y (1).jpg,3,2,0
cricket-A63B4Y (1).jpg,3,3,3
cricket-A63B4Y (1).jpg,3,4,1
cricket-A63B4Y (1).jpg,3,5,1
cricket-A63B4Y (1).jpg,3,6,3
cricket-A63B4Y (1).jpg,3,7,0
cricket-A63B4Y (1).jpg,3,8,0
cricket-A63B4Y (1).jpg,4,1,0
cricket-A63B4Y (1).jpg,4,2,0
cricket-A63B4Y (1).jpg,4,3,3
cricket-A63B4Y (1).jpg,4,4,3
cricket-A63B4Y (1).jpg,4,5,0
cricket-A63B4Y (1).jpg,4,6,3
cricket-A63B4Y (1).jpg,4,7,0
cricket-A63B4Y (1).jpg,4,8,0
cricket-A63B4Y (1).jpg,5,1,0
cricket-A63B4Y (1).jpg,5,2,0
cricket-A63B4Y (1).jpg,5,3,0
cricket-A63B4Y (1).jpg,5,4,3
cricket-A63B4Y (1).jpg,5,5,3
cricket-A63B4Y (1).jpg,5,6,3
cricket-A63B4Y (1).jpg,5,7,3
cricket-A63B4Y (1).jpg,5,8,0
cricket-A63B4Y (1).jpg,6,1,0
cricket-A63B4Y (1).jpg,6,2,0
cricket-A63B4Y (1).jpg,6,3,0
cricket-A63B4Y (1).jpg,6,4,3
cricket-A63B4Y (1).jpg,6,5,3
cricket-A63B4Y (1).jpg,6,6,0
cricket-A63B4Y (1).jpg,6,7,3
cricket-A63B4Y (1).jpg,6,8,0
cricket-A63B4Y (1).jpg,7,1,0
cricket-A63B4Y (1).jpg,7,2,0
cricket-A63B4Y (1).jpg,7,3,0
cricket-A63B4Y (1).jpg,7,4,3
cricket-A63B4Y (1).jpg,7,5,3
cricket-A63B4Y (1).jpg,7,6,3
cricket-A63B4Y (1).jpg,7,7,3
cricket-A63B4Y (1).jpg,7,8,0
cricket-A63B4Y (1).jpg,8,1,0
cricket-A63B4Y (1).jpg,8,2,0
cricket-A63B4Y (1).jpg,8,3,0
cricket-A63B4Y (1).jpg,8,4,0
cricket-A63B4Y (1).jpg,8,5,3
cricket-A63B4Y (1).jpg,8,6,3
cricket-A63B4Y (1).jpg,8,7,3
cricket-A63B4Y (1).jpg,8,8,3
cricket-background-4846mlebco6c8psc.jpg,1,1,0
cricket-background-4846mlebco6c8psc.jpg,1,2,0
cricket-background-4846mlebco6c8psc.jpg,1,3,0
cricket-background-4846mlebco6c8psc.jpg,1,4,0
cricket-background-4846mlebco6c8psc.jpg,1,5,0
cricket-background-4846mlebco6c8psc.jpg,1,6,0
cricket-background-4846mlebco6c8psc.jpg,1,7,0
cricket-background-4846mlebco6c8psc.jpg,1,8,0
cricket-background-4846mlebco6c8psc.jpg,2,1,0
cricket-background-4846mlebco6c8psc.jpg,2,2,0
cricket-background-4846mlebco6c8psc.jpg,2,3,0
cricket-background-4846mlebco6c8psc.jpg,2,4,0
cricket-background-4846mlebco6c8psc.jpg,2,5,0
cricket-background-4846mlebco6c8psc.jpg,2,6,0
cricket-background-4846mlebco6c8psc.jpg,2,7,2
cricket-background-4846mlebco6c8psc.jpg,2,8,2
cricket-background-4846mlebco6c8psc.jpg,3,1,0
cricket-background-4846mlebco6c8psc.jpg,3,2,0
cricket-background-4846mlebco6c8psc.jpg,3,3,0
cricket-background-4846mlebco6c8psc.jpg,3,4,0
cricket-background-4846mlebco6c8psc.jpg,3,5,0
cricket-background-4846mlebco6c8psc.jpg,3,6,2
cricket-background-4846mlebco6c8psc.jpg,3,7,2
cricket-background-4846mlebco6c8psc.jpg,3,8,2
cricket-background-4846mlebco6c8psc.jpg,4,1,0
cricket-background-4846mlebco6c8psc.jpg,4,2,0
cricket-background-4846mlebco6c8psc.jpg,4,3,0
cricket-background-4846mlebco6c8psc.jpg,4,4,0
cricket-background-4846mlebco6c8psc.jpg,4,5,1
cricket-background-4846mlebco6c8psc.jpg,4,6,2
cricket-background-4846mlebco6c8psc.jpg,4,7,2
cricket-background-4846mlebco6c8psc.jpg,4,8,0
cricket-background-4846mlebco6c8psc.jpg,5,1,0
cricket-background-4846mlebco6c8psc.jpg,5,2,0
cricket-background-4846mlebco6c8psc.jpg,5,3,0
cricket-background-4846mlebco6c8psc.jpg,5,4,0
cricket-background-4846mlebco6c8psc.jpg,5,5,2
cricket-background-4846mlebco6c8psc.jpg,5,6,2
cricket-background-4846mlebco6c8psc.jpg,5,7,0
cricket-background-4846mlebco6c8psc.jpg,5,8,0
cricket-background-4846mlebco6c8psc.jpg,6,1,0
cricket-background-4846mlebco6c8psc.jpg,6,2,0
cricket-background-4846mlebco6c8psc.jpg,6,3,0
cricket-background-4846mlebco6c8psc.jpg,6,4,2
cricket-background-4846mlebco6c8psc.jpg,6,5,2
cricket-background-4846mlebco6c8psc.jpg,6,6,0
cricket-background-4846mlebco6c8psc.jpg,6,7,0
cricket-background-4846mlebco6c8psc.jpg,6,8,0
cricket-background-4846mlebco6c8psc.jpg,7,1,0
cricket-background-4846mlebco6c8psc.jpg,7,2,0
cricket-background-4846mlebco6c8psc.jpg,7,3,0
cricket-background-4846mlebco6c8psc.jpg,7,4,2
cricket-background-4846mlebco6c8psc.jpg,7,5,2
cricket-background-4846mlebco6c8psc.jpg,7,6,0
cricket-background-4846mlebco6c8psc.jpg,7,7,0
cricket-background-4846mlebco6c8psc.jpg,7,8,0
cricket-background-4846mlebco6c8psc.jpg,8,1,0
cricket-background-4846mlebco6c8psc.jpg,8,2,0
cricket-background-4846mlebco6c8psc.jpg,8,3,0
cricket-background-4846mlebco6c8psc.jpg,8,4,0
cricket-background-4846mlebco6c8psc.jpg,8,5,0
cricket-background-4846mlebco6c8psc.jpg,8,6,0
cricket-background-4846mlebco6c8psc.jpg,8,7,0
cricket-background-4846mlebco6c8psc.jpg,8,8,0
cricket-ball-and-stumps-on-grass-pitch-england-uk-CXKR9J (1).jpg,1,1,0
cricket-ball-and-stumps-on-grass-pitch-england-uk-CXKR9J (1).jpg,1,2,0
cricket-ball-and-stumps-on-grass-pitch-england-uk-CXKR9J (1).jpg,1,3,0
cricket-ball-and-stumps-on-grass-pitch-england-uk-CXKR9J (1).jpg,1,4,0
cricket-ball-and-stumps-on-grass-pitch-england-uk-CXKR9J (1).jpg,1,5,0
cricket-ball-and-stumps-on-grass-pitch-england-uk-CXKR9J (1).jpg,1,6,3
cricket-ball-and-stumps-on-grass-pitch-england-uk-CXKR9J (1).jpg,1,7,3
cricket-ball-and-stumps-on-grass-pitch-england-uk-CXKR9J (1).jpg,1,8,0
cricket-ball-and-stumps-on-grass-pitch-england-uk-CXKR9J (1).jpg,2,1,0
cricket-ball-and-stumps-on-grass-pitch-england-uk-CXKR9J (1).jpg,2,2,0
cricket-ball-and-stumps-on-grass-pitch-england-uk-CXKR9J (1).jpg,2,3,0
cricket-ball-and-stumps-on-grass-pitch-england-uk-CXKR9J (1).jpg,2,4,0
cricket-ball-and-stumps-on-grass-pitch-england-uk-CXKR9J (1).jpg,2,5,0
cricket-ball-and-stumps-on-grass-pitch-england-uk-CXKR9J (1).jpg,2,6,3
cricket-ball-and-stumps-on-grass-pitch-england-uk-CXKR9J (1).jpg,2,7,3
cricket-ball-and-stumps-on-grass-pitch-england-uk-CXKR9J (1).jpg,2,8,0
cricket-ball-and-stumps-on-grass-pitch-england-uk-CXKR9J (1).jpg,3,1,0
cricket-ball-and-stumps-on-grass-pitch-england-uk-CXKR9J (1).jpg,3,2,0
cricket-ball-and-stumps-on-grass-pitch-england-uk-CXKR9J (1).jpg,3,3,0
cricket-ball-and-stumps-on-grass-pitch-england-uk-CXKR9J (1).jpg,3,4,0
cricket-ball-and-stumps-on-grass-pitch-england-uk-CXKR9J (1).jpg,3,5,0
cricket-ball-and-stumps-on-grass-pitch-england-uk-CXKR9J (1).jpg,3,6,3
cricket-ball-and-stumps-on-grass-pitch-england-uk-CXKR9J (1).jpg,3,7,3
cricket-ball-and-stumps-on-grass-pitch-england-uk-CXKR9J (1).jpg,3,8,0
cricket-ball-and-stumps-on-grass-pitch-england-uk-CXKR9J (1).jpg,4,1,0
cricket-ball-and-stumps-on-grass-pitch-england-uk-CXKR9J (1).jpg,4,2,0
cricket-ball-and-stumps-on-grass-pitch-england-uk-CXKR9J (1).jpg,4,3,0
cricket-ball-and-stumps-on-grass-pitch-england-uk-CXKR9J (1).jpg,4,4,0
cricket-ball-and-stumps-on-grass-pitch-england-uk-CXKR9J (1).jpg,4,5,0
cricket-ball-and-stumps-on-grass-pitch-england-uk-CXKR9J (1).jpg,4,6,3
cricket-ball-and-stumps-on-grass-pitch-england-uk-CXKR9J (1).jpg,4,7,3
cricket-ball-and-stumps-on-grass-pitch-england-uk-CXKR9J (1).jpg,4,8,0
cricket-ball-and-stumps-on-grass-pitch-england-uk-CXKR9J (1).jpg,5,1,0
cricket-ball-and-stumps-on-grass-pitch-england-uk-CXKR9J (1).jpg,5,2,0
cricket-ball-and-stumps-on-grass-pitch-england-uk-CXKR9J (1).jpg,5,3,0
cricket-ball-and-stumps-on-grass-pitch-england-uk-CXKR9J (1).jpg,5,4,0
cricket-ball-and-stumps-on-grass-pitch-england-uk-CXKR9J (1).jpg,5,5,0
cricket-ball-and-stumps-on-grass-pitch-england-uk-CXKR9J (1).jpg,5,6,3
cricket-ball-and-stumps-on-grass-pitch-england-uk-CXKR9J (1).jpg,5,7,3
cricket-ball-and-stumps-on-grass-pitch-england-uk-CXKR9J (1).jpg,5,8,0
cricket-ball-and-stumps-on-grass-pitch-england-uk-CXKR9J (1).jpg,6,1,0
cricket-ball-and-stumps-on-grass-pitch-england-uk-CXKR9J (1).jpg,6,2,0
cricket-ball-and-stumps-on-grass-pitch-england-uk-CXKR9J (1).jpg,6,3,0
cricket-ball-and-stumps-on-grass-pitch-england-uk-CXKR9J (1).jpg,6,4,0
cricket-ball-and-stumps-on-grass-pitch-england-uk-CXKR9J (1).jpg,6,5,0
cricket-ball-and-stumps-on-grass-pitch-england-uk-CXKR9J (1).jpg,6,6,0
cricket-ball-and-stumps-on-grass-pitch-england-uk-CXKR9J (1).jpg,6,7,1
cricket-ball-and-stumps-on-grass-pitch-england-uk-CXKR9J (1).jpg,6,8,0
cricket-ball-and-stumps-on-grass-pitch-england-uk-CXKR9J (1).jpg,7,1,0
cricket-ball-and-stumps-on-grass-pitch-england-uk-CXKR9J (1).jpg,7,2,0
cricket-ball-and-stumps-on-grass-pitch-england-uk-CXKR9J (1).jpg,7,3,0
cricket-ball-and-stumps-on-grass-pitch-england-uk-CXKR9J (1).jpg,7,4,0
cricket-ball-and-stumps-on-grass-pitch-england-uk-CXKR9J (1).jpg,7,5,0
cricket-ball-and-stumps-on-grass-pitch-england-uk-CXKR9J (1).jpg,7,6,0
cricket-ball-and-stumps-on-grass-pitch-england-uk-CXKR9J (1).jpg,7,7,0
cricket-ball-and-stumps-on-grass-pitch-england-uk-CXKR9J (1).jpg,7,8,0
cricket-ball-and-stumps-on-grass-pitch-england-uk-CXKR9J (1).jpg,8,1,0
cricket-ball-and-stumps-on-grass-pitch-england-uk-CXKR9J (1).jpg,8,2,0
cricket-ball-and-stumps-on-grass-pitch-england-uk-CXKR9J (1).jpg,8,3,0
cricket-ball-and-stumps-on-grass-pitch-england-uk-CXKR9J (1).jpg,8,4,0
cricket-ball-and-stumps-on-grass-pitch-england-uk-CXKR9J (1).jpg,8,5,0
cricket-ball-and-stumps-on-grass-pitch-england-uk-CXKR9J (1).jpg,8,6,0
cricket-ball-and-stumps-on-grass-pitch-england-uk-CXKR9J (1).jpg,8,7,0
cricket-ball-and-stumps-on-grass-pitch-england-uk-CXKR9J (1).jpg,8,8,0
cricket-ball-hitting-wicket-stumps-knocking-bails-out-against-blue-sky-background-bails-fly-from-cricket-stumps-as-ball-hits-on-grass-field-close-up-2WNX75J.jpg,1,1,0
cricket-ball-hitting-wicket-stumps-knocking-bails-out-against-blue-sky-background-bails-fly-from-cricket-stumps-as-ball-hits-on-grass-field-close-up-2WNX75J.jpg,1,2,0
cricket-ball-hitting-wicket-stumps-knocking-bails-out-against-blue-sky-background-bails-fly-from-cricket-stumps-as-ball-hits-on-grass-field-close-up-2WNX75J.jpg,1,3,0
cricket-ball-hitting-wicket-stumps-knocking-bails-out-against-blue-sky-background-bails-fly-from-cricket-stumps-as-ball-hits-on-grass-field-close-up-2WNX75J.jpg,1,4,0
cricket-ball-hitting-wicket-stumps-knocking-bails-out-against-blue-sky-background-bails-fly-from-cricket-stumps-as-ball-hits-on-grass-field-close-up-2WNX75J.jpg,1,5,0
cricket-ball-hitting-wicket-stumps-knocking-bails-out-against-blue-sky-background-bails-fly-from-cricket-stumps-as-ball-hits-on-grass-field-close-up-2WNX75J.jpg,1,6,0
cricket-ball-hitting-wicket-stumps-knocking-bails-out-against-blue-sky-background-bails-fly-from-cricket-stumps-as-ball-hits-on-grass-field-close-up-2WNX75J.jpg,1,7,0
cricket-ball-hitting-wicket-stumps-knocking-bails-out-against-blue-sky-background-bails-fly-from-cricket-stumps-as-ball-hits-on-grass-field-close-up-2WNX75J.jpg,1,8,0
cricket-ball-hitting-wicket-stumps-knocking-bails-out-against-blue-sky-background-bails-fly-from-cricket-stumps-as-ball-hits-on-grass-field-close-up-2WNX75J.jpg,2,1,0
cricket-ball-hitting-wicket-stumps-knocking-bails-out-against-blue-sky-background-bails-fly-from-cricket-stumps-as-ball-hits-on-grass-field-close-up-2WNX75J.jpg,2,2,0
cricket-ball-hitting-wicket-stumps-knocking-bails-out-against-blue-sky-background-bails-fly-from-cricket-stumps-as-ball-hits-on-grass-field-close-up-2WNX75J.jpg,2,3,0
cricket-ball-hitting-wicket-stumps-knocking-bails-out-against-blue-sky-background-bails-fly-from-cricket-stumps-as-ball-hits-on-grass-field-close-up-2WNX75J.jpg,2,4,0
cricket-ball-hitting-wicket-stumps-knocking-bails-out-against-blue-sky-background-bails-fly-from-cricket-stumps-as-ball-hits-on-grass-field-close-up-2WNX75J.jpg,2,5,0
cricket-ball-hitting-wicket-stumps-knocking-bails-out-against-blue-sky-background-bails-fly-from-cricket-stumps-as-ball-hits-on-grass-field-close-up-2WNX75J.jpg,2,6,0
cricket-ball-hitting-wicket-stumps-knocking-bails-out-against-blue-sky-background-bails-fly-from-cricket-stumps-as-ball-hits-on-grass-field-close-up-2WNX75J.jpg,2,7,0
cricket-ball-hitting-wicket-stumps-knocking-bails-out-against-blue-sky-background-bails-fly-from-cricket-stumps-as-ball-hits-on-grass-field-close-up-2WNX75J.jpg,2,8,0
cricket-ball-hitting-wicket-stumps-knocking-bails-out-against-blue-sky-background-bails-fly-from-cricket-stumps-as-ball-hits-on-grass-field-close-up-2WNX75J.jpg,3,1,0
cricket-ball-hitting-wicket-stumps-knocking-bails-out-against-blue-sky-background-bails-fly-from-cricket-stumps-as-ball-hits-on-grass-field-close-up-2WNX75J.jpg,3,2,0
cricket-ball-hitting-wicket-stumps-knocking-bails-out-against-blue-sky-background-bails-fly-from-cricket-stumps-as-ball-hits-on-grass-field-close-up-2WNX75J.jpg,3,3,0
cricket-ball-hitting-wicket-stumps-knocking-bails-out-against-blue-sky-background-bails-fly-from-cricket-stumps-as-ball-hits-on-grass-field-close-up-2WNX75J.jpg,3,4,0
cricket-ball-hitting-wicket-stumps-knocking-bails-out-against-blue-sky-background-bails-fly-from-cricket-stumps-as-ball-hits-on-grass-field-close-up-2WNX75J.jpg,3,5,0
cricket-ball-hitting-wicket-stumps-knocking-bails-out-against-blue-sky-background-bails-fly-from-cricket-stumps-as-ball-hits-on-grass-field-close-up-2WNX75J.jpg,3,6,0
cricket-ball-hitting-wicket-stumps-knocking-bails-out-against-blue-sky-background-bails-fly-from-cricket-stumps-as-ball-hits-on-grass-field-close-up-2WNX75J.jpg,3,7,0
cricket-ball-hitting-wicket-stumps-knocking-bails-out-against-blue-sky-background-bails-fly-from-cricket-stumps-as-ball-hits-on-grass-field-close-up-2WNX75J.jpg,3,8,0
cricket-ball-hitting-wicket-stumps-knocking-bails-out-against-blue-sky-background-bails-fly-from-cricket-stumps-as-ball-hits-on-grass-field-close-up-2WNX75J.jpg,4,1,0
cricket-ball-hitting-wicket-stumps-knocking-bails-out-against-blue-sky-background-bails-fly-from-cricket-stumps-as-ball-hits-on-grass-field-close-up-2WNX75J.jpg,4,2,0
cricket-ball-hitting-wicket-stumps-knocking-bails-out-against-blue-sky-background-bails-fly-from-cricket-stumps-as-ball-hits-on-grass-field-close-up-2WNX75J.jpg,4,3,0
cricket-ball-hitting-wicket-stumps-knocking-bails-out-against-blue-sky-background-bails-fly-from-cricket-stumps-as-ball-hits-on-grass-field-close-up-2WNX75J.jpg,4,4,3
cricket-ball-hitting-wicket-stumps-knocking-bails-out-against-blue-sky-background-bails-fly-from-cricket-stumps-as-ball-hits-on-grass-field-close-up-2WNX75J.jpg,4,5,3
cricket-ball-hitting-wicket-stumps-knocking-bails-out-against-blue-sky-background-bails-fly-from-cricket-stumps-as-ball-hits-on-grass-field-close-up-2WNX75J.jpg,4,6,3
cricket-ball-hitting-wicket-stumps-knocking-bails-out-against-blue-sky-background-bails-fly-from-cricket-stumps-as-ball-hits-on-grass-field-close-up-2WNX75J.jpg,4,7,0
cricket-ball-hitting-wicket-stumps-knocking-bails-out-against-blue-sky-background-bails-fly-from-cricket-stumps-as-ball-hits-on-grass-field-close-up-2WNX75J.jpg,4,8,0
cricket-ball-hitting-wicket-stumps-knocking-bails-out-against-blue-sky-background-bails-fly-from-cricket-stumps-as-ball-hits-on-grass-field-close-up-2WNX75J.jpg,5,1,0
cricket-ball-hitting-wicket-stumps-knocking-bails-out-against-blue-sky-background-bails-fly-from-cricket-stumps-as-ball-hits-on-grass-field-close-up-2WNX75J.jpg,5,2,0
cricket-ball-hitting-wicket-stumps-knocking-bails-out-against-blue-sky-background-bails-fly-from-cricket-stumps-as-ball-hits-on-grass-field-close-up-2WNX75J.jpg,5,3,0
cricket-ball-hitting-wicket-stumps-knocking-bails-out-against-blue-sky-background-bails-fly-from-cricket-stumps-as-ball-hits-on-grass-field-close-up-2WNX75J.jpg,5,4,3
cricket-ball-hitting-wicket-stumps-knocking-bails-out-against-blue-sky-background-bails-fly-from-cricket-stumps-as-ball-hits-on-grass-field-close-up-2WNX75J.jpg,5,5,3
cricket-ball-hitting-wicket-stumps-knocking-bails-out-against-blue-sky-background-bails-fly-from-cricket-stumps-as-ball-hits-on-grass-field-close-up-2WNX75J.jpg,5,6,3
cricket-ball-hitting-wicket-stumps-knocking-bails-out-against-blue-sky-background-bails-fly-from-cricket-stumps-as-ball-hits-on-grass-field-close-up-2WNX75J.jpg,5,7,0
cricket-ball-hitting-wicket-stumps-knocking-bails-out-against-blue-sky-background-bails-fly-from-cricket-stumps-as-ball-hits-on-grass-field-close-up-2WNX75J.jpg,5,8,0
cricket-ball-hitting-wicket-stumps-knocking-bails-out-against-blue-sky-background-bails-fly-from-cricket-stumps-as-ball-hits-on-grass-field-close-up-2WNX75J.jpg,6,1,0
cricket-ball-hitting-wicket-stumps-knocking-bails-out-against-blue-sky-background-bails-fly-from-cricket-stumps-as-ball-hits-on-grass-field-close-up-2WNX75J.jpg,6,2,0
cricket-ball-hitting-wicket-stumps-knocking-bails-out-against-blue-sky-background-bails-fly-from-cricket-stumps-as-ball-hits-on-grass-field-close-up-2WNX75J.jpg,6,3,0
cricket-ball-hitting-wicket-stumps-knocking-bails-out-against-blue-sky-background-bails-fly-from-cricket-stumps-as-ball-hits-on-grass-field-close-up-2WNX75J.jpg,6,4,3
cricket-ball-hitting-wicket-stumps-knocking-bails-out-against-blue-sky-background-bails-fly-from-cricket-stumps-as-ball-hits-on-grass-field-close-up-2WNX75J.jpg,6,5,3
cricket-ball-hitting-wicket-stumps-knocking-bails-out-against-blue-sky-background-bails-fly-from-cricket-stumps-as-ball-hits-on-grass-field-close-up-2WNX75J.jpg,6,6,3
cricket-ball-hitting-wicket-stumps-knocking-bails-out-against-blue-sky-background-bails-fly-from-cricket-stumps-as-ball-hits-on-grass-field-close-up-2WNX75J.jpg,6,7,0
cricket-ball-hitting-wicket-stumps-knocking-bails-out-against-blue-sky-background-bails-fly-from-cricket-stumps-as-ball-hits-on-grass-field-close-up-2WNX75J.jpg,6,8,0
cricket-ball-hitting-wicket-stumps-knocking-bails-out-against-blue-sky-background-bails-fly-from-cricket-stumps-as-ball-hits-on-grass-field-close-up-2WNX75J.jpg,7,1,0
cricket-ball-hitting-wicket-stumps-knocking-bails-out-against-blue-sky-background-bails-fly-from-cricket-stumps-as-ball-hits-on-grass-field-close-up-2WNX75J.jpg,7,2,0
cricket-ball-hitting-wicket-stumps-knocking-bails-out-against-blue-sky-background-bails-fly-from-cricket-stumps-as-ball-hits-on-grass-field-close-up-2WNX75J.jpg,7,3,0
cricket-ball-hitting-wicket-stumps-knocking-bails-out-against-blue-sky-background-bails-fly-from-cricket-stumps-as-ball-hits-on-grass-field-close-up-2WNX75J.jpg,7,4,3
cricket-ball-hitting-wicket-stumps-knocking-bails-out-against-blue-sky-background-bails-fly-from-cricket-stumps-as-ball-hits-on-grass-field-close-up-2WNX75J.jpg,7,5,3
cricket-ball-hitting-wicket-stumps-knocking-bails-out-against-blue-sky-background-bails-fly-from-cricket-stumps-as-ball-hits-on-grass-field-close-up-2WNX75J.jpg,7,6,3
cricket-ball-hitting-wicket-stumps-knocking-bails-out-against-blue-sky-background-bails-fly-from-cricket-stumps-as-ball-hits-on-grass-field-close-up-2WNX75J.jpg,7,7,0
cricket-ball-hitting-wicket-stumps-knocking-bails-out-against-blue-sky-background-bails-fly-from-cricket-stumps-as-ball-hits-on-grass-field-close-up-2WNX75J.jpg,7,8,0
cricket-ball-hitting-wicket-stumps-knocking-bails-out-against-blue-sky-background-bails-fly-from-cricket-stumps-as-ball-hits-on-grass-field-close-up-2WNX75J.jpg,8,1,0
cricket-ball-hitting-wicket-stumps-knocking-bails-out-against-blue-sky-background-bails-fly-from-cricket-stumps-as-ball-hits-on-grass-field-close-up-2WNX75J.jpg,8,2,0
cricket-ball-hitting-wicket-stumps-knocking-bails-out-against-blue-sky-background-bails-fly-from-cricket-stumps-as-ball-hits-on-grass-field-close-up-2WNX75J.jpg,8,3,0
cricket-ball-hitting-wicket-stumps-knocking-bails-out-against-blue-sky-background-bails-fly-from-cricket-stumps-as-ball-hits-on-grass-field-close-up-2WNX75J.jpg,8,4,3
cricket-ball-hitting-wicket-stumps-knocking-bails-out-against-blue-sky-background-bails-fly-from-cricket-stumps-as-ball-hits-on-grass-field-close-up-2WNX75J.jpg,8,5,3
cricket-ball-hitting-wicket-stumps-knocking-bails-out-against-blue-sky-background-bails-fly-from-cricket-stumps-as-ball-hits-on-grass-field-close-up-2WNX75J.jpg,8,6,3
cricket-ball-hitting-wicket-stumps-knocking-bails-out-against-blue-sky-background-bails-fly-from-cricket-stumps-as-ball-hits-on-grass-field-close-up-2WNX75J.jpg,8,7,0
cricket-ball-hitting-wicket-stumps-knocking-bails-out-against-blue-sky-background-bails-fly-from-cricket-stumps-as-ball-hits-on-grass-field-close-up-2WNX75J.jpg,8,8,0
cricket-ball-hitting-wicket-stumps-knocking-bails-out-against-blue-sky-background-bails-fly-from-cricket-stumps-as-ball-hits-on-grass-field-close-up-2WNX762.jpg,1,1,0
cricket-ball-hitting-wicket-stumps-knocking-bails-out-against-blue-sky-background-bails-fly-from-cricket-stumps-as-ball-hits-on-grass-field-close-up-2WNX762.jpg,1,2,0
cricket-ball-hitting-wicket-stumps-knocking-bails-out-against-blue-sky-background-bails-fly-from-cricket-stumps-as-ball-hits-on-grass-field-close-up-2WNX762.jpg,1,3,0
cricket-ball-hitting-wicket-stumps-knocking-bails-out-against-blue-sky-background-bails-fly-from-cricket-stumps-as-ball-hits-on-grass-field-close-up-2WNX762.jpg,1,4,0
cricket-ball-hitting-wicket-stumps-knocking-bails-out-against-blue-sky-background-bails-fly-from-cricket-stumps-as-ball-hits-on-grass-field-close-up-2WNX762.jpg,1,5,0
cricket-ball-hitting-wicket-stumps-knocking-bails-out-against-blue-sky-background-bails-fly-from-cricket-stumps-as-ball-hits-on-grass-field-close-up-2WNX762.jpg,1,6,0
cricket-ball-hitting-wicket-stumps-knocking-bails-out-against-blue-sky-background-bails-fly-from-cricket-stumps-as-ball-hits-on-grass-field-close-up-2WNX762.jpg,1,7,0
cricket-ball-hitting-wicket-stumps-knocking-bails-out-against-blue-sky-background-bails-fly-from-cricket-stumps-as-ball-hits-on-grass-field-close-up-2WNX762.jpg,1,8,0
cricket-ball-hitting-wicket-stumps-knocking-bails-out-against-blue-sky-background-bails-fly-from-cricket-stumps-as-ball-hits-on-grass-field-close-up-2WNX762.jpg,2,1,0
cricket-ball-hitting-wicket-stumps-knocking-bails-out-against-blue-sky-background-bails-fly-from-cricket-stumps-as-ball-hits-on-grass-field-close-up-2WNX762.jpg,2,2,3
cricket-ball-hitting-wicket-stumps-knocking-bails-out-against-blue-sky-background-bails-fly-from-cricket-stumps-as-ball-hits-on-grass-field-close-up-2WNX762.jpg,2,3,3
cricket-ball-hitting-wicket-stumps-knocking-bails-out-against-blue-sky-background-bails-fly-from-cricket-stumps-as-ball-hits-on-grass-field-close-up-2WNX762.jpg,2,4,3
cricket-ball-hitting-wicket-stumps-knocking-bails-out-against-blue-sky-background-bails-fly-from-cricket-stumps-as-ball-hits-on-grass-field-close-up-2WNX762.jpg,2,5,0
cricket-ball-hitting-wicket-stumps-knocking-bails-out-against-blue-sky-background-bails-fly-from-cricket-stumps-as-ball-hits-on-grass-field-close-up-2WNX762.jpg,2,6,0
cricket-ball-hitting-wicket-stumps-knocking-bails-out-against-blue-sky-background-bails-fly-from-cricket-stumps-as-ball-hits-on-grass-field-close-up-2WNX762.jpg,2,7,0
cricket-ball-hitting-wicket-stumps-knocking-bails-out-against-blue-sky-background-bails-fly-from-cricket-stumps-as-ball-hits-on-grass-field-close-up-2WNX762.jpg,2,8,0
cricket-ball-hitting-wicket-stumps-knocking-bails-out-against-blue-sky-background-bails-fly-from-cricket-stumps-as-ball-hits-on-grass-field-close-up-2WNX762.jpg,3,1,0
cricket-ball-hitting-wicket-stumps-knocking-bails-out-against-blue-sky-background-bails-fly-from-cricket-stumps-as-ball-hits-on-grass-field-close-up-2WNX762.jpg,3,2,3
cricket-ball-hitting-wicket-stumps-knocking-bails-out-against-blue-sky-background-bails-fly-from-cricket-stumps-as-ball-hits-on-grass-field-close-up-2WNX762.jpg,3,3,3
cricket-ball-hitting-wicket-stumps-knocking-bails-out-against-blue-sky-background-bails-fly-from-cricket-stumps-as-ball-hits-on-grass-field-close-up-2WNX762.jpg,3,4,3
cricket-ball-hitting-wicket-stumps-knocking-bails-out-against-blue-sky-background-bails-fly-from-cricket-stumps-as-ball-hits-on-grass-field-close-up-2WNX762.jpg,3,5,3
cricket-ball-hitting-wicket-stumps-knocking-bails-out-against-blue-sky-background-bails-fly-from-cricket-stumps-as-ball-hits-on-grass-field-close-up-2WNX762.jpg,3,6,3
cricket-ball-hitting-wicket-stumps-knocking-bails-out-against-blue-sky-background-bails-fly-from-cricket-stumps-as-ball-hits-on-grass-field-close-up-2WNX762.jpg,3,7,3
cricket-ball-hitting-wicket-stumps-knocking-bails-out-against-blue-sky-background-bails-fly-from-cricket-stumps-as-ball-hits-on-grass-field-close-up-2WNX762.jpg,3,8,0
cricket-ball-hitting-wicket-stumps-knocking-bails-out-against-blue-sky-background-bails-fly-from-cricket-stumps-as-ball-hits-on-grass-field-close-up-2WNX762.jpg,4,1,0
cricket-ball-hitting-wicket-stumps-knocking-bails-out-against-blue-sky-background-bails-fly-from-cricket-stumps-as-ball-hits-on-grass-field-close-up-2WNX762.jpg,4,2,3
cricket-ball-hitting-wicket-stumps-knocking-bails-out-against-blue-sky-background-bails-fly-from-cricket-stumps-as-ball-hits-on-grass-field-close-up-2WNX762.jpg,4,3,3
cricket-ball-hitting-wicket-stumps-knocking-bails-out-against-blue-sky-background-bails-fly-from-cricket-stumps-as-ball-hits-on-grass-field-close-up-2WNX762.jpg,4,4,3
cricket-ball-hitting-wicket-stumps-knocking-bails-out-against-blue-sky-background-bails-fly-from-cricket-stumps-as-ball-hits-on-grass-field-close-up-2WNX762.jpg,4,5,3
cricket-ball-hitting-wicket-stumps-knocking-bails-out-against-blue-sky-background-bails-fly-from-cricket-stumps-as-ball-hits-on-grass-field-close-up-2WNX762.jpg,4,6,3
cricket-ball-hitting-wicket-stumps-knocking-bails-out-against-blue-sky-background-bails-fly-from-cricket-stumps-as-ball-hits-on-grass-field-close-up-2WNX762.jpg,4,7,3
cricket-ball-hitting-wicket-stumps-knocking-bails-out-against-blue-sky-background-bails-fly-from-cricket-stumps-as-ball-hits-on-grass-field-close-up-2WNX762.jpg,4,8,0
cricket-ball-hitting-wicket-stumps-knocking-bails-out-against-blue-sky-background-bails-fly-from-cricket-stumps-as-ball-hits-on-grass-field-close-up-2WNX762.jpg,5,1,0
cricket-ball-hitting-wicket-stumps-knocking-bails-out-against-blue-sky-background-bails-fly-from-cricket-stumps-as-ball-hits-on-grass-field-close-up-2WNX762.jpg,5,2,3
cricket-ball-hitting-wicket-stumps-knocking-bails-out-against-blue-sky-background-bails-fly-from-cricket-stumps-as-ball-hits-on-grass-field-close-up-2WNX762.jpg,5,3,3
cricket-ball-hitting-wicket-stumps-knocking-bails-out-against-blue-sky-background-bails-fly-from-cricket-stumps-as-ball-hits-on-grass-field-close-up-2WNX762.jpg,5,4,3
cricket-ball-hitting-wicket-stumps-knocking-bails-out-against-blue-sky-background-bails-fly-from-cricket-stumps-as-ball-hits-on-grass-field-close-up-2WNX762.jpg,5,5,0
cricket-ball-hitting-wicket-stumps-knocking-bails-out-against-blue-sky-background-bails-fly-from-cricket-stumps-as-ball-hits-on-grass-field-close-up-2WNX762.jpg,5,6,3
cricket-ball-hitting-wicket-stumps-knocking-bails-out-against-blue-sky-background-bails-fly-from-cricket-stumps-as-ball-hits-on-grass-field-close-up-2WNX762.jpg,5,7,3
cricket-ball-hitting-wicket-stumps-knocking-bails-out-against-blue-sky-background-bails-fly-from-cricket-stumps-as-ball-hits-on-grass-field-close-up-2WNX762.jpg,5,8,3
cricket-ball-hitting-wicket-stumps-knocking-bails-out-against-blue-sky-background-bails-fly-from-cricket-stumps-as-ball-hits-on-grass-field-close-up-2WNX762.jpg,6,1,0
cricket-ball-hitting-wicket-stumps-knocking-bails-out-against-blue-sky-background-bails-fly-from-cricket-stumps-as-ball-hits-on-grass-field-close-up-2WNX762.jpg,6,2,3
cricket-ball-hitting-wicket-stumps-knocking-bails-out-against-blue-sky-background-bails-fly-from-cricket-stumps-as-ball-hits-on-grass-field-close-up-2WNX762.jpg,6,3,3
cricket-ball-hitting-wicket-stumps-knocking-bails-out-against-blue-sky-background-bails-fly-from-cricket-stumps-as-ball-hits-on-grass-field-close-up-2WNX762.jpg,6,4,3
cricket-ball-hitting-wicket-stumps-knocking-bails-out-against-blue-sky-background-bails-fly-from-cricket-stumps-as-ball-hits-on-grass-field-close-up-2WNX762.jpg,6,5,3
cricket-ball-hitting-wicket-stumps-knocking-bails-out-against-blue-sky-background-bails-fly-from-cricket-stumps-as-ball-hits-on-grass-field-close-up-2WNX762.jpg,6,6,3
cricket-ball-hitting-wicket-stumps-knocking-bails-out-against-blue-sky-background-bails-fly-from-cricket-stumps-as-ball-hits-on-grass-field-close-up-2WNX762.jpg,6,7,3
cricket-ball-hitting-wicket-stumps-knocking-bails-out-against-blue-sky-background-bails-fly-from-cricket-stumps-as-ball-hits-on-grass-field-close-up-2WNX762.jpg,6,8,0
cricket-ball-hitting-wicket-stumps-knocking-bails-out-against-blue-sky-background-bails-fly-from-cricket-stumps-as-ball-hits-on-grass-field-close-up-2WNX762.jpg,7,1,0
cricket-ball-hitting-wicket-stumps-knocking-bails-out-against-blue-sky-background-bails-fly-from-cricket-stumps-as-ball-hits-on-grass-field-close-up-2WNX762.jpg,7,2,3
cricket-ball-hitting-wicket-stumps-knocking-bails-out-against-blue-sky-background-bails-fly-from-cricket-stumps-as-ball-hits-on-grass-field-close-up-2WNX762.jpg,7,3,3
cricket-ball-hitting-wicket-stumps-knocking-bails-out-against-blue-sky-background-bails-fly-from-cricket-stumps-as-ball-hits-on-grass-field-close-up-2WNX762.jpg,7,4,3
cricket-ball-hitting-wicket-stumps-knocking-bails-out-against-blue-sky-background-bails-fly-from-cricket-stumps-as-ball-hits-on-grass-field-close-up-2WNX762.jpg,7,5,3
cricket-ball-hitting-wicket-stumps-knocking-bails-out-against-blue-sky-background-bails-fly-from-cricket-stumps-as-ball-hits-on-grass-field-close-up-2WNX762.jpg,7,6,3
cricket-ball-hitting-wicket-stumps-knocking-bails-out-against-blue-sky-background-bails-fly-from-cricket-stumps-as-ball-hits-on-grass-field-close-up-2WNX762.jpg,7,7,3
cricket-ball-hitting-wicket-stumps-knocking-bails-out-against-blue-sky-background-bails-fly-from-cricket-stumps-as-ball-hits-on-grass-field-close-up-2WNX762.jpg,7,8,0
cricket-ball-hitting-wicket-stumps-knocking-bails-out-against-blue-sky-background-bails-fly-from-cricket-stumps-as-ball-hits-on-grass-field-close-up-2WNX762.jpg,8,1,0
cricket-ball-hitting-wicket-stumps-knocking-bails-out-against-blue-sky-background-bails-fly-from-cricket-stumps-as-ball-hits-on-grass-field-close-up-2WNX762.jpg,8,2,3
cricket-ball-hitting-wicket-stumps-knocking-bails-out-against-blue-sky-background-bails-fly-from-cricket-stumps-as-ball-hits-on-grass-field-close-up-2WNX762.jpg,8,3,3
cricket-ball-hitting-wicket-stumps-knocking-bails-out-against-blue-sky-background-bails-fly-from-cricket-stumps-as-ball-hits-on-grass-field-close-up-2WNX762.jpg,8,4,0
cricket-ball-hitting-wicket-stumps-knocking-bails-out-against-blue-sky-background-bails-fly-from-cricket-stumps-as-ball-hits-on-grass-field-close-up-2WNX762.jpg,8,5,3
cricket-ball-hitting-wicket-stumps-knocking-bails-out-against-blue-sky-background-bails-fly-from-cricket-stumps-as-ball-hits-on-grass-field-close-up-2WNX762.jpg,8,6,3
cricket-ball-hitting-wicket-stumps-knocking-bails-out-against-blue-sky-background-bails-fly-from-cricket-stumps-as-ball-hits-on-grass-field-close-up-2WNX762.jpg,8,7,3
cricket-ball-hitting-wicket-stumps-knocking-bails-out-against-blue-sky-background-bails-fly-from-cricket-stumps-as-ball-hits-on-grass-field-close-up-2WNX762.jpg,8,8,0
cricket-ball-hitting-wicket-stumps-knocking-bails-out-against-blue-sky-background-bails-fly-from-cricket-stumps-as-ball-hits-on-grass-field-close-up-2WNX76P (1).jpg,1,1,0
cricket-ball-hitting-wicket-stumps-knocking-bails-out-against-blue-sky-background-bails-fly-from-cricket-stumps-as-ball-hits-on-grass-field-close-up-2WNX76P (1).jpg,1,2,0
cricket-ball-hitting-wicket-stumps-knocking-bails-out-against-blue-sky-background-bails-fly-from-cricket-stumps-as-ball-hits-on-grass-field-close-up-2WNX76P (1).jpg,1,3,0
cricket-ball-hitting-wicket-stumps-knocking-bails-out-against-blue-sky-background-bails-fly-from-cricket-stumps-as-ball-hits-on-grass-field-close-up-2WNX76P (1).jpg,1,4,0
cricket-ball-hitting-wicket-stumps-knocking-bails-out-against-blue-sky-background-bails-fly-from-cricket-stumps-as-ball-hits-on-grass-field-close-up-2WNX76P (1).jpg,1,5,0
cricket-ball-hitting-wicket-stumps-knocking-bails-out-against-blue-sky-background-bails-fly-from-cricket-stumps-as-ball-hits-on-grass-field-close-up-2WNX76P (1).jpg,1,6,0
cricket-ball-hitting-wicket-stumps-knocking-bails-out-against-blue-sky-background-bails-fly-from-cricket-stumps-as-ball-hits-on-grass-field-close-up-2WNX76P (1).jpg,1,7,0
cricket-ball-hitting-wicket-stumps-knocking-bails-out-against-blue-sky-background-bails-fly-from-cricket-stumps-as-ball-hits-on-grass-field-close-up-2WNX76P (1).jpg,1,8,0
cricket-ball-hitting-wicket-stumps-knocking-bails-out-against-blue-sky-background-bails-fly-from-cricket-stumps-as-ball-hits-on-grass-field-close-up-2WNX76P (1).jpg,2,1,0
cricket-ball-hitting-wicket-stumps-knocking-bails-out-against-blue-sky-background-bails-fly-from-cricket-stumps-as-ball-hits-on-grass-field-close-up-2WNX76P (1).jpg,2,2,0
cricket-ball-hitting-wicket-stumps-knocking-bails-out-against-blue-sky-background-bails-fly-from-cricket-stumps-as-ball-hits-on-grass-field-close-up-2WNX76P (1).jpg,2,3,0
cricket-ball-hitting-wicket-stumps-knocking-bails-out-against-blue-sky-background-bails-fly-from-cricket-stumps-as-ball-hits-on-grass-field-close-up-2WNX76P (1).jpg,2,4,0
cricket-ball-hitting-wicket-stumps-knocking-bails-out-against-blue-sky-background-bails-fly-from-cricket-stumps-as-ball-hits-on-grass-field-close-up-2WNX76P (1).jpg,2,5,0
cricket-ball-hitting-wicket-stumps-knocking-bails-out-against-blue-sky-background-bails-fly-from-cricket-stumps-as-ball-hits-on-grass-field-close-up-2WNX76P (1).jpg,2,6,0
cricket-ball-hitting-wicket-stumps-knocking-bails-out-against-blue-sky-background-bails-fly-from-cricket-stumps-as-ball-hits-on-grass-field-close-up-2WNX76P (1).jpg,2,7,0
cricket-ball-hitting-wicket-stumps-knocking-bails-out-against-blue-sky-background-bails-fly-from-cricket-stumps-as-ball-hits-on-grass-field-close-up-2WNX76P (1).jpg,2,8,0
cricket-ball-hitting-wicket-stumps-knocking-bails-out-against-blue-sky-background-bails-fly-from-cricket-stumps-as-ball-hits-on-grass-field-close-up-2WNX76P (1).jpg,3,1,0
cricket-ball-hitting-wicket-stumps-knocking-bails-out-against-blue-sky-background-bails-fly-from-cricket-stumps-as-ball-hits-on-grass-field-close-up-2WNX76P (1).jpg,3,2,0
cricket-ball-hitting-wicket-stumps-knocking-bails-out-against-blue-sky-background-bails-fly-from-cricket-stumps-as-ball-hits-on-grass-field-close-up-2WNX76P (1).jpg,3,3,3
cricket-ball-hitting-wicket-stumps-knocking-bails-out-against-blue-sky-background-bails-fly-from-cricket-stumps-as-ball-hits-on-grass-field-close-up-2WNX76P (1).jpg,3,4,0
cricket-ball-hitting-wicket-stumps-knocking-bails-out-against-blue-sky-background-bails-fly-from-cricket-stumps-as-ball-hits-on-grass-field-close-up-2WNX76P (1).jpg,3,5,3
cricket-ball-hitting-wicket-stumps-knocking-bails-out-against-blue-sky-background-bails-fly-from-cricket-stumps-as-ball-hits-on-grass-field-close-up-2WNX76P (1).jpg,3,6,0
cricket-ball-hitting-wicket-stumps-knocking-bails-out-against-blue-sky-background-bails-fly-from-cricket-stumps-as-ball-hits-on-grass-field-close-up-2WNX76P (1).jpg,3,7,0
cricket-ball-hitting-wicket-stumps-knocking-bails-out-against-blue-sky-background-bails-fly-from-cricket-stumps-as-ball-hits-on-grass-field-close-up-2WNX76P (1).jpg,3,8,0
cricket-ball-hitting-wicket-stumps-knocking-bails-out-against-blue-sky-background-bails-fly-from-cricket-stumps-as-ball-hits-on-grass-field-close-up-2WNX76P (1).jpg,4,1,0
cricket-ball-hitting-wicket-stumps-knocking-bails-out-against-blue-sky-background-bails-fly-from-cricket-stumps-as-ball-hits-on-grass-field-close-up-2WNX76P (1).jpg,4,2,0
cricket-ball-hitting-wicket-stumps-knocking-bails-out-against-blue-sky-background-bails-fly-from-cricket-stumps-as-ball-hits-on-grass-field-close-up-2WNX76P (1).jpg,4,3,3
cricket-ball-hitting-wicket-stumps-knocking-bails-out-against-blue-sky-background-bails-fly-from-cricket-stumps-as-ball-hits-on-grass-field-close-up-2WNX76P (1).jpg,4,4,0
cricket-ball-hitting-wicket-stumps-knocking-bails-out-against-blue-sky-background-bails-fly-from-cricket-stumps-as-ball-hits-on-grass-field-close-up-2WNX76P (1).jpg,4,5,3
cricket-ball-hitting-wicket-stumps-knocking-bails-out-against-blue-sky-background-bails-fly-from-cricket-stumps-as-ball-hits-on-grass-field-close-up-2WNX76P (1).jpg,4,6,3
cricket-ball-hitting-wicket-stumps-knocking-bails-out-against-blue-sky-background-bails-fly-from-cricket-stumps-as-ball-hits-on-grass-field-close-up-2WNX76P (1).jpg,4,7,3
cricket-ball-hitting-wicket-stumps-knocking-bails-out-against-blue-sky-background-bails-fly-from-cricket-stumps-as-ball-hits-on-grass-field-close-up-2WNX76P (1).jpg,4,8,0
cricket-ball-hitting-wicket-stumps-knocking-bails-out-against-blue-sky-background-bails-fly-from-cricket-stumps-as-ball-hits-on-grass-field-close-up-2WNX76P (1).jpg,5,1,0
cricket-ball-hitting-wicket-stumps-knocking-bails-out-against-blue-sky-background-bails-fly-from-cricket-stumps-as-ball-hits-on-grass-field-close-up-2WNX76P (1).jpg,5,2,0
cricket-ball-hitting-wicket-stumps-knocking-bails-out-against-blue-sky-background-bails-fly-from-cricket-stumps-as-ball-hits-on-grass-field-close-up-2WNX76P (1).jpg,5,3,3
cricket-ball-hitting-wicket-stumps-knocking-bails-out-against-blue-sky-background-bails-fly-from-cricket-stumps-as-ball-hits-on-grass-field-close-up-2WNX76P (1).jpg,5,4,1
cricket-ball-hitting-wicket-stumps-knocking-bails-out-against-blue-sky-background-bails-fly-from-cricket-stumps-as-ball-hits-on-grass-field-close-up-2WNX76P (1).jpg,5,5,1
cricket-ball-hitting-wicket-stumps-knocking-bails-out-against-blue-sky-background-bails-fly-from-cricket-stumps-as-ball-hits-on-grass-field-close-up-2WNX76P (1).jpg,5,6,3
cricket-ball-hitting-wicket-stumps-knocking-bails-out-against-blue-sky-background-bails-fly-from-cricket-stumps-as-ball-hits-on-grass-field-close-up-2WNX76P (1).jpg,5,7,3
cricket-ball-hitting-wicket-stumps-knocking-bails-out-against-blue-sky-background-bails-fly-from-cricket-stumps-as-ball-hits-on-grass-field-close-up-2WNX76P (1).jpg,5,8,0
cricket-ball-hitting-wicket-stumps-knocking-bails-out-against-blue-sky-background-bails-fly-from-cricket-stumps-as-ball-hits-on-grass-field-close-up-2WNX76P (1).jpg,6,1,0
cricket-ball-hitting-wicket-stumps-knocking-bails-out-against-blue-sky-background-bails-fly-from-cricket-stumps-as-ball-hits-on-grass-field-close-up-2WNX76P (1).jpg,6,2,0
cricket-ball-hitting-wicket-stumps-knocking-bails-out-against-blue-sky-background-bails-fly-from-cricket-stumps-as-ball-hits-on-grass-field-close-up-2WNX76P (1).jpg,6,3,3
cricket-ball-hitting-wicket-stumps-knocking-bails-out-against-blue-sky-background-bails-fly-from-cricket-stumps-as-ball-hits-on-grass-field-close-up-2WNX76P (1).jpg,6,4,1
cricket-ball-hitting-wicket-stumps-knocking-bails-out-against-blue-sky-background-bails-fly-from-cricket-stumps-as-ball-hits-on-grass-field-close-up-2WNX76P (1).jpg,6,5,1
cricket-ball-hitting-wicket-stumps-knocking-bails-out-against-blue-sky-background-bails-fly-from-cricket-stumps-as-ball-hits-on-grass-field-close-up-2WNX76P (1).jpg,6,6,3
cricket-ball-hitting-wicket-stumps-knocking-bails-out-against-blue-sky-background-bails-fly-from-cricket-stumps-as-ball-hits-on-grass-field-close-up-2WNX76P (1).jpg,6,7,0
cricket-ball-hitting-wicket-stumps-knocking-bails-out-against-blue-sky-background-bails-fly-from-cricket-stumps-as-ball-hits-on-grass-field-close-up-2WNX76P (1).jpg,6,8,0
cricket-ball-hitting-wicket-stumps-knocking-bails-out-against-blue-sky-background-bails-fly-from-cricket-stumps-as-ball-hits-on-grass-field-close-up-2WNX76P (1).jpg,7,1,0
cricket-ball-hitting-wicket-stumps-knocking-bails-out-against-blue-sky-background-bails-fly-from-cricket-stumps-as-ball-hits-on-grass-field-close-up-2WNX76P (1).jpg,7,2,0
cricket-ball-hitting-wicket-stumps-knocking-bails-out-against-blue-sky-background-bails-fly-from-cricket-stumps-as-ball-hits-on-grass-field-close-up-2WNX76P (1).jpg,7,3,3
cricket-ball-hitting-wicket-stumps-knocking-bails-out-against-blue-sky-background-bails-fly-from-cricket-stumps-as-ball-hits-on-grass-field-close-up-2WNX76P (1).jpg,7,4,3
cricket-ball-hitting-wicket-stumps-knocking-bails-out-against-blue-sky-background-bails-fly-from-cricket-stumps-as-ball-hits-on-grass-field-close-up-2WNX76P (1).jpg,7,5,3
cricket-ball-hitting-wicket-stumps-knocking-bails-out-against-blue-sky-background-bails-fly-from-cricket-stumps-as-ball-hits-on-grass-field-close-up-2WNX76P (1).jpg,7,6,3
cricket-ball-hitting-wicket-stumps-knocking-bails-out-against-blue-sky-background-bails-fly-from-cricket-stumps-as-ball-hits-on-grass-field-close-up-2WNX76P (1).jpg,7,7,0
cricket-ball-hitting-wicket-stumps-knocking-bails-out-against-blue-sky-background-bails-fly-from-cricket-stumps-as-ball-hits-on-grass-field-close-up-2WNX76P (1).jpg,7,8,0
cricket-ball-hitting-wicket-stumps-knocking-bails-out-against-blue-sky-background-bails-fly-from-cricket-stumps-as-ball-hits-on-grass-field-close-up-2WNX76P (1).jpg,8,1,0
cricket-ball-hitting-wicket-stumps-knocking-bails-out-against-blue-sky-background-bails-fly-from-cricket-stumps-as-ball-hits-on-grass-field-close-up-2WNX76P (1).jpg,8,2,0
cricket-ball-hitting-wicket-stumps-knocking-bails-out-against-blue-sky-background-bails-fly-from-cricket-stumps-as-ball-hits-on-grass-field-close-up-2WNX76P (1).jpg,8,3,3
cricket-ball-hitting-wicket-stumps-knocking-bails-out-against-blue-sky-background-bails-fly-from-cricket-stumps-as-ball-hits-on-grass-field-close-up-2WNX76P (1).jpg,8,4,3
cricket-ball-hitting-wicket-stumps-knocking-bails-out-against-blue-sky-background-bails-fly-from-cricket-stumps-as-ball-hits-on-grass-field-close-up-2WNX76P (1).jpg,8,5,3
cricket-ball-hitting-wicket-stumps-knocking-bails-out-against-blue-sky-background-bails-fly-from-cricket-stumps-as-ball-hits-on-grass-field-close-up-2WNX76P (1).jpg,8,6,3
cricket-ball-hitting-wicket-stumps-knocking-bails-out-against-blue-sky-background-bails-fly-from-cricket-stumps-as-ball-hits-on-grass-field-close-up-2WNX76P (1).jpg,8,7,0
cricket-ball-hitting-wicket-stumps-knocking-bails-out-against-blue-sky-background-bails-fly-from-cricket-stumps-as-ball-hits-on-grass-field-close-up-2WNX76P (1).jpg,8,8,0
cricket-ball-near-stumps-green-grass-field-players-stand-background-stadium-game-action-closeup-summer-sport-390338273.jpg,1,1,0
cricket-ball-near-stumps-green-grass-field-players-stand-background-stadium-game-action-closeup-summer-sport-390338273.jpg,1,2,3
cricket-ball-near-stumps-green-grass-field-players-stand-background-stadium-game-action-closeup-summer-sport-390338273.jpg,1,3,3
cricket-ball-near-stumps-green-grass-field-players-stand-background-stadium-game-action-closeup-summer-sport-390338273.jpg,1,4,3
cricket-ball-near-stumps-green-grass-field-players-stand-background-stadium-game-action-closeup-summer-sport-390338273.jpg,1,5,0
cricket-ball-near-stumps-green-grass-field-players-stand-background-stadium-game-action-closeup-summer-sport-390338273.jpg,1,6,0
cricket-ball-near-stumps-green-grass-field-players-stand-background-stadium-game-action-closeup-summer-sport-390338273.jpg,1,7,0
cricket-ball-near-stumps-green-grass-field-players-stand-background-stadium-game-action-closeup-summer-sport-390338273.jpg,1,8,0
cricket-ball-near-stumps-green-grass-field-players-stand-background-stadium-game-action-closeup-summer-sport-390338273.jpg,2,1,0
cricket-ball-near-stumps-green-grass-field-players-stand-background-stadium-game-action-closeup-summer-sport-390338273.jpg,2,2,3
cricket-ball-near-stumps-green-grass-field-players-stand-background-stadium-game-action-closeup-summer-sport-390338273.jpg,2,3,3
cricket-ball-near-stumps-green-grass-field-players-stand-background-stadium-game-action-closeup-summer-sport-390338273.jpg,2,4,3
cricket-ball-near-stumps-green-grass-field-players-stand-background-stadium-game-action-closeup-summer-sport-390338273.jpg,2,5,0
cricket-ball-near-stumps-green-grass-field-players-stand-background-stadium-game-action-closeup-summer-sport-390338273.jpg,2,6,0
cricket-ball-near-stumps-green-grass-field-players-stand-background-stadium-game-action-closeup-summer-sport-390338273.jpg,2,7,0
cricket-ball-near-stumps-green-grass-field-players-stand-background-stadium-game-action-closeup-summer-sport-390338273.jpg,2,8,0
cricket-ball-near-stumps-green-grass-field-players-stand-background-stadium-game-action-closeup-summer-sport-390338273.jpg,3,1,0
cricket-ball-near-stumps-green-grass-field-players-stand-background-stadium-game-action-closeup-summer-sport-390338273.jpg,3,2,3
cricket-ball-near-stumps-green-grass-field-players-stand-background-stadium-game-action-closeup-summer-sport-390338273.jpg,3,3,3
cricket-ball-near-stumps-green-grass-field-players-stand-background-stadium-game-action-closeup-summer-sport-390338273.jpg,3,4,3
cricket-ball-near-stumps-green-grass-field-players-stand-background-stadium-game-action-closeup-summer-sport-390338273.jpg,3,5,0
cricket-ball-near-stumps-green-grass-field-players-stand-background-stadium-game-action-closeup-summer-sport-390338273.jpg,3,6,0
cricket-ball-near-stumps-green-grass-field-players-stand-background-stadium-game-action-closeup-summer-sport-390338273.jpg,3,7,0
cricket-ball-near-stumps-green-grass-field-players-stand-background-stadium-game-action-closeup-summer-sport-390338273.jpg,3,8,0
cricket-ball-near-stumps-green-grass-field-players-stand-background-stadium-game-action-closeup-summer-sport-390338273.jpg,4,1,0
cricket-ball-near-stumps-green-grass-field-players-stand-background-stadium-game-action-closeup-summer-sport-390338273.jpg,4,2,3
cricket-ball-near-stumps-green-grass-field-players-stand-background-stadium-game-action-closeup-summer-sport-390338273.jpg,4,3,3
cricket-ball-near-stumps-green-grass-field-players-stand-background-stadium-game-action-closeup-summer-sport-390338273.jpg,4,4,3
cricket-ball-near-stumps-green-grass-field-players-stand-background-stadium-game-action-closeup-summer-sport-390338273.jpg,4,5,0
cricket-ball-near-stumps-green-grass-field-players-stand-background-stadium-game-action-closeup-summer-sport-390338273.jpg,4,6,0
cricket-ball-near-stumps-green-grass-field-players-stand-background-stadium-game-action-closeup-summer-sport-390338273.jpg,4,7,0
cricket-ball-near-stumps-green-grass-field-players-stand-background-stadium-game-action-closeup-summer-sport-390338273.jpg,4,8,0
cricket-ball-near-stumps-green-grass-field-players-stand-background-stadium-game-action-closeup-summer-sport-390338273.jpg,5,1,0
cricket-ball-near-stumps-green-grass-field-players-stand-background-stadium-game-action-closeup-summer-sport-390338273.jpg,5,2,3
cricket-ball-near-stumps-green-grass-field-players-stand-background-stadium-game-action-closeup-summer-sport-390338273.jpg,5,3,3
cricket-ball-near-stumps-green-grass-field-players-stand-background-stadium-game-action-closeup-summer-sport-390338273.jpg,5,4,3
cricket-ball-near-stumps-green-grass-field-players-stand-background-stadium-game-action-closeup-summer-sport-390338273.jpg,5,5,1
cricket-ball-near-stumps-green-grass-field-players-stand-background-stadium-game-action-closeup-summer-sport-390338273.jpg,5,6,0
cricket-ball-near-stumps-green-grass-field-players-stand-background-stadium-game-action-closeup-summer-sport-390338273.jpg,5,7,0
cricket-ball-near-stumps-green-grass-field-players-stand-background-stadium-game-action-closeup-summer-sport-390338273.jpg,5,8,0
cricket-ball-near-stumps-green-grass-field-players-stand-background-stadium-game-action-closeup-summer-sport-390338273.jpg,6,1,0
cricket-ball-near-stumps-green-grass-field-players-stand-background-stadium-game-action-closeup-summer-sport-390338273.jpg,6,2,3
cricket-ball-near-stumps-green-grass-field-players-stand-background-stadium-game-action-closeup-summer-sport-390338273.jpg,6,3,3
cricket-ball-near-stumps-green-grass-field-players-stand-background-stadium-game-action-closeup-summer-sport-390338273.jpg,6,4,1
cricket-ball-near-stumps-green-grass-field-players-stand-background-stadium-game-action-closeup-summer-sport-390338273.jpg,6,5,1
cricket-ball-near-stumps-green-grass-field-players-stand-background-stadium-game-action-closeup-summer-sport-390338273.jpg,6,6,0
cricket-ball-near-stumps-green-grass-field-players-stand-background-stadium-game-action-closeup-summer-sport-390338273.jpg,6,7,0
cricket-ball-near-stumps-green-grass-field-players-stand-background-stadium-game-action-closeup-summer-sport-390338273.jpg,6,8,0
cricket-ball-near-stumps-green-grass-field-players-stand-background-stadium-game-action-closeup-summer-sport-390338273.jpg,7,1,0
cricket-ball-near-stumps-green-grass-field-players-stand-background-stadium-game-action-closeup-summer-sport-390338273.jpg,7,2,3
cricket-ball-near-stumps-green-grass-field-players-stand-background-stadium-game-action-closeup-summer-sport-390338273.jpg,7,3,3
cricket-ball-near-stumps-green-grass-field-players-stand-background-stadium-game-action-closeup-summer-sport-390338273.jpg,7,4,1
cricket-ball-near-stumps-green-grass-field-players-stand-background-stadium-game-action-closeup-summer-sport-390338273.jpg,7,5,1
cricket-ball-near-stumps-green-grass-field-players-stand-background-stadium-game-action-closeup-summer-sport-390338273.jpg,7,6,0
cricket-ball-near-stumps-green-grass-field-players-stand-background-stadium-game-action-closeup-summer-sport-390338273.jpg,7,7,0
cricket-ball-near-stumps-green-grass-field-players-stand-background-stadium-game-action-closeup-summer-sport-390338273.jpg,7,8,0
cricket-ball-near-stumps-green-grass-field-players-stand-background-stadium-game-action-closeup-summer-sport-390338273.jpg,8,1,0
cricket-ball-near-stumps-green-grass-field-players-stand-background-stadium-game-action-closeup-summer-sport-390338273.jpg,8,2,3
cricket-ball-near-stumps-green-grass-field-players-stand-background-stadium-game-action-closeup-summer-sport-390338273.jpg,8,3,0
cricket-ball-near-stumps-green-grass-field-players-stand-background-stadium-game-action-closeup-summer-sport-390338273.jpg,8,4,0
cricket-ball-near-stumps-green-grass-field-players-stand-background-stadium-game-action-closeup-summer-sport-390338273.jpg,8,5,0
cricket-ball-near-stumps-green-grass-field-players-stand-background-stadium-game-action-closeup-summer-sport-390338273.jpg,8,6,0
cricket-ball-near-stumps-green-grass-field-players-stand-background-stadium-game-action-closeup-summer-sport-390338273.jpg,8,7,0
cricket-ball-near-stumps-green-grass-field-players-stand-background-stadium-game-action-closeup-summer-sport-390338273.jpg,8,8,0
cricket-bat-and-ball-CFMM8D.jpg,1,1,0
cricket-bat-and-ball-CFMM8D.jpg,1,2,0
cricket-bat-and-ball-CFMM8D.jpg,1,3,0
cricket-bat-and-ball-CFMM8D.jpg,1,4,2
cricket-bat-and-ball-CFMM8D.jpg,1,5,2
cricket-bat-and-ball-CFMM8D.jpg,1,6,0
cricket-bat-and-ball-CFMM8D.jpg,1,7,0
cricket-bat-and-ball-CFMM8D.jpg,1,8,0
cricket-bat-and-ball-CFMM8D.jpg,2,1,0
cricket-bat-and-ball-CFMM8D.jpg,2,2,0
cricket-bat-and-ball-CFMM8D.jpg,2,3,0
cricket-bat-and-ball-CFMM8D.jpg,2,4,2
cricket-bat-and-ball-CFMM8D.jpg,2,5,2
cricket-bat-and-ball-CFMM8D.jpg,2,6,0
cricket-bat-and-ball-CFMM8D.jpg,2,7,0
cricket-bat-and-ball-CFMM8D.jpg,2,8,0
cricket-bat-and-ball-CFMM8D.jpg,3,1,0
cricket-bat-and-ball-CFMM8D.jpg,3,2,0
cricket-bat-and-ball-CFMM8D.jpg,3,3,0
cricket-bat-and-ball-CFMM8D.jpg,3,4,2
cricket-bat-and-ball-CFMM8D.jpg,3,5,2
cricket-bat-and-ball-CFMM8D.jpg,3,6,0
cricket-bat-and-ball-CFMM8D.jpg,3,7,0
cricket-bat-and-ball-CFMM8D.jpg,3,8,0
cricket-bat-and-ball-CFMM8D.jpg,4,1,0
cricket-bat-and-ball-CFMM8D.jpg,4,2,0
cricket-bat-and-ball-CFMM8D.jpg,4,3,0
cricket-bat-and-ball-CFMM8D.jpg,4,4,2
cricket-bat-and-ball-CFMM8D.jpg,4,5,2
cricket-bat-and-ball-CFMM8D.jpg,4,6,0
cricket-bat-and-ball-CFMM8D.jpg,4,7,0
cricket-bat-and-ball-CFMM8D.jpg,4,8,0
cricket-bat-and-ball-CFMM8D.jpg,5,1,0
cricket-bat-and-ball-CFMM8D.jpg,5,2,0
cricket-bat-and-ball-CFMM8D.jpg,5,3,0
cricket-bat-and-ball-CFMM8D.jpg,5,4,2
cricket-bat-and-ball-CFMM8D.jpg,5,5,2
cricket-bat-and-ball-CFMM8D.jpg,5,6,0
cricket-bat-and-ball-CFMM8D.jpg,5,7,0
cricket-bat-and-ball-CFMM8D.jpg,5,8,0
cricket-bat-and-ball-CFMM8D.jpg,6,1,0
cricket-bat-and-ball-CFMM8D.jpg,6,2,0
cricket-bat-and-ball-CFMM8D.jpg,6,3,0
cricket-bat-and-ball-CFMM8D.jpg,6,4,2
cricket-bat-and-ball-CFMM8D.jpg,6,5,2
cricket-bat-and-ball-CFMM8D.jpg,6,6,0
cricket-bat-and-ball-CFMM8D.jpg,6,7,0
cricket-bat-and-ball-CFMM8D.jpg,6,8,0
cricket-bat-and-ball-CFMM8D.jpg,7,1,0
cricket-bat-and-ball-CFMM8D.jpg,7,2,0
cricket-bat-and-ball-CFMM8D.jpg,7,3,0
cricket-bat-and-ball-CFMM8D.jpg,7,4,2
cricket-bat-and-ball-CFMM8D.jpg,7,5,2
cricket-bat-and-ball-CFMM8D.jpg,7,6,0
cricket-bat-and-ball-CFMM8D.jpg,7,7,0
cricket-bat-and-ball-CFMM8D.jpg,7,8,0
cricket-bat-and-ball-CFMM8D.jpg,8,1,0
cricket-bat-and-ball-CFMM8D.jpg,8,2,0
cricket-bat-and-ball-CFMM8D.jpg,8,3,0
cricket-bat-and-ball-CFMM8D.jpg,8,4,2
cricket-bat-and-ball-CFMM8D.jpg,8,5,2
cricket-bat-and-ball-CFMM8D.jpg,8,6,0
cricket-bat-and-ball-CFMM8D.jpg,8,7,0
cricket-bat-and-ball-CFMM8D.jpg,8,8,0
cricket-batsman-in-action-2JD29XJ.jpg,1,1,0
cricket-batsman-in-action-2JD29XJ.jpg,1,2,0
cricket-batsman-in-action-2JD29XJ.jpg,1,3,0
cricket-batsman-in-action-2JD29XJ.jpg,1,4,0
cricket-batsman-in-action-2JD29XJ.jpg,1,5,0
cricket-batsman-in-action-2JD29XJ.jpg,1,6,0
cricket-batsman-in-action-2JD29XJ.jpg,1,7,0
cricket-batsman-in-action-2JD29XJ.jpg,1,8,0
cricket-batsman-in-action-2JD29XJ.jpg,2,1,0
cricket-batsman-in-action-2JD29XJ.jpg,2,2,0
cricket-batsman-in-action-2JD29XJ.jpg,2,3,2
cricket-batsman-in-action-2JD29XJ.jpg,2,4,0
cricket-batsman-in-action-2JD29XJ.jpg,2,5,0
cricket-batsman-in-action-2JD29XJ.jpg,2,6,0
cricket-batsman-in-action-2JD29XJ.jpg,2,7,0
cricket-batsman-in-action-2JD29XJ.jpg,2,8,0
cricket-batsman-in-action-2JD29XJ.jpg,3,1,0
cricket-batsman-in-action-2JD29XJ.jpg,3,2,0
cricket-batsman-in-action-2JD29XJ.jpg,3,3,2
cricket-batsman-in-action-2JD29XJ.jpg,3,4,2
cricket-batsman-in-action-2JD29XJ.jpg,3,5,0
cricket-batsman-in-action-2JD29XJ.jpg,3,6,0
cricket-batsman-in-action-2JD29XJ.jpg,3,7,0
cricket-batsman-in-action-2JD29XJ.jpg,3,8,0
cricket-batsman-in-action-2JD29XJ.jpg,4,1,3
cricket-batsman-in-action-2JD29XJ.jpg,4,2,0
cricket-batsman-in-action-2JD29XJ.jpg,4,3,0
cricket-batsman-in-action-2JD29XJ.jpg,4,4,0
cricket-batsman-in-action-2JD29XJ.jpg,4,5,0
cricket-batsman-in-action-2JD29XJ.jpg,4,6,0
cricket-batsman-in-action-2JD29XJ.jpg,4,7,3
cricket-batsman-in-action-2JD29XJ.jpg,4,8,3
cricket-batsman-in-action-2JD29XJ.jpg,5,1,3
cricket-batsman-in-action-2JD29XJ.jpg,5,2,0
cricket-batsman-in-action-2JD29XJ.jpg,5,3,0
cricket-batsman-in-action-2JD29XJ.jpg,5,4,0
cricket-batsman-in-action-2JD29XJ.jpg,5,5,0
cricket-batsman-in-action-2JD29XJ.jpg,5,6,0
cricket-batsman-in-action-2JD29XJ.jpg,5,7,3
cricket-batsman-in-action-2JD29XJ.jpg,5,8,3
cricket-batsman-in-action-2JD29XJ.jpg,6,1,3
cricket-batsman-in-action-2JD29XJ.jpg,6,2,1
cricket-batsman-in-action-2JD29XJ.jpg,6,3,0
cricket-batsman-in-action-2JD29XJ.jpg,6,4,0
cricket-batsman-in-action-2JD29XJ.jpg,6,5,0
cricket-batsman-in-action-2JD29XJ.jpg,6,6,0
cricket-batsman-in-action-2JD29XJ.jpg,6,7,3
cricket-batsman-in-action-2JD29XJ.jpg,6,8,3
cricket-batsman-in-action-2JD29XJ.jpg,7,1,0
cricket-batsman-in-action-2JD29XJ.jpg,7,2,0
cricket-batsman-in-action-2JD29XJ.jpg,7,3,0
cricket-batsman-in-action-2JD29XJ.jpg,7,4,0
cricket-batsman-in-action-2JD29XJ.jpg,7,5,0
cricket-batsman-in-action-2JD29XJ.jpg,7,6,0
cricket-batsman-in-action-2JD29XJ.jpg,7,7,3
cricket-batsman-in-action-2JD29XJ.jpg,7,8,3
cricket-batsman-in-action-2JD29XJ.jpg,8,1,0
cricket-batsman-in-action-2JD29XJ.jpg,8,2,0
cricket-batsman-in-action-2JD29XJ.jpg,8,3,0
cricket-batsman-in-action-2JD29XJ.jpg,8,4,0
cricket-batsman-in-action-2JD29XJ.jpg,8,5,0
cricket-batsman-in-action-2JD29XJ.jpg,8,6,0
cricket-batsman-in-action-2JD29XJ.jpg,8,7,0
cricket-batsman-in-action-2JD29XJ.jpg,8,8,0
cricket-batsman-in-action-BP23WT.jpg,1,1,0
cricket-batsman-in-action-BP23WT.jpg,1,2,0
cricket-batsman-in-action-BP23WT.jpg,1,3,1
cricket-batsman-in-action-BP23WT.jpg,1,4,0
cricket-batsman-in-action-BP23WT.jpg,1,5,0
cricket-batsman-in-action-BP23WT.jpg,1,6,0
cricket-batsman-in-action-BP23WT.jpg,1,7,0
cricket-batsman-in-action-BP23WT.jpg,1,8,0
cricket-batsman-in-action-BP23WT.jpg,2,1,0
cricket-batsman-in-action-BP23WT.jpg,2,2,0
cricket-batsman-in-action-BP23WT.jpg,2,3,0
cricket-batsman-in-action-BP23WT.jpg,2,4,0
cricket-batsman-in-action-BP23WT.jpg,2,5,0
cricket-batsman-in-action-BP23WT.jpg,2,6,0
cricket-batsman-in-action-BP23WT.jpg,2,7,0
cricket-batsman-in-action-BP23WT.jpg,2,8,0
cricket-batsman-in-action-BP23WT.jpg,3,1,0
cricket-batsman-in-action-BP23WT.jpg,3,2,0
cricket-batsman-in-action-BP23WT.jpg,3,3,0
cricket-batsman-in-action-BP23WT.jpg,3,4,0
cricket-batsman-in-action-BP23WT.jpg,3,5,0
cricket-batsman-in-action-BP23WT.jpg,3,6,0
cricket-batsman-in-action-BP23WT.jpg,3,7,2
cricket-batsman-in-action-BP23WT.jpg,3,8,0
cricket-batsman-in-action-BP23WT.jpg,4,1,0
cricket-batsman-in-action-BP23WT.jpg,4,2,0
cricket-batsman-in-action-BP23WT.jpg,4,3,0
cricket-batsman-in-action-BP23WT.jpg,4,4,0
cricket-batsman-in-action-BP23WT.jpg,4,5,0
cricket-batsman-in-action-BP23WT.jpg,4,6,0
cricket-batsman-in-action-BP23WT.jpg,4,7,2
cricket-batsman-in-action-BP23WT.jpg,4,8,0
cricket-batsman-in-action-BP23WT.jpg,5,1,0
cricket-batsman-in-action-BP23WT.jpg,5,2,0
cricket-batsman-in-action-BP23WT.jpg,5,3,0
cricket-batsman-in-action-BP23WT.jpg,5,4,3
cricket-batsman-in-action-BP23WT.jpg,5,5,3
cricket-batsman-in-action-BP23WT.jpg,5,6,0
cricket-batsman-in-action-BP23WT.jpg,5,7,0
cricket-batsman-in-action-BP23WT.jpg,5,8,0
cricket-batsman-in-action-BP23WT.jpg,6,1,0
cricket-batsman-in-action-BP23WT.jpg,6,2,0
cricket-batsman-in-action-BP23WT.jpg,6,3,0
cricket-batsman-in-action-BP23WT.jpg,6,4,3
cricket-batsman-in-action-BP23WT.jpg,6,5,3
cricket-batsman-in-action-BP23WT.jpg,6,6,0
cricket-batsman-in-action-BP23WT.jpg,6,7,0
cricket-batsman-in-action-BP23WT.jpg,6,8,0
cricket-batsman-in-action-BP23WT.jpg,7,1,0
cricket-batsman-in-action-BP23WT.jpg,7,2,0
cricket-batsman-in-action-BP23WT.jpg,7,3,0
cricket-batsman-in-action-BP23WT.jpg,7,4,3
cricket-batsman-in-action-BP23WT.jpg,7,5,3
cricket-batsman-in-action-BP23WT.jpg,7,6,0
cricket-batsman-in-action-BP23WT.jpg,7,7,0
cricket-batsman-in-action-BP23WT.jpg,7,8,0
cricket-batsman-in-action-BP23WT.jpg,8,1,0
cricket-batsman-in-action-BP23WT.jpg,8,2,0
cricket-batsman-in-action-BP23WT.jpg,8,3,0
cricket-batsman-in-action-BP23WT.jpg,8,4,3
cricket-batsman-in-action-BP23WT.jpg,8,5,3
cricket-batsman-in-action-BP23WT.jpg,8,6,0
cricket-batsman-in-action-BP23WT.jpg,8,7,0
cricket-batsman-in-action-BP23WT.jpg,8,8,0
cricket-batsman-in-action-dorset-england-uk-G3DPW0.jpg,1,1,0
cricket-batsman-in-action-dorset-england-uk-G3DPW0.jpg,1,2,0
cricket-batsman-in-action-dorset-england-uk-G3DPW0.jpg,1,3,0
cricket-batsman-in-action-dorset-england-uk-G3DPW0.jpg,1,4,0
cricket-batsman-in-action-dorset-england-uk-G3DPW0.jpg,1,5,0
cricket-batsman-in-action-dorset-england-uk-G3DPW0.jpg,1,6,0
cricket-batsman-in-action-dorset-england-uk-G3DPW0.jpg,1,7,0
cricket-batsman-in-action-dorset-england-uk-G3DPW0.jpg,1,8,0
cricket-batsman-in-action-dorset-england-uk-G3DPW0.jpg,2,1,0
cricket-batsman-in-action-dorset-england-uk-G3DPW0.jpg,2,2,0
cricket-batsman-in-action-dorset-england-uk-G3DPW0.jpg,2,3,0
cricket-batsman-in-action-dorset-england-uk-G3DPW0.jpg,2,4,0
cricket-batsman-in-action-dorset-england-uk-G3DPW0.jpg,2,5,2
cricket-batsman-in-action-dorset-england-uk-G3DPW0.jpg,2,6,0
cricket-batsman-in-action-dorset-england-uk-G3DPW0.jpg,2,7,0
cricket-batsman-in-action-dorset-england-uk-G3DPW0.jpg,2,8,0
cricket-batsman-in-action-dorset-england-uk-G3DPW0.jpg,3,1,0
cricket-batsman-in-action-dorset-england-uk-G3DPW0.jpg,3,2,0
cricket-batsman-in-action-dorset-england-uk-G3DPW0.jpg,3,3,0
cricket-batsman-in-action-dorset-england-uk-G3DPW0.jpg,3,4,2
cricket-batsman-in-action-dorset-england-uk-G3DPW0.jpg,3,5,0
cricket-batsman-in-action-dorset-england-uk-G3DPW0.jpg,3,6,0
cricket-batsman-in-action-dorset-england-uk-G3DPW0.jpg,3,7,0
cricket-batsman-in-action-dorset-england-uk-G3DPW0.jpg,3,8,0
cricket-batsman-in-action-dorset-england-uk-G3DPW0.jpg,4,1,3
cricket-batsman-in-action-dorset-england-uk-G3DPW0.jpg,4,2,3
cricket-batsman-in-action-dorset-england-uk-G3DPW0.jpg,4,3,2
cricket-batsman-in-action-dorset-england-uk-G3DPW0.jpg,4,4,2
cricket-batsman-in-action-dorset-england-uk-G3DPW0.jpg,4,5,0
cricket-batsman-in-action-dorset-england-uk-G3DPW0.jpg,4,6,0
cricket-batsman-in-action-dorset-england-uk-G3DPW0.jpg,4,7,0
cricket-batsman-in-action-dorset-england-uk-G3DPW0.jpg,4,8,0
cricket-batsman-in-action-dorset-england-uk-G3DPW0.jpg,5,1,3
cricket-batsman-in-action-dorset-england-uk-G3DPW0.jpg,5,2,3
cricket-batsman-in-action-dorset-england-uk-G3DPW0.jpg,5,3,2
cricket-batsman-in-action-dorset-england-uk-G3DPW0.jpg,5,4,2
cricket-batsman-in-action-dorset-england-uk-G3DPW0.jpg,5,5,0
cricket-batsman-in-action-dorset-england-uk-G3DPW0.jpg,5,6,0
cricket-batsman-in-action-dorset-england-uk-G3DPW0.jpg,5,7,0
cricket-batsman-in-action-dorset-england-uk-G3DPW0.jpg,5,8,0
cricket-batsman-in-action-dorset-england-uk-G3DPW0.jpg,6,1,3
cricket-batsman-in-action-dorset-england-uk-G3DPW0.jpg,6,2,3
cricket-batsman-in-action-dorset-england-uk-G3DPW0.jpg,6,3,0
cricket-batsman-in-action-dorset-england-uk-G3DPW0.jpg,6,4,0
cricket-batsman-in-action-dorset-england-uk-G3DPW0.jpg,6,5,1
cricket-batsman-in-action-dorset-england-uk-G3DPW0.jpg,6,6,0
cricket-batsman-in-action-dorset-england-uk-G3DPW0.jpg,6,7,0
cricket-batsman-in-action-dorset-england-uk-G3DPW0.jpg,6,8,0
cricket-batsman-in-action-dorset-england-uk-G3DPW0.jpg,7,1,3
cricket-batsman-in-action-dorset-england-uk-G3DPW0.jpg,7,2,3
cricket-batsman-in-action-dorset-england-uk-G3DPW0.jpg,7,3,0
cricket-batsman-in-action-dorset-england-uk-G3DPW0.jpg,7,4,0
cricket-batsman-in-action-dorset-england-uk-G3DPW0.jpg,7,5,1
cricket-batsman-in-action-dorset-england-uk-G3DPW0.jpg,7,6,0
cricket-batsman-in-action-dorset-england-uk-G3DPW0.jpg,7,7,0
cricket-batsman-in-action-dorset-england-uk-G3DPW0.jpg,7,8,0
cricket-batsman-in-action-dorset-england-uk-G3DPW0.jpg,8,1,3
cricket-batsman-in-action-dorset-england-uk-G3DPW0.jpg,8,2,3
cricket-batsman-in-action-dorset-england-uk-G3DPW0.jpg,8,3,0
cricket-batsman-in-action-dorset-england-uk-G3DPW0.jpg,8,4,0
cricket-batsman-in-action-dorset-england-uk-G3DPW0.jpg,8,5,0
cricket-batsman-in-action-dorset-england-uk-G3DPW0.jpg,8,6,0
cricket-batsman-in-action-dorset-england-uk-G3DPW0.jpg,8,7,0
cricket-batsman-in-action-dorset-england-uk-G3DPW0.jpg,8,8,0
cricket-batter-batting-style-vector-bring-excitement-to-your-designs-dynamic-illustration-action-perfect-373093812.jpg,1,1,0
cricket-batter-batting-style-vector-bring-excitement-to-your-designs-dynamic-illustration-action-perfect-373093812.jpg,1,2,0
cricket-batter-batting-style-vector-bring-excitement-to-your-designs-dynamic-illustration-action-perfect-373093812.jpg,1,3,0
cricket-batter-batting-style-vector-bring-excitement-to-your-designs-dynamic-illustration-action-perfect-373093812.jpg,1,4,0
cricket-batter-batting-style-vector-bring-excitement-to-your-designs-dynamic-illustration-action-perfect-373093812.jpg,1,5,2
cricket-batter-batting-style-vector-bring-excitement-to-your-designs-dynamic-illustration-action-perfect-373093812.jpg,1,6,2
cricket-batter-batting-style-vector-bring-excitement-to-your-designs-dynamic-illustration-action-perfect-373093812.jpg,1,7,0
cricket-batter-batting-style-vector-bring-excitement-to-your-designs-dynamic-illustration-action-perfect-373093812.jpg,1,8,0
cricket-batter-batting-style-vector-bring-excitement-to-your-designs-dynamic-illustration-action-perfect-373093812.jpg,2,1,0
cricket-batter-batting-style-vector-bring-excitement-to-your-designs-dynamic-illustration-action-perfect-373093812.jpg,2,2,0
cricket-batter-batting-style-vector-bring-excitement-to-your-designs-dynamic-illustration-action-perfect-373093812.jpg,2,3,0
cricket-batter-batting-style-vector-bring-excitement-to-your-designs-dynamic-illustration-action-perfect-373093812.jpg,2,4,0
cricket-batter-batting-style-vector-bring-excitement-to-your-designs-dynamic-illustration-action-perfect-373093812.jpg,2,5,0
cricket-batter-batting-style-vector-bring-excitement-to-your-designs-dynamic-illustration-action-perfect-373093812.jpg,2,6,2
cricket-batter-batting-style-vector-bring-excitement-to-your-designs-dynamic-illustration-action-perfect-373093812.jpg,2,7,0
cricket-batter-batting-style-vector-bring-excitement-to-your-designs-dynamic-illustration-action-perfect-373093812.jpg,2,8,0
cricket-batter-batting-style-vector-bring-excitement-to-your-designs-dynamic-illustration-action-perfect-373093812.jpg,3,1,0
cricket-batter-batting-style-vector-bring-excitement-to-your-designs-dynamic-illustration-action-perfect-373093812.jpg,3,2,0
cricket-batter-batting-style-vector-bring-excitement-to-your-designs-dynamic-illustration-action-perfect-373093812.jpg,3,3,0
cricket-batter-batting-style-vector-bring-excitement-to-your-designs-dynamic-illustration-action-perfect-373093812.jpg,3,4,0
cricket-batter-batting-style-vector-bring-excitement-to-your-designs-dynamic-illustration-action-perfect-373093812.jpg,3,5,0
cricket-batter-batting-style-vector-bring-excitement-to-your-designs-dynamic-illustration-action-perfect-373093812.jpg,3,6,0
cricket-batter-batting-style-vector-bring-excitement-to-your-designs-dynamic-illustration-action-perfect-373093812.jpg,3,7,2
cricket-batter-batting-style-vector-bring-excitement-to-your-designs-dynamic-illustration-action-perfect-373093812.jpg,3,8,0
cricket-batter-batting-style-vector-bring-excitement-to-your-designs-dynamic-illustration-action-perfect-373093812.jpg,4,1,0
cricket-batter-batting-style-vector-bring-excitement-to-your-designs-dynamic-illustration-action-perfect-373093812.jpg,4,2,0
cricket-batter-batting-style-vector-bring-excitement-to-your-designs-dynamic-illustration-action-perfect-373093812.jpg,4,3,0
cricket-batter-batting-style-vector-bring-excitement-to-your-designs-dynamic-illustration-action-perfect-373093812.jpg,4,4,0
cricket-batter-batting-style-vector-bring-excitement-to-your-designs-dynamic-illustration-action-perfect-373093812.jpg,4,5,0
cricket-batter-batting-style-vector-bring-excitement-to-your-designs-dynamic-illustration-action-perfect-373093812.jpg,4,6,0
cricket-batter-batting-style-vector-bring-excitement-to-your-designs-dynamic-illustration-action-perfect-373093812.jpg,4,7,0
cricket-batter-batting-style-vector-bring-excitement-to-your-designs-dynamic-illustration-action-perfect-373093812.jpg,4,8,0
cricket-batter-batting-style-vector-bring-excitement-to-your-designs-dynamic-illustration-action-perfect-373093812.jpg,5,1,0
cricket-batter-batting-style-vector-bring-excitement-to-your-designs-dynamic-illustration-action-perfect-373093812.jpg,5,2,0
cricket-batter-batting-style-vector-bring-excitement-to-your-designs-dynamic-illustration-action-perfect-373093812.jpg,5,3,0
cricket-batter-batting-style-vector-bring-excitement-to-your-designs-dynamic-illustration-action-perfect-373093812.jpg,5,4,0
cricket-batter-batting-style-vector-bring-excitement-to-your-designs-dynamic-illustration-action-perfect-373093812.jpg,5,5,0
cricket-batter-batting-style-vector-bring-excitement-to-your-designs-dynamic-illustration-action-perfect-373093812.jpg,5,6,0
cricket-batter-batting-style-vector-bring-excitement-to-your-designs-dynamic-illustration-action-perfect-373093812.jpg,5,7,0
cricket-batter-batting-style-vector-bring-excitement-to-your-designs-dynamic-illustration-action-perfect-373093812.jpg,5,8,0
cricket-batter-batting-style-vector-bring-excitement-to-your-designs-dynamic-illustration-action-perfect-373093812.jpg,6,1,0
cricket-batter-batting-style-vector-bring-excitement-to-your-designs-dynamic-illustration-action-perfect-373093812.jpg,6,2,0
cricket-batter-batting-style-vector-bring-excitement-to-your-designs-dynamic-illustration-action-perfect-373093812.jpg,6,3,0
cricket-batter-batting-style-vector-bring-excitement-to-your-designs-dynamic-illustration-action-perfect-373093812.jpg,6,4,0
cricket-batter-batting-style-vector-bring-excitement-to-your-designs-dynamic-illustration-action-perfect-373093812.jpg,6,5,0
cricket-batter-batting-style-vector-bring-excitement-to-your-designs-dynamic-illustration-action-perfect-373093812.jpg,6,6,0
cricket-batter-batting-style-vector-bring-excitement-to-your-designs-dynamic-illustration-action-perfect-373093812.jpg,6,7,0
cricket-batter-batting-style-vector-bring-excitement-to-your-designs-dynamic-illustration-action-perfect-373093812.jpg,6,8,0
cricket-batter-batting-style-vector-bring-excitement-to-your-designs-dynamic-illustration-action-perfect-373093812.jpg,7,1,0
cricket-batter-batting-style-vector-bring-excitement-to-your-designs-dynamic-illustration-action-perfect-373093812.jpg,7,2,0
cricket-batter-batting-style-vector-bring-excitement-to-your-designs-dynamic-illustration-action-perfect-373093812.jpg,7,3,0
cricket-batter-batting-style-vector-bring-excitement-to-your-designs-dynamic-illustration-action-perfect-373093812.jpg,7,4,0
cricket-batter-batting-style-vector-bring-excitement-to-your-designs-dynamic-illustration-action-perfect-373093812.jpg,7,5,0
cricket-batter-batting-style-vector-bring-excitement-to-your-designs-dynamic-illustration-action-perfect-373093812.jpg,7,6,0
cricket-batter-batting-style-vector-bring-excitement-to-your-designs-dynamic-illustration-action-perfect-373093812.jpg,7,7,0
cricket-batter-batting-style-vector-bring-excitement-to-your-designs-dynamic-illustration-action-perfect-373093812.jpg,7,8,0
cricket-batter-batting-style-vector-bring-excitement-to-your-designs-dynamic-illustration-action-perfect-373093812.jpg,8,1,0
cricket-batter-batting-style-vector-bring-excitement-to-your-designs-dynamic-illustration-action-perfect-373093812.jpg,8,2,0
cricket-batter-batting-style-vector-bring-excitement-to-your-designs-dynamic-illustration-action-perfect-373093812.jpg,8,3,0
cricket-batter-batting-style-vector-bring-excitement-to-your-designs-dynamic-illustration-action-perfect-373093812.jpg,8,4,0
cricket-batter-batting-style-vector-bring-excitement-to-your-designs-dynamic-illustration-action-perfect-373093812.jpg,8,5,0
cricket-batter-batting-style-vector-bring-excitement-to-your-designs-dynamic-illustration-action-perfect-373093812.jpg,8,6,0
cricket-batter-batting-style-vector-bring-excitement-to-your-designs-dynamic-illustration-action-perfect-373093812.jpg,8,7,0
cricket-batter-batting-style-vector-bring-excitement-to-your-designs-dynamic-illustration-action-perfect-373093812.jpg,8,8,0
cricket-batter-in-action-2JGPPA5.jpg,1,1,0
cricket-batter-in-action-2JGPPA5.jpg,1,2,0
cricket-batter-in-action-2JGPPA5.jpg,1,3,0
cricket-batter-in-action-2JGPPA5.jpg,1,4,0
cricket-batter-in-action-2JGPPA5.jpg,1,5,0
cricket-batter-in-action-2JGPPA5.jpg,1,6,0
cricket-batter-in-action-2JGPPA5.jpg,1,7,0
cricket-batter-in-action-2JGPPA5.jpg,1,8,0
cricket-batter-in-action-2JGPPA5.jpg,2,1,0
cricket-batter-in-action-2JGPPA5.jpg,2,2,0
cricket-batter-in-action-2JGPPA5.jpg,2,3,0
cricket-batter-in-action-2JGPPA5.jpg,2,4,0
cricket-batter-in-action-2JGPPA5.jpg,2,5,0
cricket-batter-in-action-2JGPPA5.jpg,2,6,1
cricket-batter-in-action-2JGPPA5.jpg,2,7,0
cricket-batter-in-action-2JGPPA5.jpg,2,8,0
cricket-batter-in-action-2JGPPA5.jpg,3,1,0
cricket-batter-in-action-2JGPPA5.jpg,3,2,0
cricket-batter-in-action-2JGPPA5.jpg,3,3,0
cricket-batter-in-action-2JGPPA5.jpg,3,4,0
cricket-batter-in-action-2JGPPA5.jpg,3,5,2
cricket-batter-in-action-2JGPPA5.jpg,3,6,2
cricket-batter-in-action-2JGPPA5.jpg,3,7,0
cricket-batter-in-action-2JGPPA5.jpg,3,8,0
cricket-batter-in-action-2JGPPA5.jpg,4,1,0
cricket-batter-in-action-2JGPPA5.jpg,4,2,0
cricket-batter-in-action-2JGPPA5.jpg,4,3,0
cricket-batter-in-action-2JGPPA5.jpg,4,4,0
cricket-batter-in-action-2JGPPA5.jpg,4,5,0
cricket-batter-in-action-2JGPPA5.jpg,4,6,0
cricket-batter-in-action-2JGPPA5.jpg,4,7,0
cricket-batter-in-action-2JGPPA5.jpg,4,8,0
cricket-batter-in-action-2JGPPA5.jpg,5,1,0
cricket-batter-in-action-2JGPPA5.jpg,5,2,0
cricket-batter-in-action-2JGPPA5.jpg,5,3,0
cricket-batter-in-action-2JGPPA5.jpg,5,4,0
cricket-batter-in-action-2JGPPA5.jpg,5,5,0
cricket-batter-in-action-2JGPPA5.jpg,5,6,0
cricket-batter-in-action-2JGPPA5.jpg,5,7,0
cricket-batter-in-action-2JGPPA5.jpg,5,8,0
cricket-batter-in-action-2JGPPA5.jpg,6,1,0
cricket-batter-in-action-2JGPPA5.jpg,6,2,0
cricket-batter-in-action-2JGPPA5.jpg,6,3,0
cricket-batter-in-action-2JGPPA5.jpg,6,4,0
cricket-batter-in-action-2JGPPA5.jpg,6,5,0
cricket-batter-in-action-2JGPPA5.jpg,6,6,0
cricket-batter-in-action-2JGPPA5.jpg,6,7,0
cricket-batter-in-action-2JGPPA5.jpg,6,8,0
cricket-batter-in-action-2JGPPA5.jpg,7,1,0
cricket-batter-in-action-2JGPPA5.jpg,7,2,0
cricket-batter-in-action-2JGPPA5.jpg,7,3,0
cricket-batter-in-action-2JGPPA5.jpg,7,4,0
cricket-batter-in-action-2JGPPA5.jpg,7,5,0
cricket-batter-in-action-2JGPPA5.jpg,7,6,0
cricket-batter-in-action-2JGPPA5.jpg,7,7,0
cricket-batter-in-action-2JGPPA5.jpg,7,8,0
cricket-batter-in-action-2JGPPA5.jpg,8,1,0
cricket-batter-in-action-2JGPPA5.jpg,8,2,0
cricket-batter-in-action-2JGPPA5.jpg,8,3,0
cricket-batter-in-action-2JGPPA5.jpg,8,4,0
cricket-batter-in-action-2JGPPA5.jpg,8,5,0
cricket-batter-in-action-2JGPPA5.jpg,8,6,0
cricket-batter-in-action-2JGPPA5.jpg,8,7,0
cricket-batter-in-action-2JGPPA5.jpg,8,8,0
cricket-batter-in-action-2JH50TC.jpg,1,1,0
cricket-batter-in-action-2JH50TC.jpg,1,2,0
cricket-batter-in-action-2JH50TC.jpg,1,3,0
cricket-batter-in-action-2JH50TC.jpg,1,4,0
cricket-batter-in-action-2JH50TC.jpg,1,5,0
cricket-batter-in-action-2JH50TC.jpg,1,6,0
cricket-batter-in-action-2JH50TC.jpg,1,7,0
cricket-batter-in-action-2JH50TC.jpg,1,8,0
cricket-batter-in-action-2JH50TC.jpg,2,1,0
cricket-batter-in-action-2JH50TC.jpg,2,2,0
cricket-batter-in-action-2JH50TC.jpg,2,3,0
cricket-batter-in-action-2JH50TC.jpg,2,4,0
cricket-batter-in-action-2JH50TC.jpg,2,5,0
cricket-batter-in-action-2JH50TC.jpg,2,6,2
cricket-batter-in-action-2JH50TC.jpg,2,7,0
cricket-batter-in-action-2JH50TC.jpg,2,8,0
cricket-batter-in-action-2JH50TC.jpg,3,1,0
cricket-batter-in-action-2JH50TC.jpg,3,2,0
cricket-batter-in-action-2JH50TC.jpg,3,3,0
cricket-batter-in-action-2JH50TC.jpg,3,4,0
cricket-batter-in-action-2JH50TC.jpg,3,5,0
cricket-batter-in-action-2JH50TC.jpg,3,6,2
cricket-batter-in-action-2JH50TC.jpg,3,7,2
cricket-batter-in-action-2JH50TC.jpg,3,8,0
cricket-batter-in-action-2JH50TC.jpg,4,1,0
cricket-batter-in-action-2JH50TC.jpg,4,2,0
cricket-batter-in-action-2JH50TC.jpg,4,3,0
cricket-batter-in-action-2JH50TC.jpg,4,4,0
cricket-batter-in-action-2JH50TC.jpg,4,5,0
cricket-batter-in-action-2JH50TC.jpg,4,6,0
cricket-batter-in-action-2JH50TC.jpg,4,7,0
cricket-batter-in-action-2JH50TC.jpg,4,8,0
cricket-batter-in-action-2JH50TC.jpg,5,1,0
cricket-batter-in-action-2JH50TC.jpg,5,2,0
cricket-batter-in-action-2JH50TC.jpg,5,3,3
cricket-batter-in-action-2JH50TC.jpg,5,4,0
cricket-batter-in-action-2JH50TC.jpg,5,5,0
cricket-batter-in-action-2JH50TC.jpg,5,6,0
cricket-batter-in-action-2JH50TC.jpg,5,7,0
cricket-batter-in-action-2JH50TC.jpg,5,8,0
cricket-batter-in-action-2JH50TC.jpg,6,1,0
cricket-batter-in-action-2JH50TC.jpg,6,2,0
cricket-batter-in-action-2JH50TC.jpg,6,3,3
cricket-batter-in-action-2JH50TC.jpg,6,4,0
cricket-batter-in-action-2JH50TC.jpg,6,5,0
cricket-batter-in-action-2JH50TC.jpg,6,6,0
cricket-batter-in-action-2JH50TC.jpg,6,7,0
cricket-batter-in-action-2JH50TC.jpg,6,8,0
cricket-batter-in-action-2JH50TC.jpg,7,1,0
cricket-batter-in-action-2JH50TC.jpg,7,2,0
cricket-batter-in-action-2JH50TC.jpg,7,3,3
cricket-batter-in-action-2JH50TC.jpg,7,4,0
cricket-batter-in-action-2JH50TC.jpg,7,5,0
cricket-batter-in-action-2JH50TC.jpg,7,6,0
cricket-batter-in-action-2JH50TC.jpg,7,7,0
cricket-batter-in-action-2JH50TC.jpg,7,8,0
cricket-batter-in-action-2JH50TC.jpg,8,1,0
cricket-batter-in-action-2JH50TC.jpg,8,2,0
cricket-batter-in-action-2JH50TC.jpg,8,3,0
cricket-batter-in-action-2JH50TC.jpg,8,4,0
cricket-batter-in-action-2JH50TC.jpg,8,5,0
cricket-batter-in-action-2JH50TC.jpg,8,6,0
cricket-batter-in-action-2JH50TC.jpg,8,7,0
cricket-batter-in-action-2JH50TC.jpg,8,8,0
cricket-bowler-in-action-M41MWW.jpg,1,1,0
cricket-bowler-in-action-M41MWW.jpg,1,2,0
cricket-bowler-in-action-M41MWW.jpg,1,3,0
cricket-bowler-in-action-M41MWW.jpg,1,4,0
cricket-bowler-in-action-M41MWW.jpg,1,5,0
cricket-bowler-in-action-M41MWW.jpg,1,6,0
cricket-bowler-in-action-M41MWW.jpg,1,7,0
cricket-bowler-in-action-M41MWW.jpg,1,8,0
cricket-bowler-in-action-M41MWW.jpg,2,1,0
cricket-bowler-in-action-M41MWW.jpg,2,2,0
cricket-bowler-in-action-M41MWW.jpg,2,3,0
cricket-bowler-in-action-M41MWW.jpg,2,4,0
cricket-bowler-in-action-M41MWW.jpg,2,5,0
cricket-bowler-in-action-M41MWW.jpg,2,6,0
cricket-bowler-in-action-M41MWW.jpg,2,7,0
cricket-bowler-in-action-M41MWW.jpg,2,8,0
cricket-bowler-in-action-M41MWW.jpg,3,1,0
cricket-bowler-in-action-M41MWW.jpg,3,2,0
cricket-bowler-in-action-M41MWW.jpg,3,3,0
cricket-bowler-in-action-M41MWW.jpg,3,4,0
cricket-bowler-in-action-M41MWW.jpg,3,5,0
cricket-bowler-in-action-M41MWW.jpg,3,6,0
cricket-bowler-in-action-M41MWW.jpg,3,7,0
cricket-bowler-in-action-M41MWW.jpg,3,8,0
cricket-bowler-in-action-M41MWW.jpg,4,1,0
cricket-bowler-in-action-M41MWW.jpg,4,2,0
cricket-bowler-in-action-M41MWW.jpg,4,3,0
cricket-bowler-in-action-M41MWW.jpg,4,4,0
cricket-bowler-in-action-M41MWW.jpg,4,5,0
cricket-bowler-in-action-M41MWW.jpg,4,6,0
cricket-bowler-in-action-M41MWW.jpg,4,7,0
cricket-bowler-in-action-M41MWW.jpg,4,8,0
cricket-bowler-in-action-M41MWW.jpg,5,1,0
cricket-bowler-in-action-M41MWW.jpg,5,2,0
cricket-bowler-in-action-M41MWW.jpg,5,3,0
cricket-bowler-in-action-M41MWW.jpg,5,4,0
cricket-bowler-in-action-M41MWW.jpg,5,5,0
cricket-bowler-in-action-M41MWW.jpg,5,6,0
cricket-bowler-in-action-M41MWW.jpg,5,7,3
cricket-bowler-in-action-M41MWW.jpg,5,8,0
cricket-bowler-in-action-M41MWW.jpg,6,1,0
cricket-bowler-in-action-M41MWW.jpg,6,2,0
cricket-bowler-in-action-M41MWW.jpg,6,3,0
cricket-bowler-in-action-M41MWW.jpg,6,4,0
cricket-bowler-in-action-M41MWW.jpg,6,5,0
cricket-bowler-in-action-M41MWW.jpg,6,6,0
cricket-bowler-in-action-M41MWW.jpg,6,7,3
cricket-bowler-in-action-M41MWW.jpg,6,8,0
cricket-bowler-in-action-M41MWW.jpg,7,1,0
cricket-bowler-in-action-M41MWW.jpg,7,2,0
cricket-bowler-in-action-M41MWW.jpg,7,3,0
cricket-bowler-in-action-M41MWW.jpg,7,4,0
cricket-bowler-in-action-M41MWW.jpg,7,5,0
cricket-bowler-in-action-M41MWW.jpg,7,6,0
cricket-bowler-in-action-M41MWW.jpg,7,7,3
cricket-bowler-in-action-M41MWW.jpg,7,8,0
cricket-bowler-in-action-M41MWW.jpg,8,1,0
cricket-bowler-in-action-M41MWW.jpg,8,2,0
cricket-bowler-in-action-M41MWW.jpg,8,3,0
cricket-bowler-in-action-M41MWW.jpg,8,4,0
cricket-bowler-in-action-M41MWW.jpg,8,5,0
cricket-bowler-in-action-M41MWW.jpg,8,6,0
cricket-bowler-in-action-M41MWW.jpg,8,7,3
cricket-bowler-in-action-M41MWW.jpg,8,8,0
cricket-helmet-bat-ball-green-grass-field-closeup-equipment-tools-373048786.jpg,1,1,0
cricket-helmet-bat-ball-green-grass-field-closeup-equipment-tools-373048786.jpg,1,2,0
cricket-helmet-bat-ball-green-grass-field-closeup-equipment-tools-373048786.jpg,1,3,0
cricket-helmet-bat-ball-green-grass-field-closeup-equipment-tools-373048786.jpg,1,4,0
cricket-helmet-bat-ball-green-grass-field-closeup-equipment-tools-373048786.jpg,1,5,0
cricket-helmet-bat-ball-green-grass-field-closeup-equipment-tools-373048786.jpg,1,6,3
cricket-helmet-bat-ball-green-grass-field-closeup-equipment-tools-373048786.jpg,1,7,3
cricket-helmet-bat-ball-green-grass-field-closeup-equipment-tools-373048786.jpg,1,8,3
cricket-helmet-bat-ball-green-grass-field-closeup-equipment-tools-373048786.jpg,2,1,0
cricket-helmet-bat-ball-green-grass-field-closeup-equipment-tools-373048786.jpg,2,2,0
cricket-helmet-bat-ball-green-grass-field-closeup-equipment-tools-373048786.jpg,2,3,0
cricket-helmet-bat-ball-green-grass-field-closeup-equipment-tools-373048786.jpg,2,4,0
cricket-helmet-bat-ball-green-grass-field-closeup-equipment-tools-373048786.jpg,2,5,0
cricket-helmet-bat-ball-green-grass-field-closeup-equipment-tools-373048786.jpg,2,6,3
cricket-helmet-bat-ball-green-grass-field-closeup-equipment-tools-373048786.jpg,2,7,3
cricket-helmet-bat-ball-green-grass-field-closeup-equipment-tools-373048786.jpg,2,8,3
cricket-helmet-bat-ball-green-grass-field-closeup-equipment-tools-373048786.jpg,3,1,0
cricket-helmet-bat-ball-green-grass-field-closeup-equipment-tools-373048786.jpg,3,2,0
cricket-helmet-bat-ball-green-grass-field-closeup-equipment-tools-373048786.jpg,3,3,3
cricket-helmet-bat-ball-green-grass-field-closeup-equipment-tools-373048786.jpg,3,4,3
cricket-helmet-bat-ball-green-grass-field-closeup-equipment-tools-373048786.jpg,3,5,2
cricket-helmet-bat-ball-green-grass-field-closeup-equipment-tools-373048786.jpg,3,6,2
cricket-helmet-bat-ball-green-grass-field-closeup-equipment-tools-373048786.jpg,3,7,3
cricket-helmet-bat-ball-green-grass-field-closeup-equipment-tools-373048786.jpg,3,8,3
cricket-helmet-bat-ball-green-grass-field-closeup-equipment-tools-373048786.jpg,4,1,0
cricket-helmet-bat-ball-green-grass-field-closeup-equipment-tools-373048786.jpg,4,2,0
cricket-helmet-bat-ball-green-grass-field-closeup-equipment-tools-373048786.jpg,4,3,3
cricket-helmet-bat-ball-green-grass-field-closeup-equipment-tools-373048786.jpg,4,4,3
cricket-helmet-bat-ball-green-grass-field-closeup-equipment-tools-373048786.jpg,4,5,2
cricket-helmet-bat-ball-green-grass-field-closeup-equipment-tools-373048786.jpg,4,6,2
cricket-helmet-bat-ball-green-grass-field-closeup-equipment-tools-373048786.jpg,4,7,3
cricket-helmet-bat-ball-green-grass-field-closeup-equipment-tools-373048786.jpg,4,8,3
cricket-helmet-bat-ball-green-grass-field-closeup-equipment-tools-373048786.jpg,5,1,0
cricket-helmet-bat-ball-green-grass-field-closeup-equipment-tools-373048786.jpg,5,2,0
cricket-helmet-bat-ball-green-grass-field-closeup-equipment-tools-373048786.jpg,5,3,0
cricket-helmet-bat-ball-green-grass-field-closeup-equipment-tools-373048786.jpg,5,4,2
cricket-helmet-bat-ball-green-grass-field-closeup-equipment-tools-373048786.jpg,5,5,2
cricket-helmet-bat-ball-green-grass-field-closeup-equipment-tools-373048786.jpg,5,6,2
cricket-helmet-bat-ball-green-grass-field-closeup-equipment-tools-373048786.jpg,5,7,3
cricket-helmet-bat-ball-green-grass-field-closeup-equipment-tools-373048786.jpg,5,8,3
cricket-helmet-bat-ball-green-grass-field-closeup-equipment-tools-373048786.jpg,6,1,0
cricket-helmet-bat-ball-green-grass-field-closeup-equipment-tools-373048786.jpg,6,2,0
cricket-helmet-bat-ball-green-grass-field-closeup-equipment-tools-373048786.jpg,6,3,1
cricket-helmet-bat-ball-green-grass-field-closeup-equipment-tools-373048786.jpg,6,4,2
cricket-helmet-bat-ball-green-grass-field-closeup-equipment-tools-373048786.jpg,6,5,2
cricket-helmet-bat-ball-green-grass-field-closeup-equipment-tools-373048786.jpg,6,6,0
cricket-helmet-bat-ball-green-grass-field-closeup-equipment-tools-373048786.jpg,6,7,0
cricket-helmet-bat-ball-green-grass-field-closeup-equipment-tools-373048786.jpg,6,8,0
cricket-helmet-bat-ball-green-grass-field-closeup-equipment-tools-373048786.jpg,7,1,0
cricket-helmet-bat-ball-green-grass-field-closeup-equipment-tools-373048786.jpg,7,2,0
cricket-helmet-bat-ball-green-grass-field-closeup-equipment-tools-373048786.jpg,7,3,1
cricket-helmet-bat-ball-green-grass-field-closeup-equipment-tools-373048786.jpg,7,4,2
cricket-helmet-bat-ball-green-grass-field-closeup-equipment-tools-373048786.jpg,7,5,2
cricket-helmet-bat-ball-green-grass-field-closeup-equipment-tools-373048786.jpg,7,6,0
cricket-helmet-bat-ball-green-grass-field-closeup-equipment-tools-373048786.jpg,7,7,0
cricket-helmet-bat-ball-green-grass-field-closeup-equipment-tools-373048786.jpg,7,8,0
cricket-helmet-bat-ball-green-grass-field-closeup-equipment-tools-373048786.jpg,8,1,0
cricket-helmet-bat-ball-green-grass-field-closeup-equipment-tools-373048786.jpg,8,2,0
cricket-helmet-bat-ball-green-grass-field-closeup-equipment-tools-373048786.jpg,8,3,1
cricket-helmet-bat-ball-green-grass-field-closeup-equipment-tools-373048786.jpg,8,4,1
cricket-helmet-bat-ball-green-grass-field-closeup-equipment-tools-373048786.jpg,8,5,1
cricket-helmet-bat-ball-green-grass-field-closeup-equipment-tools-373048786.jpg,8,6,1
cricket-helmet-bat-ball-green-grass-field-closeup-equipment-tools-373048786.jpg,8,7,0
cricket-helmet-bat-ball-green-grass-field-closeup-equipment-tools-373048786.jpg,8,8,0
cricket-play-in-digital-image-a53s9dpk2zv26l6r.jpg,1,1,0
cricket-play-in-digital-image-a53s9dpk2zv26l6r.jpg,1,2,0
cricket-play-in-digital-image-a53s9dpk2zv26l6r.jpg,1,3,0
cricket-play-in-digital-image-a53s9dpk2zv26l6r.jpg,1,4,0
cricket-play-in-digital-image-a53s9dpk2zv26l6r.jpg,1,5,0
cricket-play-in-digital-image-a53s9dpk2zv26l6r.jpg,1,6,2
cricket-play-in-digital-image-a53s9dpk2zv26l6r.jpg,1,7,0
cricket-play-in-digital-image-a53s9dpk2zv26l6r.jpg,1,8,0
cricket-play-in-digital-image-a53s9dpk2zv26l6r.jpg,2,1,0
cricket-play-in-digital-image-a53s9dpk2zv26l6r.jpg,2,2,0
cricket-play-in-digital-image-a53s9dpk2zv26l6r.jpg,2,3,0
cricket-play-in-digital-image-a53s9dpk2zv26l6r.jpg,2,4,0
cricket-play-in-digital-image-a53s9dpk2zv26l6r.jpg,2,5,0
cricket-play-in-digital-image-a53s9dpk2zv26l6r.jpg,2,6,2
cricket-play-in-digital-image-a53s9dpk2zv26l6r.jpg,2,7,2
cricket-play-in-digital-image-a53s9dpk2zv26l6r.jpg,2,8,0
cricket-play-in-digital-image-a53s9dpk2zv26l6r.jpg,3,1,0
cricket-play-in-digital-image-a53s9dpk2zv26l6r.jpg,3,2,0
cricket-play-in-digital-image-a53s9dpk2zv26l6r.jpg,3,3,0
cricket-play-in-digital-image-a53s9dpk2zv26l6r.jpg,3,4,0
cricket-play-in-digital-image-a53s9dpk2zv26l6r.jpg,3,5,0
cricket-play-in-digital-image-a53s9dpk2zv26l6r.jpg,3,6,0
cricket-play-in-digital-image-a53s9dpk2zv26l6r.jpg,3,7,2
cricket-play-in-digital-image-a53s9dpk2zv26l6r.jpg,3,8,0
cricket-play-in-digital-image-a53s9dpk2zv26l6r.jpg,4,1,0
cricket-play-in-digital-image-a53s9dpk2zv26l6r.jpg,4,2,0
cricket-play-in-digital-image-a53s9dpk2zv26l6r.jpg,4,3,0
cricket-play-in-digital-image-a53s9dpk2zv26l6r.jpg,4,4,0
cricket-play-in-digital-image-a53s9dpk2zv26l6r.jpg,4,5,0
cricket-play-in-digital-image-a53s9dpk2zv26l6r.jpg,4,6,0
cricket-play-in-digital-image-a53s9dpk2zv26l6r.jpg,4,7,0
cricket-play-in-digital-image-a53s9dpk2zv26l6r.jpg,4,8,0
cricket-play-in-digital-image-a53s9dpk2zv26l6r.jpg,5,1,0
cricket-play-in-digital-image-a53s9dpk2zv26l6r.jpg,5,2,0
cricket-play-in-digital-image-a53s9dpk2zv26l6r.jpg,5,3,1
cricket-play-in-digital-image-a53s9dpk2zv26l6r.jpg,5,4,1
cricket-play-in-digital-image-a53s9dpk2zv26l6r.jpg,5,5,0
cricket-play-in-digital-image-a53s9dpk2zv26l6r.jpg,5,6,0
cricket-play-in-digital-image-a53s9dpk2zv26l6r.jpg,5,7,0
cricket-play-in-digital-image-a53s9dpk2zv26l6r.jpg,5,8,0
cricket-play-in-digital-image-a53s9dpk2zv26l6r.jpg,6,1,0
cricket-play-in-digital-image-a53s9dpk2zv26l6r.jpg,6,2,0
cricket-play-in-digital-image-a53s9dpk2zv26l6r.jpg,6,3,1
cricket-play-in-digital-image-a53s9dpk2zv26l6r.jpg,6,4,1
cricket-play-in-digital-image-a53s9dpk2zv26l6r.jpg,6,5,0
cricket-play-in-digital-image-a53s9dpk2zv26l6r.jpg,6,6,0
cricket-play-in-digital-image-a53s9dpk2zv26l6r.jpg,6,7,0
cricket-play-in-digital-image-a53s9dpk2zv26l6r.jpg,6,8,0
cricket-play-in-digital-image-a53s9dpk2zv26l6r.jpg,7,1,0
cricket-play-in-digital-image-a53s9dpk2zv26l6r.jpg,7,2,0
cricket-play-in-digital-image-a53s9dpk2zv26l6r.jpg,7,3,1
cricket-play-in-digital-image-a53s9dpk2zv26l6r.jpg,7,4,1
cricket-play-in-digital-image-a53s9dpk2zv26l6r.jpg,7,5,0
cricket-play-in-digital-image-a53s9dpk2zv26l6r.jpg,7,6,0
cricket-play-in-digital-image-a53s9dpk2zv26l6r.jpg,7,7,0
cricket-play-in-digital-image-a53s9dpk2zv26l6r.jpg,7,8,0
cricket-play-in-digital-image-a53s9dpk2zv26l6r.jpg,8,1,0
cricket-play-in-digital-image-a53s9dpk2zv26l6r.jpg,8,2,0
cricket-play-in-digital-image-a53s9dpk2zv26l6r.jpg,8,3,0
cricket-play-in-digital-image-a53s9dpk2zv26l6r.jpg,8,4,0
cricket-play-in-digital-image-a53s9dpk2zv26l6r.jpg,8,5,0
cricket-play-in-digital-image-a53s9dpk2zv26l6r.jpg,8,6,0
cricket-play-in-digital-image-a53s9dpk2zv26l6r.jpg,8,7,0
cricket-play-in-digital-image-a53s9dpk2zv26l6r.jpg,8,8,0
cricket-practice-batmen-bowlers-bowling-action-netts-HRJKJ4.jpg,1,1,0
cricket-practice-batmen-bowlers-bowling-action-netts-HRJKJ4.jpg,1,2,0
cricket-practice-batmen-bowlers-bowling-action-netts-HRJKJ4.jpg,1,3,0
cricket-practice-batmen-bowlers-bowling-action-netts-HRJKJ4.jpg,1,4,0
cricket-practice-batmen-bowlers-bowling-action-netts-HRJKJ4.jpg,1,5,0
cricket-practice-batmen-bowlers-bowling-action-netts-HRJKJ4.jpg,1,6,0
cricket-practice-batmen-bowlers-bowling-action-netts-HRJKJ4.jpg,1,7,0
cricket-practice-batmen-bowlers-bowling-action-netts-HRJKJ4.jpg,1,8,0
cricket-practice-batmen-bowlers-bowling-action-netts-HRJKJ4.jpg,2,1,0
cricket-practice-batmen-bowlers-bowling-action-netts-HRJKJ4.jpg,2,2,0
cricket-practice-batmen-bowlers-bowling-action-netts-HRJKJ4.jpg,2,3,0
cricket-practice-batmen-bowlers-bowling-action-netts-HRJKJ4.jpg,2,4,0
cricket-practice-batmen-bowlers-bowling-action-netts-HRJKJ4.jpg,2,5,0
cricket-practice-batmen-bowlers-bowling-action-netts-HRJKJ4.jpg,2,6,0
cricket-practice-batmen-bowlers-bowling-action-netts-HRJKJ4.jpg,2,7,0
cricket-practice-batmen-bowlers-bowling-action-netts-HRJKJ4.jpg,2,8,0
cricket-practice-batmen-bowlers-bowling-action-netts-HRJKJ4.jpg,3,1,0
cricket-practice-batmen-bowlers-bowling-action-netts-HRJKJ4.jpg,3,2,0
cricket-practice-batmen-bowlers-bowling-action-netts-HRJKJ4.jpg,3,3,0
cricket-practice-batmen-bowlers-bowling-action-netts-HRJKJ4.jpg,3,4,0
cricket-practice-batmen-bowlers-bowling-action-netts-HRJKJ4.jpg,3,5,0
cricket-practice-batmen-bowlers-bowling-action-netts-HRJKJ4.jpg,3,6,0
cricket-practice-batmen-bowlers-bowling-action-netts-HRJKJ4.jpg,3,7,0
cricket-practice-batmen-bowlers-bowling-action-netts-HRJKJ4.jpg,3,8,0
cricket-practice-batmen-bowlers-bowling-action-netts-HRJKJ4.jpg,4,1,3
cricket-practice-batmen-bowlers-bowling-action-netts-HRJKJ4.jpg,4,2,3
cricket-practice-batmen-bowlers-bowling-action-netts-HRJKJ4.jpg,4,3,0
cricket-practice-batmen-bowlers-bowling-action-netts-HRJKJ4.jpg,4,4,2
cricket-practice-batmen-bowlers-bowling-action-netts-HRJKJ4.jpg,4,5,2
cricket-practice-batmen-bowlers-bowling-action-netts-HRJKJ4.jpg,4,6,2
cricket-practice-batmen-bowlers-bowling-action-netts-HRJKJ4.jpg,4,7,0
cricket-practice-batmen-bowlers-bowling-action-netts-HRJKJ4.jpg,4,8,0
cricket-practice-batmen-bowlers-bowling-action-netts-HRJKJ4.jpg,5,1,3
cricket-practice-batmen-bowlers-bowling-action-netts-HRJKJ4.jpg,5,2,3
cricket-practice-batmen-bowlers-bowling-action-netts-HRJKJ4.jpg,5,3,3
cricket-practice-batmen-bowlers-bowling-action-netts-HRJKJ4.jpg,5,4,2
cricket-practice-batmen-bowlers-bowling-action-netts-HRJKJ4.jpg,5,5,0
cricket-practice-batmen-bowlers-bowling-action-netts-HRJKJ4.jpg,5,6,0
cricket-practice-batmen-bowlers-bowling-action-netts-HRJKJ4.jpg,5,7,0
cricket-practice-batmen-bowlers-bowling-action-netts-HRJKJ4.jpg,5,8,0
cricket-practice-batmen-bowlers-bowling-action-netts-HRJKJ4.jpg,6,1,3
cricket-practice-batmen-bowlers-bowling-action-netts-HRJKJ4.jpg,6,2,3
cricket-practice-batmen-bowlers-bowling-action-netts-HRJKJ4.jpg,6,3,3
cricket-practice-batmen-bowlers-bowling-action-netts-HRJKJ4.jpg,6,4,0
cricket-practice-batmen-bowlers-bowling-action-netts-HRJKJ4.jpg,6,5,0
cricket-practice-batmen-bowlers-bowling-action-netts-HRJKJ4.jpg,6,6,0
cricket-practice-batmen-bowlers-bowling-action-netts-HRJKJ4.jpg,6,7,0
cricket-practice-batmen-bowlers-bowling-action-netts-HRJKJ4.jpg,6,8,0
cricket-practice-batmen-bowlers-bowling-action-netts-HRJKJ4.jpg,7,1,0
cricket-practice-batmen-bowlers-bowling-action-netts-HRJKJ4.jpg,7,2,3
cricket-practice-batmen-bowlers-bowling-action-netts-HRJKJ4.jpg,7,3,3
cricket-practice-batmen-bowlers-bowling-action-netts-HRJKJ4.jpg,7,4,0
cricket-practice-batmen-bowlers-bowling-action-netts-HRJKJ4.jpg,7,5,0
cricket-practice-batmen-bowlers-bowling-action-netts-HRJKJ4.jpg,7,6,0
cricket-practice-batmen-bowlers-bowling-action-netts-HRJKJ4.jpg,7,7,0
cricket-practice-batmen-bowlers-bowling-action-netts-HRJKJ4.jpg,7,8,0
cricket-practice-batmen-bowlers-bowling-action-netts-HRJKJ4.jpg,8,1,0
cricket-practice-batmen-bowlers-bowling-action-netts-HRJKJ4.jpg,8,2,0
cricket-practice-batmen-bowlers-bowling-action-netts-HRJKJ4.jpg,8,3,0
cricket-practice-batmen-bowlers-bowling-action-netts-HRJKJ4.jpg,8,4,0
cricket-practice-batmen-bowlers-bowling-action-netts-HRJKJ4.jpg,8,5,0
cricket-practice-batmen-bowlers-bowling-action-netts-HRJKJ4.jpg,8,6,0
cricket-practice-batmen-bowlers-bowling-action-netts-HRJKJ4.jpg,8,7,0
cricket-practice-batmen-bowlers-bowling-action-netts-HRJKJ4.jpg,8,8,0
cricket-set-featuring-small-bat-ball-single-stump-green-field-288281100.jpg,1,1,0
cricket-set-featuring-small-bat-ball-single-stump-green-field-288281100.jpg,1,2,0
cricket-set-featuring-small-bat-ball-single-stump-green-field-288281100.jpg,1,3,3
cricket-set-featuring-small-bat-ball-single-stump-green-field-288281100.jpg,1,4,3
cricket-set-featuring-small-bat-ball-single-stump-green-field-288281100.jpg,1,5,2
cricket-set-featuring-small-bat-ball-single-stump-green-field-288281100.jpg,1,6,0
cricket-set-featuring-small-bat-ball-single-stump-green-field-288281100.jpg,1,7,0
cricket-set-featuring-small-bat-ball-single-stump-green-field-288281100.jpg,1,8,0
cricket-set-featuring-small-bat-ball-single-stump-green-field-288281100.jpg,2,1,0
cricket-set-featuring-small-bat-ball-single-stump-green-field-288281100.jpg,2,2,0
cricket-set-featuring-small-bat-ball-single-stump-green-field-288281100.jpg,2,3,3
cricket-set-featuring-small-bat-ball-single-stump-green-field-288281100.jpg,2,4,3
cricket-set-featuring-small-bat-ball-single-stump-green-field-288281100.jpg,2,5,2
cricket-set-featuring-small-bat-ball-single-stump-green-field-288281100.jpg,2,6,0
cricket-set-featuring-small-bat-ball-single-stump-green-field-288281100.jpg,2,7,0
cricket-set-featuring-small-bat-ball-single-stump-green-field-288281100.jpg,2,8,0
cricket-set-featuring-small-bat-ball-single-stump-green-field-288281100.jpg,3,1,0
cricket-set-featuring-small-bat-ball-single-stump-green-field-288281100.jpg,3,2,0
cricket-set-featuring-small-bat-ball-single-stump-green-field-288281100.jpg,3,3,3
cricket-set-featuring-small-bat-ball-single-stump-green-field-288281100.jpg,3,4,3
cricket-set-featuring-small-bat-ball-single-stump-green-field-288281100.jpg,3,5,2
cricket-set-featuring-small-bat-ball-single-stump-green-field-288281100.jpg,3,6,0
cricket-set-featuring-small-bat-ball-single-stump-green-field-288281100.jpg,3,7,0
cricket-set-featuring-small-bat-ball-single-stump-green-field-288281100.jpg,3,8,0
cricket-set-featuring-small-bat-ball-single-stump-green-field-288281100.jpg,4,1,0
cricket-set-featuring-small-bat-ball-single-stump-green-field-288281100.jpg,4,2,0
cricket-set-featuring-small-bat-ball-single-stump-green-field-288281100.jpg,4,3,3
cricket-set-featuring-small-bat-ball-single-stump-green-field-288281100.jpg,4,4,3
cricket-set-featuring-small-bat-ball-single-stump-green-field-288281100.jpg,4,5,2
cricket-set-featuring-small-bat-ball-single-stump-green-field-288281100.jpg,4,6,0
cricket-set-featuring-small-bat-ball-single-stump-green-field-288281100.jpg,4,7,0
cricket-set-featuring-small-bat-ball-single-stump-green-field-288281100.jpg,4,8,0
cricket-set-featuring-small-bat-ball-single-stump-green-field-288281100.jpg,5,1,0
cricket-set-featuring-small-bat-ball-single-stump-green-field-288281100.jpg,5,2,0
cricket-set-featuring-small-bat-ball-single-stump-green-field-288281100.jpg,5,3,3
cricket-set-featuring-small-bat-ball-single-stump-green-field-288281100.jpg,5,4,3
cricket-set-featuring-small-bat-ball-single-stump-green-field-288281100.jpg,5,5,2
cricket-set-featuring-small-bat-ball-single-stump-green-field-288281100.jpg,5,6,2
cricket-set-featuring-small-bat-ball-single-stump-green-field-288281100.jpg,5,7,0
cricket-set-featuring-small-bat-ball-single-stump-green-field-288281100.jpg,5,8,0
cricket-set-featuring-small-bat-ball-single-stump-green-field-288281100.jpg,6,1,0
cricket-set-featuring-small-bat-ball-single-stump-green-field-288281100.jpg,6,2,0
cricket-set-featuring-small-bat-ball-single-stump-green-field-288281100.jpg,6,3,3
cricket-set-featuring-small-bat-ball-single-stump-green-field-288281100.jpg,6,4,3
cricket-set-featuring-small-bat-ball-single-stump-green-field-288281100.jpg,6,5,2
cricket-set-featuring-small-bat-ball-single-stump-green-field-288281100.jpg,6,6,2
cricket-set-featuring-small-bat-ball-single-stump-green-field-288281100.jpg,6,7,0
cricket-set-featuring-small-bat-ball-single-stump-green-field-288281100.jpg,6,8,0
cricket-set-featuring-small-bat-ball-single-stump-green-field-288281100.jpg,7,1,0
cricket-set-featuring-small-bat-ball-single-stump-green-field-288281100.jpg,7,2,0
cricket-set-featuring-small-bat-ball-single-stump-green-field-288281100.jpg,7,3,3
cricket-set-featuring-small-bat-ball-single-stump-green-field-288281100.jpg,7,4,3
cricket-set-featuring-small-bat-ball-single-stump-green-field-288281100.jpg,7,5,2
cricket-set-featuring-small-bat-ball-single-stump-green-field-288281100.jpg,7,6,2
cricket-set-featuring-small-bat-ball-single-stump-green-field-288281100.jpg,7,7,0
cricket-set-featuring-small-bat-ball-single-stump-green-field-288281100.jpg,7,8,0
cricket-set-featuring-small-bat-ball-single-stump-green-field-288281100.jpg,8,1,0
cricket-set-featuring-small-bat-ball-single-stump-green-field-288281100.jpg,8,2,0
cricket-set-featuring-small-bat-ball-single-stump-green-field-288281100.jpg,8,3,3
cricket-set-featuring-small-bat-ball-single-stump-green-field-288281100.jpg,8,4,0
cricket-set-featuring-small-bat-ball-single-stump-green-field-288281100.jpg,8,5,2
cricket-set-featuring-small-bat-ball-single-stump-green-field-288281100.jpg,8,6,2
cricket-set-featuring-small-bat-ball-single-stump-green-field-288281100.jpg,8,7,0
cricket-set-featuring-small-bat-ball-single-stump-green-field-288281100.jpg,8,8,0
Cricket-Shots (1).jpg,1,1,0
Cricket-Shots (1).jpg,1,2,0
Cricket-Shots (1).jpg,1,3,2
Cricket-Shots (1).jpg,1,4,0
Cricket-Shots (1).jpg,1,5,0
Cricket-Shots (1).jpg,1,6,0
Cricket-Shots (1).jpg,1,7,0
Cricket-Shots (1).jpg,1,8,0
Cricket-Shots (1).jpg,2,1,0
Cricket-Shots (1).jpg,2,2,0
Cricket-Shots (1).jpg,2,3,2
Cricket-Shots (1).jpg,2,4,0
Cricket-Shots (1).jpg,2,5,0
Cricket-Shots (1).jpg,2,6,0
Cricket-Shots (1).jpg,2,7,0
Cricket-Shots (1).jpg,2,8,0
Cricket-Shots (1).jpg,3,1,0
Cricket-Shots (1).jpg,3,2,2
Cricket-Shots (1).jpg,3,3,0
Cricket-Shots (1).jpg,3,4,0
Cricket-Shots (1).jpg,3,5,0
Cricket-Shots (1).jpg,3,6,0
Cricket-Shots (1).jpg,3,7,0
Cricket-Shots (1).jpg,3,8,0
Cricket-Shots (1).jpg,4,1,0
Cricket-Shots (1).jpg,4,2,0
Cricket-Shots (1).jpg,4,3,0
Cricket-Shots (1).jpg,4,4,0
Cricket-Shots (1).jpg,4,5,0
Cricket-Shots (1).jpg,4,6,0
Cricket-Shots (1).jpg,4,7,0
Cricket-Shots (1).jpg,4,8,0
Cricket-Shots (1).jpg,5,1,0
Cricket-Shots (1).jpg,5,2,0
Cricket-Shots (1).jpg,5,3,0
Cricket-Shots (1).jpg,5,4,0
Cricket-Shots (1).jpg,5,5,0
Cricket-Shots (1).jpg,5,6,0
Cricket-Shots (1).jpg,5,7,0
Cricket-Shots (1).jpg,5,8,0
Cricket-Shots (1).jpg,6,1,0
Cricket-Shots (1).jpg,6,2,0
Cricket-Shots (1).jpg,6,3,0
Cricket-Shots (1).jpg,6,4,0
Cricket-Shots (1).jpg,6,5,0
Cricket-Shots (1).jpg,6,6,0
Cricket-Shots (1).jpg,6,7,0
Cricket-Shots (1).jpg,6,8,0
Cricket-Shots (1).jpg,7,1,0
Cricket-Shots (1).jpg,7,2,0
Cricket-Shots (1).jpg,7,3,0
Cricket-Shots (1).jpg,7,4,0
Cricket-Shots (1).jpg,7,5,0
Cricket-Shots (1).jpg,7,6,0
Cricket-Shots (1).jpg,7,7,0
Cricket-Shots (1).jpg,7,8,0
Cricket-Shots (1).jpg,8,1,0
Cricket-Shots (1).jpg,8,2,0
Cricket-Shots (1).jpg,8,3,0
Cricket-Shots (1).jpg,8,4,0
Cricket-Shots (1).jpg,8,5,0
Cricket-Shots (1).jpg,8,6,0
Cricket-Shots (1).jpg,8,7,0
Cricket-Shots (1).jpg,8,8,0
cricket-shots (3).jpg,1,1,0
cricket-shots (3).jpg,1,2,0
cricket-shots (3).jpg,1,3,0
cricket-shots (3).jpg,1,4,0
cricket-shots (3).jpg,1,5,0
cricket-shots (3).jpg,1,6,0
cricket-shots (3).jpg,1,7,0
cricket-shots (3).jpg,1,8,0
cricket-shots (3).jpg,2,1,0
cricket-shots (3).jpg,2,2,0
cricket-shots (3).jpg,2,3,0
cricket-shots (3).jpg,2,4,0
cricket-shots (3).jpg,2,5,0
cricket-shots (3).jpg,2,6,0
cricket-shots (3).jpg,2,7,0
cricket-shots (3).jpg,2,8,0
cricket-shots (3).jpg,3,1,0
cricket-shots (3).jpg,3,2,0
cricket-shots (3).jpg,3,3,0
cricket-shots (3).jpg,3,4,2
cricket-shots (3).jpg,3,5,0
cricket-shots (3).jpg,3,6,0
cricket-shots (3).jpg,3,7,0
cricket-shots (3).jpg,3,8,0
cricket-shots (3).jpg,4,1,0
cricket-shots (3).jpg,4,2,0
cricket-shots (3).jpg,4,3,0
cricket-shots (3).jpg,4,4,2
cricket-shots (3).jpg,4,5,0
cricket-shots (3).jpg,4,6,0
cricket-shots (3).jpg,4,7,0
cricket-shots (3).jpg,4,8,0
cricket-shots (3).jpg,5,1,0
cricket-shots (3).jpg,5,2,0
cricket-shots (3).jpg,5,3,0
cricket-shots (3).jpg,5,4,3
cricket-shots (3).jpg,5,5,0
cricket-shots (3).jpg,5,6,0
cricket-shots (3).jpg,5,7,0
cricket-shots (3).jpg,5,8,0
cricket-shots (3).jpg,6,1,0
cricket-shots (3).jpg,6,2,0
cricket-shots (3).jpg,6,3,0
cricket-shots (3).jpg,6,4,3
cricket-shots (3).jpg,6,5,0
cricket-shots (3).jpg,6,6,0
cricket-shots (3).jpg,6,7,0
cricket-shots (3).jpg,6,8,0
cricket-shots (3).jpg,7,1,0
cricket-shots (3).jpg,7,2,0
cricket-shots (3).jpg,7,3,0
cricket-shots (3).jpg,7,4,0
cricket-shots (3).jpg,7,5,0
cricket-shots (3).jpg,7,6,0
cricket-shots (3).jpg,7,7,0
cricket-shots (3).jpg,7,8,0
cricket-shots (3).jpg,8,1,0
cricket-shots (3).jpg,8,2,0
cricket-shots (3).jpg,8,3,0
cricket-shots (3).jpg,8,4,0
cricket-shots (3).jpg,8,5,0
cricket-shots (3).jpg,8,6,0
cricket-shots (3).jpg,8,7,0
cricket-shots (3).jpg,8,8,0
cricket-stump-1.jpg,1,1,0
cricket-stump-1.jpg,1,2,0
cricket-stump-1.jpg,1,3,0
cricket-stump-1.jpg,1,4,0
cricket-stump-1.jpg,1,5,0
cricket-stump-1.jpg,1,6,0
cricket-stump-1.jpg,1,7,0
cricket-stump-1.jpg,1,8,0
cricket-stump-1.jpg,2,1,0
cricket-stump-1.jpg,2,2,0
cricket-stump-1.jpg,2,3,0
cricket-stump-1.jpg,2,4,0
cricket-stump-1.jpg,2,5,0
cricket-stump-1.jpg,2,6,0
cricket-stump-1.jpg,2,7,0
cricket-stump-1.jpg,2,8,0
cricket-stump-1.jpg,3,1,0
cricket-stump-1.jpg,3,2,0
cricket-stump-1.jpg,3,3,0
cricket-stump-1.jpg,3,4,0
cricket-stump-1.jpg,3,5,0
cricket-stump-1.jpg,3,6,0
cricket-stump-1.jpg,3,7,0
cricket-stump-1.jpg,3,8,0
cricket-stump-1.jpg,4,1,0
cricket-stump-1.jpg,4,2,3
cricket-stump-1.jpg,4,3,3
cricket-stump-1.jpg,4,4,0
cricket-stump-1.jpg,4,5,0
cricket-stump-1.jpg,4,6,0
cricket-stump-1.jpg,4,7,0
cricket-stump-1.jpg,4,8,0
cricket-stump-1.jpg,5,1,0
cricket-stump-1.jpg,5,2,3
cricket-stump-1.jpg,5,3,0
cricket-stump-1.jpg,5,4,0
cricket-stump-1.jpg,5,5,0
cricket-stump-1.jpg,5,6,0
cricket-stump-1.jpg,5,7,3
cricket-stump-1.jpg,5,8,3
cricket-stump-1.jpg,6,1,0
cricket-stump-1.jpg,6,2,3
cricket-stump-1.jpg,6,3,0
cricket-stump-1.jpg,6,4,0
cricket-stump-1.jpg,6,5,0
cricket-stump-1.jpg,6,6,0
cricket-stump-1.jpg,6,7,3
cricket-stump-1.jpg,6,8,3
cricket-stump-1.jpg,7,1,0
cricket-stump-1.jpg,7,2,3
cricket-stump-1.jpg,7,3,0
cricket-stump-1.jpg,7,4,0
cricket-stump-1.jpg,7,5,0
cricket-stump-1.jpg,7,6,0
cricket-stump-1.jpg,7,7,3
cricket-stump-1.jpg,7,8,3
cricket-stump-1.jpg,8,1,0
cricket-stump-1.jpg,8,2,0
cricket-stump-1.jpg,8,3,0
cricket-stump-1.jpg,8,4,0
cricket-stump-1.jpg,8,5,0
cricket-stump-1.jpg,8,6,0
cricket-stump-1.jpg,8,7,3
cricket-stump-1.jpg,8,8,3
cricket-stumps-and-pitch-wankhede-stadium-bombay-mumbai-maharashtra-DH2WT4 (1).jpg,1,1,0
cricket-stumps-and-pitch-wankhede-stadium-bombay-mumbai-maharashtra-DH2WT4 (1).jpg,1,2,0
cricket-stumps-and-pitch-wankhede-stadium-bombay-mumbai-maharashtra-DH2WT4 (1).jpg,1,3,0
cricket-stumps-and-pitch-wankhede-stadium-bombay-mumbai-maharashtra-DH2WT4 (1).jpg,1,4,0
cricket-stumps-and-pitch-wankhede-stadium-bombay-mumbai-maharashtra-DH2WT4 (1).jpg,1,5,0
cricket-stumps-and-pitch-wankhede-stadium-bombay-mumbai-maharashtra-DH2WT4 (1).jpg,1,6,0
cricket-stumps-and-pitch-wankhede-stadium-bombay-mumbai-maharashtra-DH2WT4 (1).jpg,1,7,0
cricket-stumps-and-pitch-wankhede-stadium-bombay-mumbai-maharashtra-DH2WT4 (1).jpg,1,8,0
cricket-stumps-and-pitch-wankhede-stadium-bombay-mumbai-maharashtra-DH2WT4 (1).jpg,2,1,0
cricket-stumps-and-pitch-wankhede-stadium-bombay-mumbai-maharashtra-DH2WT4 (1).jpg,2,2,0
cricket-stumps-and-pitch-wankhede-stadium-bombay-mumbai-maharashtra-DH2WT4 (1).jpg,2,3,0
cricket-stumps-and-pitch-wankhede-stadium-bombay-mumbai-maharashtra-DH2WT4 (1).jpg,2,4,0
cricket-stumps-and-pitch-wankhede-stadium-bombay-mumbai-maharashtra-DH2WT4 (1).jpg,2,5,0
cricket-stumps-and-pitch-wankhede-stadium-bombay-mumbai-maharashtra-DH2WT4 (1).jpg,2,6,0
cricket-stumps-and-pitch-wankhede-stadium-bombay-mumbai-maharashtra-DH2WT4 (1).jpg,2,7,0
cricket-stumps-and-pitch-wankhede-stadium-bombay-mumbai-maharashtra-DH2WT4 (1).jpg,2,8,0
cricket-stumps-and-pitch-wankhede-stadium-bombay-mumbai-maharashtra-DH2WT4 (1).jpg,3,1,0
cricket-stumps-and-pitch-wankhede-stadium-bombay-mumbai-maharashtra-DH2WT4 (1).jpg,3,2,0
cricket-stumps-and-pitch-wankhede-stadium-bombay-mumbai-maharashtra-DH2WT4 (1).jpg,3,3,0
cricket-stumps-and-pitch-wankhede-stadium-bombay-mumbai-maharashtra-DH2WT4 (1).jpg,3,4,0
cricket-stumps-and-pitch-wankhede-stadium-bombay-mumbai-maharashtra-DH2WT4 (1).jpg,3,5,0
cricket-stumps-and-pitch-wankhede-stadium-bombay-mumbai-maharashtra-DH2WT4 (1).jpg,3,6,0
cricket-stumps-and-pitch-wankhede-stadium-bombay-mumbai-maharashtra-DH2WT4 (1).jpg,3,7,0
cricket-stumps-and-pitch-wankhede-stadium-bombay-mumbai-maharashtra-DH2WT4 (1).jpg,3,8,0
cricket-stumps-and-pitch-wankhede-stadium-bombay-mumbai-maharashtra-DH2WT4 (1).jpg,4,1,0
cricket-stumps-and-pitch-wankhede-stadium-bombay-mumbai-maharashtra-DH2WT4 (1).jpg,4,2,0
cricket-stumps-and-pitch-wankhede-stadium-bombay-mumbai-maharashtra-DH2WT4 (1).jpg,4,3,0
cricket-stumps-and-pitch-wankhede-stadium-bombay-mumbai-maharashtra-DH2WT4 (1).jpg,4,4,3
cricket-stumps-and-pitch-wankhede-stadium-bombay-mumbai-maharashtra-DH2WT4 (1).jpg,4,5,3
cricket-stumps-and-pitch-wankhede-stadium-bombay-mumbai-maharashtra-DH2WT4 (1).jpg,4,6,0
cricket-stumps-and-pitch-wankhede-stadium-bombay-mumbai-maharashtra-DH2WT4 (1).jpg,4,7,0
cricket-stumps-and-pitch-wankhede-stadium-bombay-mumbai-maharashtra-DH2WT4 (1).jpg,4,8,0
cricket-stumps-and-pitch-wankhede-stadium-bombay-mumbai-maharashtra-DH2WT4 (1).jpg,5,1,0
cricket-stumps-and-pitch-wankhede-stadium-bombay-mumbai-maharashtra-DH2WT4 (1).jpg,5,2,0
cricket-stumps-and-pitch-wankhede-stadium-bombay-mumbai-maharashtra-DH2WT4 (1).jpg,5,3,0
cricket-stumps-and-pitch-wankhede-stadium-bombay-mumbai-maharashtra-DH2WT4 (1).jpg,5,4,3
cricket-stumps-and-pitch-wankhede-stadium-bombay-mumbai-maharashtra-DH2WT4 (1).jpg,5,5,3
cricket-stumps-and-pitch-wankhede-stadium-bombay-mumbai-maharashtra-DH2WT4 (1).jpg,5,6,0
cricket-stumps-and-pitch-wankhede-stadium-bombay-mumbai-maharashtra-DH2WT4 (1).jpg,5,7,0
cricket-stumps-and-pitch-wankhede-stadium-bombay-mumbai-maharashtra-DH2WT4 (1).jpg,5,8,0
cricket-stumps-and-pitch-wankhede-stadium-bombay-mumbai-maharashtra-DH2WT4 (1).jpg,6,1,0
cricket-stumps-and-pitch-wankhede-stadium-bombay-mumbai-maharashtra-DH2WT4 (1).jpg,6,2,0
cricket-stumps-and-pitch-wankhede-stadium-bombay-mumbai-maharashtra-DH2WT4 (1).jpg,6,3,0
cricket-stumps-and-pitch-wankhede-stadium-bombay-mumbai-maharashtra-DH2WT4 (1).jpg,6,4,3
cricket-stumps-and-pitch-wankhede-stadium-bombay-mumbai-maharashtra-DH2WT4 (1).jpg,6,5,3
cricket-stumps-and-pitch-wankhede-stadium-bombay-mumbai-maharashtra-DH2WT4 (1).jpg,6,6,0
cricket-stumps-and-pitch-wankhede-stadium-bombay-mumbai-maharashtra-DH2WT4 (1).jpg,6,7,0
cricket-stumps-and-pitch-wankhede-stadium-bombay-mumbai-maharashtra-DH2WT4 (1).jpg,6,8,0
cricket-stumps-and-pitch-wankhede-stadium-bombay-mumbai-maharashtra-DH2WT4 (1).jpg,7,1,0
cricket-stumps-and-pitch-wankhede-stadium-bombay-mumbai-maharashtra-DH2WT4 (1).jpg,7,2,0
cricket-stumps-and-pitch-wankhede-stadium-bombay-mumbai-maharashtra-DH2WT4 (1).jpg,7,3,0
cricket-stumps-and-pitch-wankhede-stadium-bombay-mumbai-maharashtra-DH2WT4 (1).jpg,7,4,3
cricket-stumps-and-pitch-wankhede-stadium-bombay-mumbai-maharashtra-DH2WT4 (1).jpg,7,5,3
cricket-stumps-and-pitch-wankhede-stadium-bombay-mumbai-maharashtra-DH2WT4 (1).jpg,7,6,0
cricket-stumps-and-pitch-wankhede-stadium-bombay-mumbai-maharashtra-DH2WT4 (1).jpg,7,7,0
cricket-stumps-and-pitch-wankhede-stadium-bombay-mumbai-maharashtra-DH2WT4 (1).jpg,7,8,0
cricket-stumps-and-pitch-wankhede-stadium-bombay-mumbai-maharashtra-DH2WT4 (1).jpg,8,1,0
cricket-stumps-and-pitch-wankhede-stadium-bombay-mumbai-maharashtra-DH2WT4 (1).jpg,8,2,0
cricket-stumps-and-pitch-wankhede-stadium-bombay-mumbai-maharashtra-DH2WT4 (1).jpg,8,3,0
cricket-stumps-and-pitch-wankhede-stadium-bombay-mumbai-maharashtra-DH2WT4 (1).jpg,8,4,0
cricket-stumps-and-pitch-wankhede-stadium-bombay-mumbai-maharashtra-DH2WT4 (1).jpg,8,5,0
cricket-stumps-and-pitch-wankhede-stadium-bombay-mumbai-maharashtra-DH2WT4 (1).jpg,8,6,0
cricket-stumps-and-pitch-wankhede-stadium-bombay-mumbai-maharashtra-DH2WT4 (1).jpg,8,7,0
cricket-stumps-and-pitch-wankhede-stadium-bombay-mumbai-maharashtra-DH2WT4 (1).jpg,8,8,0
cricket-stumps-bails-pitch-sport-wicket.jpg,1,1,0
cricket-stumps-bails-pitch-sport-wicket.jpg,1,2,0
cricket-stumps-bails-pitch-sport-wicket.jpg,1,3,0
cricket-stumps-bails-pitch-sport-wicket.jpg,1,4,0
cricket-stumps-bails-pitch-sport-wicket.jpg,1,5,0
cricket-stumps-bails-pitch-sport-wicket.jpg,1,6,0
cricket-stumps-bails-pitch-sport-wicket.jpg,1,7,0
cricket-stumps-bails-pitch-sport-wicket.jpg,1,8,0
cricket-stumps-bails-pitch-sport-wicket.jpg,2,1,0
cricket-stumps-bails-pitch-sport-wicket.jpg,2,2,0
cricket-stumps-bails-pitch-sport-wicket.jpg,2,3,0
cricket-stumps-bails-pitch-sport-wicket.jpg,2,4,0
cricket-stumps-bails-pitch-sport-wicket.jpg,2,5,0
cricket-stumps-bails-pitch-sport-wicket.jpg,2,6,0
cricket-stumps-bails-pitch-sport-wicket.jpg,2,7,0
cricket-stumps-bails-pitch-sport-wicket.jpg,2,8,0
cricket-stumps-bails-pitch-sport-wicket.jpg,3,1,0
cricket-stumps-bails-pitch-sport-wicket.jpg,3,2,0
cricket-stumps-bails-pitch-sport-wicket.jpg,3,3,3
cricket-stumps-bails-pitch-sport-wicket.jpg,3,4,3
cricket-stumps-bails-pitch-sport-wicket.jpg,3,5,3
cricket-stumps-bails-pitch-sport-wicket.jpg,3,6,3
cricket-stumps-bails-pitch-sport-wicket.jpg,3,7,3
cricket-stumps-bails-pitch-sport-wicket.jpg,3,8,0
cricket-stumps-bails-pitch-sport-wicket.jpg,4,1,0
cricket-stumps-bails-pitch-sport-wicket.jpg,4,2,0
cricket-stumps-bails-pitch-sport-wicket.jpg,4,3,3
cricket-stumps-bails-pitch-sport-wicket.jpg,4,4,3
cricket-stumps-bails-pitch-sport-wicket.jpg,4,5,3
cricket-stumps-bails-pitch-sport-wicket.jpg,4,6,3
cricket-stumps-bails-pitch-sport-wicket.jpg,4,7,0
cricket-stumps-bails-pitch-sport-wicket.jpg,4,8,3
cricket-stumps-bails-pitch-sport-wicket.jpg,5,1,0
cricket-stumps-bails-pitch-sport-wicket.jpg,5,2,0
cricket-stumps-bails-pitch-sport-wicket.jpg,5,3,3
cricket-stumps-bails-pitch-sport-wicket.jpg,5,4,3
cricket-stumps-bails-pitch-sport-wicket.jpg,5,5,3
cricket-stumps-bails-pitch-sport-wicket.jpg,5,6,3
cricket-stumps-bails-pitch-sport-wicket.jpg,5,7,3
cricket-stumps-bails-pitch-sport-wicket.jpg,5,8,0
cricket-stumps-bails-pitch-sport-wicket.jpg,6,1,0
cricket-stumps-bails-pitch-sport-wicket.jpg,6,2,0
cricket-stumps-bails-pitch-sport-wicket.jpg,6,3,3
cricket-stumps-bails-pitch-sport-wicket.jpg,6,4,3
cricket-stumps-bails-pitch-sport-wicket.jpg,6,5,3
cricket-stumps-bails-pitch-sport-wicket.jpg,6,6,3
cricket-stumps-bails-pitch-sport-wicket.jpg,6,7,3
cricket-stumps-bails-pitch-sport-wicket.jpg,6,8,0
cricket-stumps-bails-pitch-sport-wicket.jpg,7,1,0
cricket-stumps-bails-pitch-sport-wicket.jpg,7,2,0
cricket-stumps-bails-pitch-sport-wicket.jpg,7,3,3
cricket-stumps-bails-pitch-sport-wicket.jpg,7,4,3
cricket-stumps-bails-pitch-sport-wicket.jpg,7,5,3
cricket-stumps-bails-pitch-sport-wicket.jpg,7,6,3
cricket-stumps-bails-pitch-sport-wicket.jpg,7,7,3
cricket-stumps-bails-pitch-sport-wicket.jpg,7,8,0
cricket-stumps-bails-pitch-sport-wicket.jpg,8,1,0
cricket-stumps-bails-pitch-sport-wicket.jpg,8,2,0
cricket-stumps-bails-pitch-sport-wicket.jpg,8,3,3
cricket-stumps-bails-pitch-sport-wicket.jpg,8,4,0
cricket-stumps-bails-pitch-sport-wicket.jpg,8,5,3
cricket-stumps-bails-pitch-sport-wicket.jpg,8,6,3
cricket-stumps-bails-pitch-sport-wicket.jpg,8,7,0
cricket-stumps-bails-pitch-sport-wicket.jpg,8,8,0
Cricket-stumps-balls-dimensions.jpg,1,1,0
Cricket-stumps-balls-dimensions.jpg,1,2,0
Cricket-stumps-balls-dimensions.jpg,1,3,0
Cricket-stumps-balls-dimensions.jpg,1,4,0
Cricket-stumps-balls-dimensions.jpg,1,5,0
Cricket-stumps-balls-dimensions.jpg,1,6,0
Cricket-stumps-balls-dimensions.jpg,1,7,0
Cricket-stumps-balls-dimensions.jpg,1,8,0
Cricket-stumps-balls-dimensions.jpg,2,1,3
Cricket-stumps-balls-dimensions.jpg,2,2,3
Cricket-stumps-balls-dimensions.jpg,2,3,3
Cricket-stumps-balls-dimensions.jpg,2,4,0
Cricket-stumps-balls-dimensions.jpg,2,5,0
Cricket-stumps-balls-dimensions.jpg,2,6,0
Cricket-stumps-balls-dimensions.jpg,2,7,3
Cricket-stumps-balls-dimensions.jpg,2,8,0
Cricket-stumps-balls-dimensions.jpg,3,1,3
Cricket-stumps-balls-dimensions.jpg,3,2,3
Cricket-stumps-balls-dimensions.jpg,3,3,3
Cricket-stumps-balls-dimensions.jpg,3,4,0
Cricket-stumps-balls-dimensions.jpg,3,5,0
Cricket-stumps-balls-dimensions.jpg,3,6,0
Cricket-stumps-balls-dimensions.jpg,3,7,3
Cricket-stumps-balls-dimensions.jpg,3,8,0
Cricket-stumps-balls-dimensions.jpg,4,1,3
Cricket-stumps-balls-dimensions.jpg,4,2,3
Cricket-stumps-balls-dimensions.jpg,4,3,3
Cricket-stumps-balls-dimensions.jpg,4,4,0
Cricket-stumps-balls-dimensions.jpg,4,5,0
Cricket-stumps-balls-dimensions.jpg,4,6,0
Cricket-stumps-balls-dimensions.jpg,4,7,3
Cricket-stumps-balls-dimensions.jpg,4,8,0
Cricket-stumps-balls-dimensions.jpg,5,1,3
Cricket-stumps-balls-dimensions.jpg,5,2,3
Cricket-stumps-balls-dimensions.jpg,5,3,3
Cricket-stumps-balls-dimensions.jpg,5,4,0
Cricket-stumps-balls-dimensions.jpg,5,5,0
Cricket-stumps-balls-dimensions.jpg,5,6,0
Cricket-stumps-balls-dimensions.jpg,5,7,3
Cricket-stumps-balls-dimensions.jpg,5,8,0
Cricket-stumps-balls-dimensions.jpg,6,1,3
Cricket-stumps-balls-dimensions.jpg,6,2,3
Cricket-stumps-balls-dimensions.jpg,6,3,3
Cricket-stumps-balls-dimensions.jpg,6,4,0
Cricket-stumps-balls-dimensions.jpg,6,5,0
Cricket-stumps-balls-dimensions.jpg,6,6,0
Cricket-stumps-balls-dimensions.jpg,6,7,3
Cricket-stumps-balls-dimensions.jpg,6,8,0
Cricket-stumps-balls-dimensions.jpg,7,1,3
Cricket-stumps-balls-dimensions.jpg,7,2,3
Cricket-stumps-balls-dimensions.jpg,7,3,3
Cricket-stumps-balls-dimensions.jpg,7,4,0
Cricket-stumps-balls-dimensions.jpg,7,5,0
Cricket-stumps-balls-dimensions.jpg,7,6,0
Cricket-stumps-balls-dimensions.jpg,7,7,3
Cricket-stumps-balls-dimensions.jpg,7,8,0
Cricket-stumps-balls-dimensions.jpg,8,1,3
Cricket-stumps-balls-dimensions.jpg,8,2,3
Cricket-stumps-balls-dimensions.jpg,8,3,3
Cricket-stumps-balls-dimensions.jpg,8,4,0
Cricket-stumps-balls-dimensions.jpg,8,5,0
Cricket-stumps-balls-dimensions.jpg,8,6,0
Cricket-stumps-balls-dimensions.jpg,8,7,3
Cricket-stumps-balls-dimensions.jpg,8,8,0
cricket-stumps-standing-on-a-cricket-pitch-2AY0MXF.jpg,1,1,0
cricket-stumps-standing-on-a-cricket-pitch-2AY0MXF.jpg,1,2,0
cricket-stumps-standing-on-a-cricket-pitch-2AY0MXF.jpg,1,3,0
cricket-stumps-standing-on-a-cricket-pitch-2AY0MXF.jpg,1,4,0
cricket-stumps-standing-on-a-cricket-pitch-2AY0MXF.jpg,1,5,0
cricket-stumps-standing-on-a-cricket-pitch-2AY0MXF.jpg,1,6,0
cricket-stumps-standing-on-a-cricket-pitch-2AY0MXF.jpg,1,7,0
cricket-stumps-standing-on-a-cricket-pitch-2AY0MXF.jpg,1,8,0
cricket-stumps-standing-on-a-cricket-pitch-2AY0MXF.jpg,2,1,0
cricket-stumps-standing-on-a-cricket-pitch-2AY0MXF.jpg,2,2,0
cricket-stumps-standing-on-a-cricket-pitch-2AY0MXF.jpg,2,3,0
cricket-stumps-standing-on-a-cricket-pitch-2AY0MXF.jpg,2,4,0
cricket-stumps-standing-on-a-cricket-pitch-2AY0MXF.jpg,2,5,0
cricket-stumps-standing-on-a-cricket-pitch-2AY0MXF.jpg,2,6,0
cricket-stumps-standing-on-a-cricket-pitch-2AY0MXF.jpg,2,7,0
cricket-stumps-standing-on-a-cricket-pitch-2AY0MXF.jpg,2,8,0
cricket-stumps-standing-on-a-cricket-pitch-2AY0MXF.jpg,3,1,0
cricket-stumps-standing-on-a-cricket-pitch-2AY0MXF.jpg,3,2,0
cricket-stumps-standing-on-a-cricket-pitch-2AY0MXF.jpg,3,3,3
cricket-stumps-standing-on-a-cricket-pitch-2AY0MXF.jpg,3,4,3
cricket-stumps-standing-on-a-cricket-pitch-2AY0MXF.jpg,3,5,0
cricket-stumps-standing-on-a-cricket-pitch-2AY0MXF.jpg,3,6,0
cricket-stumps-standing-on-a-cricket-pitch-2AY0MXF.jpg,3,7,0
cricket-stumps-standing-on-a-cricket-pitch-2AY0MXF.jpg,3,8,0
cricket-stumps-standing-on-a-cricket-pitch-2AY0MXF.jpg,4,1,0
cricket-stumps-standing-on-a-cricket-pitch-2AY0MXF.jpg,4,2,0
cricket-stumps-standing-on-a-cricket-pitch-2AY0MXF.jpg,4,3,3
cricket-stumps-standing-on-a-cricket-pitch-2AY0MXF.jpg,4,4,3
cricket-stumps-standing-on-a-cricket-pitch-2AY0MXF.jpg,4,5,0
cricket-stumps-standing-on-a-cricket-pitch-2AY0MXF.jpg,4,6,0
cricket-stumps-standing-on-a-cricket-pitch-2AY0MXF.jpg,4,7,0
cricket-stumps-standing-on-a-cricket-pitch-2AY0MXF.jpg,4,8,0
cricket-stumps-standing-on-a-cricket-pitch-2AY0MXF.jpg,5,1,0
cricket-stumps-standing-on-a-cricket-pitch-2AY0MXF.jpg,5,2,0
cricket-stumps-standing-on-a-cricket-pitch-2AY0MXF.jpg,5,3,3
cricket-stumps-standing-on-a-cricket-pitch-2AY0MXF.jpg,5,4,3
cricket-stumps-standing-on-a-cricket-pitch-2AY0MXF.jpg,5,5,0
cricket-stumps-standing-on-a-cricket-pitch-2AY0MXF.jpg,5,6,0
cricket-stumps-standing-on-a-cricket-pitch-2AY0MXF.jpg,5,7,0
cricket-stumps-standing-on-a-cricket-pitch-2AY0MXF.jpg,5,8,0
cricket-stumps-standing-on-a-cricket-pitch-2AY0MXF.jpg,6,1,0
cricket-stumps-standing-on-a-cricket-pitch-2AY0MXF.jpg,6,2,0
cricket-stumps-standing-on-a-cricket-pitch-2AY0MXF.jpg,6,3,3
cricket-stumps-standing-on-a-cricket-pitch-2AY0MXF.jpg,6,4,3
cricket-stumps-standing-on-a-cricket-pitch-2AY0MXF.jpg,6,5,0
cricket-stumps-standing-on-a-cricket-pitch-2AY0MXF.jpg,6,6,0
cricket-stumps-standing-on-a-cricket-pitch-2AY0MXF.jpg,6,7,0
cricket-stumps-standing-on-a-cricket-pitch-2AY0MXF.jpg,6,8,0
cricket-stumps-standing-on-a-cricket-pitch-2AY0MXF.jpg,7,1,0
cricket-stumps-standing-on-a-cricket-pitch-2AY0MXF.jpg,7,2,0
cricket-stumps-standing-on-a-cricket-pitch-2AY0MXF.jpg,7,3,3
cricket-stumps-standing-on-a-cricket-pitch-2AY0MXF.jpg,7,4,3
cricket-stumps-standing-on-a-cricket-pitch-2AY0MXF.jpg,7,5,0
cricket-stumps-standing-on-a-cricket-pitch-2AY0MXF.jpg,7,6,0
cricket-stumps-standing-on-a-cricket-pitch-2AY0MXF.jpg,7,7,0
cricket-stumps-standing-on-a-cricket-pitch-2AY0MXF.jpg,7,8,0
cricket-stumps-standing-on-a-cricket-pitch-2AY0MXF.jpg,8,1,0
cricket-stumps-standing-on-a-cricket-pitch-2AY0MXF.jpg,8,2,0
cricket-stumps-standing-on-a-cricket-pitch-2AY0MXF.jpg,8,3,0
cricket-stumps-standing-on-a-cricket-pitch-2AY0MXF.jpg,8,4,0
cricket-stumps-standing-on-a-cricket-pitch-2AY0MXF.jpg,8,5,0
cricket-stumps-standing-on-a-cricket-pitch-2AY0MXF.jpg,8,6,0
cricket-stumps-standing-on-a-cricket-pitch-2AY0MXF.jpg,8,7,0
cricket-stumps-standing-on-a-cricket-pitch-2AY0MXF.jpg,8,8,0
dhruv-jurel-india-xi.jpg,1,1,0
dhruv-jurel-india-xi.jpg,1,2,0
dhruv-jurel-india-xi.jpg,1,3,0
dhruv-jurel-india-xi.jpg,1,4,0
dhruv-jurel-india-xi.jpg,1,5,0
dhruv-jurel-india-xi.jpg,1,6,0
dhruv-jurel-india-xi.jpg,1,7,2
dhruv-jurel-india-xi.jpg,1,8,2
dhruv-jurel-india-xi.jpg,2,1,0
dhruv-jurel-india-xi.jpg,2,2,0
dhruv-jurel-india-xi.jpg,2,3,0
dhruv-jurel-india-xi.jpg,2,4,0
dhruv-jurel-india-xi.jpg,2,5,0
dhruv-jurel-india-xi.jpg,2,6,0
dhruv-jurel-india-xi.jpg,2,7,2
dhruv-jurel-india-xi.jpg,2,8,2
dhruv-jurel-india-xi.jpg,3,1,0
dhruv-jurel-india-xi.jpg,3,2,0
dhruv-jurel-india-xi.jpg,3,3,0
dhruv-jurel-india-xi.jpg,3,4,0
dhruv-jurel-india-xi.jpg,3,5,0
dhruv-jurel-india-xi.jpg,3,6,0
dhruv-jurel-india-xi.jpg,3,7,2
dhruv-jurel-india-xi.jpg,3,8,0
dhruv-jurel-india-xi.jpg,4,1,0
dhruv-jurel-india-xi.jpg,4,2,0
dhruv-jurel-india-xi.jpg,4,3,0
dhruv-jurel-india-xi.jpg,4,4,0
dhruv-jurel-india-xi.jpg,4,5,0
dhruv-jurel-india-xi.jpg,4,6,0
dhruv-jurel-india-xi.jpg,4,7,0
dhruv-jurel-india-xi.jpg,4,8,0
dhruv-jurel-india-xi.jpg,5,1,0
dhruv-jurel-india-xi.jpg,5,2,0
dhruv-jurel-india-xi.jpg,5,3,0
dhruv-jurel-india-xi.jpg,5,4,0
dhruv-jurel-india-xi.jpg,5,5,0
dhruv-jurel-india-xi.jpg,5,6,0
dhruv-jurel-india-xi.jpg,5,7,1
dhruv-jurel-india-xi.jpg,5,8,0
dhruv-jurel-india-xi.jpg,6,1,0
dhruv-jurel-india-xi.jpg,6,2,0
dhruv-jurel-india-xi.jpg,6,3,0
dhruv-jurel-india-xi.jpg,6,4,0
dhruv-jurel-india-xi.jpg,6,5,0
dhruv-jurel-india-xi.jpg,6,6,0
dhruv-jurel-india-xi.jpg,6,7,0
dhruv-jurel-india-xi.jpg,6,8,0
dhruv-jurel-india-xi.jpg,7,1,0
dhruv-jurel-india-xi.jpg,7,2,0
dhruv-jurel-india-xi.jpg,7,3,0
dhruv-jurel-india-xi.jpg,7,4,0
dhruv-jurel-india-xi.jpg,7,5,0
dhruv-jurel-india-xi.jpg,7,6,0
dhruv-jurel-india-xi.jpg,7,7,0
dhruv-jurel-india-xi.jpg,7,8,0
dhruv-jurel-india-xi.jpg,8,1,0
dhruv-jurel-india-xi.jpg,8,2,0
dhruv-jurel-india-xi.jpg,8,3,0
dhruv-jurel-india-xi.jpg,8,4,0
dhruv-jurel-india-xi.jpg,8,5,0
dhruv-jurel-india-xi.jpg,8,6,0
dhruv-jurel-india-xi.jpg,8,7,0
dhruv-jurel-india-xi.jpg,8,8,0
different-types-of-cricket-shots (1).jpg,1,1,0
different-types-of-cricket-shots (1).jpg,1,2,0
different-types-of-cricket-shots (1).jpg,1,3,0
different-types-of-cricket-shots (1).jpg,1,4,0
different-types-of-cricket-shots (1).jpg,1,5,0
different-types-of-cricket-shots (1).jpg,1,6,0
different-types-of-cricket-shots (1).jpg,1,7,0
different-types-of-cricket-shots (1).jpg,1,8,2
different-types-of-cricket-shots (1).jpg,2,1,3
different-types-of-cricket-shots (1).jpg,2,2,0
different-types-of-cricket-shots (1).jpg,2,3,0
different-types-of-cricket-shots (1).jpg,2,4,0
different-types-of-cricket-shots (1).jpg,2,5,0
different-types-of-cricket-shots (1).jpg,2,6,0
different-types-of-cricket-shots (1).jpg,2,7,0
different-types-of-cricket-shots (1).jpg,2,8,0
different-types-of-cricket-shots (1).jpg,3,1,3
different-types-of-cricket-shots (1).jpg,3,2,0
different-types-of-cricket-shots (1).jpg,3,3,0
different-types-of-cricket-shots (1).jpg,3,4,0
different-types-of-cricket-shots (1).jpg,3,5,0
different-types-of-cricket-shots (1).jpg,3,6,0
different-types-of-cricket-shots (1).jpg,3,7,0
different-types-of-cricket-shots (1).jpg,3,8,0
different-types-of-cricket-shots (1).jpg,4,1,3
different-types-of-cricket-shots (1).jpg,4,2,0
different-types-of-cricket-shots (1).jpg,4,3,0
different-types-of-cricket-shots (1).jpg,4,4,0
different-types-of-cricket-shots (1).jpg,4,5,0
different-types-of-cricket-shots (1).jpg,4,6,0
different-types-of-cricket-shots (1).jpg,4,7,0
different-types-of-cricket-shots (1).jpg,4,8,0
different-types-of-cricket-shots (1).jpg,5,1,0
different-types-of-cricket-shots (1).jpg,5,2,0
different-types-of-cricket-shots (1).jpg,5,3,0
different-types-of-cricket-shots (1).jpg,5,4,0
different-types-of-cricket-shots (1).jpg,5,5,0
different-types-of-cricket-shots (1).jpg,5,6,0
different-types-of-cricket-shots (1).jpg,5,7,0
different-types-of-cricket-shots (1).jpg,5,8,0
different-types-of-cricket-shots (1).jpg,6,1,2
different-types-of-cricket-shots (1).jpg,6,2,0
different-types-of-cricket-shots (1).jpg,6,3,0
different-types-of-cricket-shots (1).jpg,6,4,0
different-types-of-cricket-shots (1).jpg,6,5,0
different-types-of-cricket-shots (1).jpg,6,6,0
different-types-of-cricket-shots (1).jpg,6,7,2
different-types-of-cricket-shots (1).jpg,6,8,0
different-types-of-cricket-shots (1).jpg,7,1,2
different-types-of-cricket-shots (1).jpg,7,2,0
different-types-of-cricket-shots (1).jpg,7,3,0
different-types-of-cricket-shots (1).jpg,7,4,0
different-types-of-cricket-shots (1).jpg,7,5,0
different-types-of-cricket-shots (1).jpg,7,6,0
different-types-of-cricket-shots (1).jpg,7,7,2
different-types-of-cricket-shots (1).jpg,7,8,0
different-types-of-cricket-shots (1).jpg,8,1,0
different-types-of-cricket-shots (1).jpg,8,2,0
different-types-of-cricket-shots (1).jpg,8,3,0
different-types-of-cricket-shots (1).jpg,8,4,0
different-types-of-cricket-shots (1).jpg,8,5,0
different-types-of-cricket-shots (1).jpg,8,6,0
different-types-of-cricket-shots (1).jpg,8,7,0
different-types-of-cricket-shots (1).jpg,8,8,0
DoMPiXXV4AAQXcs.jpg,1,1,0
DoMPiXXV4AAQXcs.jpg,1,2,0
DoMPiXXV4AAQXcs.jpg,1,3,0
DoMPiXXV4AAQXcs.jpg,1,4,0
DoMPiXXV4AAQXcs.jpg,1,5,0
DoMPiXXV4AAQXcs.jpg,1,6,0
DoMPiXXV4AAQXcs.jpg,1,7,0
DoMPiXXV4AAQXcs.jpg,1,8,0
DoMPiXXV4AAQXcs.jpg,2,1,0
DoMPiXXV4AAQXcs.jpg,2,2,0
DoMPiXXV4AAQXcs.jpg,2,3,0
DoMPiXXV4AAQXcs.jpg,2,4,0
DoMPiXXV4AAQXcs.jpg,2,5,0
DoMPiXXV4AAQXcs.jpg,2,6,0
DoMPiXXV4AAQXcs.jpg,2,7,0
DoMPiXXV4AAQXcs.jpg,2,8,0
DoMPiXXV4AAQXcs.jpg,3,1,0
DoMPiXXV4AAQXcs.jpg,3,2,0
DoMPiXXV4AAQXcs.jpg,3,3,0
DoMPiXXV4AAQXcs.jpg,3,4,0
DoMPiXXV4AAQXcs.jpg,3,5,0
DoMPiXXV4AAQXcs.jpg,3,6,0
DoMPiXXV4AAQXcs.jpg,3,7,0
DoMPiXXV4AAQXcs.jpg,3,8,0
DoMPiXXV4AAQXcs.jpg,4,1,0
DoMPiXXV4AAQXcs.jpg,4,2,0
DoMPiXXV4AAQXcs.jpg,4,3,0
DoMPiXXV4AAQXcs.jpg,4,4,0
DoMPiXXV4AAQXcs.jpg,4,5,0
DoMPiXXV4AAQXcs.jpg,4,6,0
DoMPiXXV4AAQXcs.jpg,4,7,0
DoMPiXXV4AAQXcs.jpg,4,8,0
DoMPiXXV4AAQXcs.jpg,5,1,0
DoMPiXXV4AAQXcs.jpg,5,2,0
DoMPiXXV4AAQXcs.jpg,5,3,0
DoMPiXXV4AAQXcs.jpg,5,4,3
DoMPiXXV4AAQXcs.jpg,5,5,3
DoMPiXXV4AAQXcs.jpg,5,6,0
DoMPiXXV4AAQXcs.jpg,5,7,0
DoMPiXXV4AAQXcs.jpg,5,8,0
DoMPiXXV4AAQXcs.jpg,6,1,0
DoMPiXXV4AAQXcs.jpg,6,2,0
DoMPiXXV4AAQXcs.jpg,6,3,0
DoMPiXXV4AAQXcs.jpg,6,4,3
DoMPiXXV4AAQXcs.jpg,6,5,3
DoMPiXXV4AAQXcs.jpg,6,6,0
DoMPiXXV4AAQXcs.jpg,6,7,0
DoMPiXXV4AAQXcs.jpg,6,8,0
DoMPiXXV4AAQXcs.jpg,7,1,0
DoMPiXXV4AAQXcs.jpg,7,2,0
DoMPiXXV4AAQXcs.jpg,7,3,0
DoMPiXXV4AAQXcs.jpg,7,4,3
DoMPiXXV4AAQXcs.jpg,7,5,3
DoMPiXXV4AAQXcs.jpg,7,6,0
DoMPiXXV4AAQXcs.jpg,7,7,0
DoMPiXXV4AAQXcs.jpg,7,8,0
DoMPiXXV4AAQXcs.jpg,8,1,0
DoMPiXXV4AAQXcs.jpg,8,2,0
DoMPiXXV4AAQXcs.jpg,8,3,0
DoMPiXXV4AAQXcs.jpg,8,4,3
DoMPiXXV4AAQXcs.jpg,8,5,3
DoMPiXXV4AAQXcs.jpg,8,6,0
DoMPiXXV4AAQXcs.jpg,8,7,0
DoMPiXXV4AAQXcs.jpg,8,8,0
dsc-others-default-title-dsc-cricket-wooden-target-stump-full-size-39036922626228.jpg,1,1,0
dsc-others-default-title-dsc-cricket-wooden-target-stump-full-size-39036922626228.jpg,1,2,0
dsc-others-default-title-dsc-cricket-wooden-target-stump-full-size-39036922626228.jpg,1,3,0
dsc-others-default-title-dsc-cricket-wooden-target-stump-full-size-39036922626228.jpg,1,4,0
dsc-others-default-title-dsc-cricket-wooden-target-stump-full-size-39036922626228.jpg,1,5,0
dsc-others-default-title-dsc-cricket-wooden-target-stump-full-size-39036922626228.jpg,1,6,3
dsc-others-default-title-dsc-cricket-wooden-target-stump-full-size-39036922626228.jpg,1,7,3
dsc-others-default-title-dsc-cricket-wooden-target-stump-full-size-39036922626228.jpg,1,8,3
dsc-others-default-title-dsc-cricket-wooden-target-stump-full-size-39036922626228.jpg,2,1,0
dsc-others-default-title-dsc-cricket-wooden-target-stump-full-size-39036922626228.jpg,2,2,0
dsc-others-default-title-dsc-cricket-wooden-target-stump-full-size-39036922626228.jpg,2,3,0
dsc-others-default-title-dsc-cricket-wooden-target-stump-full-size-39036922626228.jpg,2,4,0
dsc-others-default-title-dsc-cricket-wooden-target-stump-full-size-39036922626228.jpg,2,5,0
dsc-others-default-title-dsc-cricket-wooden-target-stump-full-size-39036922626228.jpg,2,6,3
dsc-others-default-title-dsc-cricket-wooden-target-stump-full-size-39036922626228.jpg,2,7,3
dsc-others-default-title-dsc-cricket-wooden-target-stump-full-size-39036922626228.jpg,2,8,0
dsc-others-default-title-dsc-cricket-wooden-target-stump-full-size-39036922626228.jpg,3,1,0
dsc-others-default-title-dsc-cricket-wooden-target-stump-full-size-39036922626228.jpg,3,2,0
dsc-others-default-title-dsc-cricket-wooden-target-stump-full-size-39036922626228.jpg,3,3,0
dsc-others-default-title-dsc-cricket-wooden-target-stump-full-size-39036922626228.jpg,3,4,0
dsc-others-default-title-dsc-cricket-wooden-target-stump-full-size-39036922626228.jpg,3,5,3
dsc-others-default-title-dsc-cricket-wooden-target-stump-full-size-39036922626228.jpg,3,6,3
dsc-others-default-title-dsc-cricket-wooden-target-stump-full-size-39036922626228.jpg,3,7,0
dsc-others-default-title-dsc-cricket-wooden-target-stump-full-size-39036922626228.jpg,3,8,0
dsc-others-default-title-dsc-cricket-wooden-target-stump-full-size-39036922626228.jpg,4,1,0
dsc-others-default-title-dsc-cricket-wooden-target-stump-full-size-39036922626228.jpg,4,2,0
dsc-others-default-title-dsc-cricket-wooden-target-stump-full-size-39036922626228.jpg,4,3,0
dsc-others-default-title-dsc-cricket-wooden-target-stump-full-size-39036922626228.jpg,4,4,3
dsc-others-default-title-dsc-cricket-wooden-target-stump-full-size-39036922626228.jpg,4,5,3
dsc-others-default-title-dsc-cricket-wooden-target-stump-full-size-39036922626228.jpg,4,6,0
dsc-others-default-title-dsc-cricket-wooden-target-stump-full-size-39036922626228.jpg,4,7,0
dsc-others-default-title-dsc-cricket-wooden-target-stump-full-size-39036922626228.jpg,4,8,0
dsc-others-default-title-dsc-cricket-wooden-target-stump-full-size-39036922626228.jpg,5,1,0
dsc-others-default-title-dsc-cricket-wooden-target-stump-full-size-39036922626228.jpg,5,2,0
dsc-others-default-title-dsc-cricket-wooden-target-stump-full-size-39036922626228.jpg,5,3,0
dsc-others-default-title-dsc-cricket-wooden-target-stump-full-size-39036922626228.jpg,5,4,3
dsc-others-default-title-dsc-cricket-wooden-target-stump-full-size-39036922626228.jpg,5,5,3
dsc-others-default-title-dsc-cricket-wooden-target-stump-full-size-39036922626228.jpg,5,6,0
dsc-others-default-title-dsc-cricket-wooden-target-stump-full-size-39036922626228.jpg,5,7,0
dsc-others-default-title-dsc-cricket-wooden-target-stump-full-size-39036922626228.jpg,5,8,0
dsc-others-default-title-dsc-cricket-wooden-target-stump-full-size-39036922626228.jpg,6,1,0
dsc-others-default-title-dsc-cricket-wooden-target-stump-full-size-39036922626228.jpg,6,2,0
dsc-others-default-title-dsc-cricket-wooden-target-stump-full-size-39036922626228.jpg,6,3,3
dsc-others-default-title-dsc-cricket-wooden-target-stump-full-size-39036922626228.jpg,6,4,3
dsc-others-default-title-dsc-cricket-wooden-target-stump-full-size-39036922626228.jpg,6,5,0
dsc-others-default-title-dsc-cricket-wooden-target-stump-full-size-39036922626228.jpg,6,6,0
dsc-others-default-title-dsc-cricket-wooden-target-stump-full-size-39036922626228.jpg,6,7,0
dsc-others-default-title-dsc-cricket-wooden-target-stump-full-size-39036922626228.jpg,6,8,0
dsc-others-default-title-dsc-cricket-wooden-target-stump-full-size-39036922626228.jpg,7,1,0
dsc-others-default-title-dsc-cricket-wooden-target-stump-full-size-39036922626228.jpg,7,2,3
dsc-others-default-title-dsc-cricket-wooden-target-stump-full-size-39036922626228.jpg,7,3,3
dsc-others-default-title-dsc-cricket-wooden-target-stump-full-size-39036922626228.jpg,7,4,3
dsc-others-default-title-dsc-cricket-wooden-target-stump-full-size-39036922626228.jpg,7,5,0
dsc-others-default-title-dsc-cricket-wooden-target-stump-full-size-39036922626228.jpg,7,6,0
dsc-others-default-title-dsc-cricket-wooden-target-stump-full-size-39036922626228.jpg,7,7,0
dsc-others-default-title-dsc-cricket-wooden-target-stump-full-size-39036922626228.jpg,7,8,0
dsc-others-default-title-dsc-cricket-wooden-target-stump-full-size-39036922626228.jpg,8,1,3
dsc-others-default-title-dsc-cricket-wooden-target-stump-full-size-39036922626228.jpg,8,2,3
dsc-others-default-title-dsc-cricket-wooden-target-stump-full-size-39036922626228.jpg,8,3,3
dsc-others-default-title-dsc-cricket-wooden-target-stump-full-size-39036922626228.jpg,8,4,0
dsc-others-default-title-dsc-cricket-wooden-target-stump-full-size-39036922626228.jpg,8,5,0
dsc-others-default-title-dsc-cricket-wooden-target-stump-full-size-39036922626228.jpg,8,6,0
dsc-others-default-title-dsc-cricket-wooden-target-stump-full-size-39036922626228.jpg,8,7,0
dsc-others-default-title-dsc-cricket-wooden-target-stump-full-size-39036922626228.jpg,8,8,0
dsc-others-default-title-dsc-spring-wooden-cricket-stumps-full-size-37989488197812_1800x1800 (1).jpg,1,1,0
dsc-others-default-title-dsc-spring-wooden-cricket-stumps-full-size-37989488197812_1800x1800 (1).jpg,1,2,0
dsc-others-default-title-dsc-spring-wooden-cricket-stumps-full-size-37989488197812_1800x1800 (1).jpg,1,3,0
dsc-others-default-title-dsc-spring-wooden-cricket-stumps-full-size-37989488197812_1800x1800 (1).jpg,1,4,3
dsc-others-default-title-dsc-spring-wooden-cricket-stumps-full-size-37989488197812_1800x1800 (1).jpg,1,5,3
dsc-others-default-title-dsc-spring-wooden-cricket-stumps-full-size-37989488197812_1800x1800 (1).jpg,1,6,3
dsc-others-default-title-dsc-spring-wooden-cricket-stumps-full-size-37989488197812_1800x1800 (1).jpg,1,7,0
dsc-others-default-title-dsc-spring-wooden-cricket-stumps-full-size-37989488197812_1800x1800 (1).jpg,1,8,0
dsc-others-default-title-dsc-spring-wooden-cricket-stumps-full-size-37989488197812_1800x1800 (1).jpg,2,1,0
dsc-others-default-title-dsc-spring-wooden-cricket-stumps-full-size-37989488197812_1800x1800 (1).jpg,2,2,0
dsc-others-default-title-dsc-spring-wooden-cricket-stumps-full-size-37989488197812_1800x1800 (1).jpg,2,3,0
dsc-others-default-title-dsc-spring-wooden-cricket-stumps-full-size-37989488197812_1800x1800 (1).jpg,2,4,3
dsc-others-default-title-dsc-spring-wooden-cricket-stumps-full-size-37989488197812_1800x1800 (1).jpg,2,5,3
dsc-others-default-title-dsc-spring-wooden-cricket-stumps-full-size-37989488197812_1800x1800 (1).jpg,2,6,3
dsc-others-default-title-dsc-spring-wooden-cricket-stumps-full-size-37989488197812_1800x1800 (1).jpg,2,7,0
dsc-others-default-title-dsc-spring-wooden-cricket-stumps-full-size-37989488197812_1800x1800 (1).jpg,2,8,0
dsc-others-default-title-dsc-spring-wooden-cricket-stumps-full-size-37989488197812_1800x1800 (1).jpg,3,1,0
dsc-others-default-title-dsc-spring-wooden-cricket-stumps-full-size-37989488197812_1800x1800 (1).jpg,3,2,0
dsc-others-default-title-dsc-spring-wooden-cricket-stumps-full-size-37989488197812_1800x1800 (1).jpg,3,3,0
dsc-others-default-title-dsc-spring-wooden-cricket-stumps-full-size-37989488197812_1800x1800 (1).jpg,3,4,3
dsc-others-default-title-dsc-spring-wooden-cricket-stumps-full-size-37989488197812_1800x1800 (1).jpg,3,5,3
dsc-others-default-title-dsc-spring-wooden-cricket-stumps-full-size-37989488197812_1800x1800 (1).jpg,3,6,3
dsc-others-default-title-dsc-spring-wooden-cricket-stumps-full-size-37989488197812_1800x1800 (1).jpg,3,7,0
dsc-others-default-title-dsc-spring-wooden-cricket-stumps-full-size-37989488197812_1800x1800 (1).jpg,3,8,0
dsc-others-default-title-dsc-spring-wooden-cricket-stumps-full-size-37989488197812_1800x1800 (1).jpg,4,1,0
dsc-others-default-title-dsc-spring-wooden-cricket-stumps-full-size-37989488197812_1800x1800 (1).jpg,4,2,0
dsc-others-default-title-dsc-spring-wooden-cricket-stumps-full-size-37989488197812_1800x1800 (1).jpg,4,3,0
dsc-others-default-title-dsc-spring-wooden-cricket-stumps-full-size-37989488197812_1800x1800 (1).jpg,4,4,3
dsc-others-default-title-dsc-spring-wooden-cricket-stumps-full-size-37989488197812_1800x1800 (1).jpg,4,5,3
dsc-others-default-title-dsc-spring-wooden-cricket-stumps-full-size-37989488197812_1800x1800 (1).jpg,4,6,3
dsc-others-default-title-dsc-spring-wooden-cricket-stumps-full-size-37989488197812_1800x1800 (1).jpg,4,7,0
dsc-others-default-title-dsc-spring-wooden-cricket-stumps-full-size-37989488197812_1800x1800 (1).jpg,4,8,0
dsc-others-default-title-dsc-spring-wooden-cricket-stumps-full-size-37989488197812_1800x1800 (1).jpg,5,1,0
dsc-others-default-title-dsc-spring-wooden-cricket-stumps-full-size-37989488197812_1800x1800 (1).jpg,5,2,0
dsc-others-default-title-dsc-spring-wooden-cricket-stumps-full-size-37989488197812_1800x1800 (1).jpg,5,3,0
dsc-others-default-title-dsc-spring-wooden-cricket-stumps-full-size-37989488197812_1800x1800 (1).jpg,5,4,3
dsc-others-default-title-dsc-spring-wooden-cricket-stumps-full-size-37989488197812_1800x1800 (1).jpg,5,5,3
dsc-others-default-title-dsc-spring-wooden-cricket-stumps-full-size-37989488197812_1800x1800 (1).jpg,5,6,3
dsc-others-default-title-dsc-spring-wooden-cricket-stumps-full-size-37989488197812_1800x1800 (1).jpg,5,7,0
dsc-others-default-title-dsc-spring-wooden-cricket-stumps-full-size-37989488197812_1800x1800 (1).jpg,5,8,0
dsc-others-default-title-dsc-spring-wooden-cricket-stumps-full-size-37989488197812_1800x1800 (1).jpg,6,1,0
dsc-others-default-title-dsc-spring-wooden-cricket-stumps-full-size-37989488197812_1800x1800 (1).jpg,6,2,0
dsc-others-default-title-dsc-spring-wooden-cricket-stumps-full-size-37989488197812_1800x1800 (1).jpg,6,3,0
dsc-others-default-title-dsc-spring-wooden-cricket-stumps-full-size-37989488197812_1800x1800 (1).jpg,6,4,3
dsc-others-default-title-dsc-spring-wooden-cricket-stumps-full-size-37989488197812_1800x1800 (1).jpg,6,5,3
dsc-others-default-title-dsc-spring-wooden-cricket-stumps-full-size-37989488197812_1800x1800 (1).jpg,6,6,0
dsc-others-default-title-dsc-spring-wooden-cricket-stumps-full-size-37989488197812_1800x1800 (1).jpg,6,7,0
dsc-others-default-title-dsc-spring-wooden-cricket-stumps-full-size-37989488197812_1800x1800 (1).jpg,6,8,0
dsc-others-default-title-dsc-spring-wooden-cricket-stumps-full-size-37989488197812_1800x1800 (1).jpg,7,1,0
dsc-others-default-title-dsc-spring-wooden-cricket-stumps-full-size-37989488197812_1800x1800 (1).jpg,7,2,0
dsc-others-default-title-dsc-spring-wooden-cricket-stumps-full-size-37989488197812_1800x1800 (1).jpg,7,3,0
dsc-others-default-title-dsc-spring-wooden-cricket-stumps-full-size-37989488197812_1800x1800 (1).jpg,7,4,3
dsc-others-default-title-dsc-spring-wooden-cricket-stumps-full-size-37989488197812_1800x1800 (1).jpg,7,5,3
dsc-others-default-title-dsc-spring-wooden-cricket-stumps-full-size-37989488197812_1800x1800 (1).jpg,7,6,0
dsc-others-default-title-dsc-spring-wooden-cricket-stumps-full-size-37989488197812_1800x1800 (1).jpg,7,7,0
dsc-others-default-title-dsc-spring-wooden-cricket-stumps-full-size-37989488197812_1800x1800 (1).jpg,7,8,0
dsc-others-default-title-dsc-spring-wooden-cricket-stumps-full-size-37989488197812_1800x1800 (1).jpg,8,1,0
dsc-others-default-title-dsc-spring-wooden-cricket-stumps-full-size-37989488197812_1800x1800 (1).jpg,8,2,0
dsc-others-default-title-dsc-spring-wooden-cricket-stumps-full-size-37989488197812_1800x1800 (1).jpg,8,3,0
dsc-others-default-title-dsc-spring-wooden-cricket-stumps-full-size-37989488197812_1800x1800 (1).jpg,8,4,3
dsc-others-default-title-dsc-spring-wooden-cricket-stumps-full-size-37989488197812_1800x1800 (1).jpg,8,5,3
dsc-others-default-title-dsc-spring-wooden-cricket-stumps-full-size-37989488197812_1800x1800 (1).jpg,8,6,0
dsc-others-default-title-dsc-spring-wooden-cricket-stumps-full-size-37989488197812_1800x1800 (1).jpg,8,7,0
dsc-others-default-title-dsc-spring-wooden-cricket-stumps-full-size-37989488197812_1800x1800 (1).jpg,8,8,0
dsc-others-default-title-dsc-spring-wooden-cricket-stumps-full-size-38319776006324_1800x1800 (1).jpg,1,1,0
dsc-others-default-title-dsc-spring-wooden-cricket-stumps-full-size-38319776006324_1800x1800 (1).jpg,1,2,0
dsc-others-default-title-dsc-spring-wooden-cricket-stumps-full-size-38319776006324_1800x1800 (1).jpg,1,3,3
dsc-others-default-title-dsc-spring-wooden-cricket-stumps-full-size-38319776006324_1800x1800 (1).jpg,1,4,3
dsc-others-default-title-dsc-spring-wooden-cricket-stumps-full-size-38319776006324_1800x1800 (1).jpg,1,5,3
dsc-others-default-title-dsc-spring-wooden-cricket-stumps-full-size-38319776006324_1800x1800 (1).jpg,1,6,0
dsc-others-default-title-dsc-spring-wooden-cricket-stumps-full-size-38319776006324_1800x1800 (1).jpg,1,7,0
dsc-others-default-title-dsc-spring-wooden-cricket-stumps-full-size-38319776006324_1800x1800 (1).jpg,1,8,0
dsc-others-default-title-dsc-spring-wooden-cricket-stumps-full-size-38319776006324_1800x1800 (1).jpg,2,1,0
dsc-others-default-title-dsc-spring-wooden-cricket-stumps-full-size-38319776006324_1800x1800 (1).jpg,2,2,0
dsc-others-default-title-dsc-spring-wooden-cricket-stumps-full-size-38319776006324_1800x1800 (1).jpg,2,3,0
dsc-others-default-title-dsc-spring-wooden-cricket-stumps-full-size-38319776006324_1800x1800 (1).jpg,2,4,3
dsc-others-default-title-dsc-spring-wooden-cricket-stumps-full-size-38319776006324_1800x1800 (1).jpg,2,5,3
dsc-others-default-title-dsc-spring-wooden-cricket-stumps-full-size-38319776006324_1800x1800 (1).jpg,2,6,0
dsc-others-default-title-dsc-spring-wooden-cricket-stumps-full-size-38319776006324_1800x1800 (1).jpg,2,7,0
dsc-others-default-title-dsc-spring-wooden-cricket-stumps-full-size-38319776006324_1800x1800 (1).jpg,2,8,0
dsc-others-default-title-dsc-spring-wooden-cricket-stumps-full-size-38319776006324_1800x1800 (1).jpg,3,1,0
dsc-others-default-title-dsc-spring-wooden-cricket-stumps-full-size-38319776006324_1800x1800 (1).jpg,3,2,0
dsc-others-default-title-dsc-spring-wooden-cricket-stumps-full-size-38319776006324_1800x1800 (1).jpg,3,3,0
dsc-others-default-title-dsc-spring-wooden-cricket-stumps-full-size-38319776006324_1800x1800 (1).jpg,3,4,3
dsc-others-default-title-dsc-spring-wooden-cricket-stumps-full-size-38319776006324_1800x1800 (1).jpg,3,5,3
dsc-others-default-title-dsc-spring-wooden-cricket-stumps-full-size-38319776006324_1800x1800 (1).jpg,3,6,0
dsc-others-default-title-dsc-spring-wooden-cricket-stumps-full-size-38319776006324_1800x1800 (1).jpg,3,7,0
dsc-others-default-title-dsc-spring-wooden-cricket-stumps-full-size-38319776006324_1800x1800 (1).jpg,3,8,0
dsc-others-default-title-dsc-spring-wooden-cricket-stumps-full-size-38319776006324_1800x1800 (1).jpg,4,1,0
dsc-others-default-title-dsc-spring-wooden-cricket-stumps-full-size-38319776006324_1800x1800 (1).jpg,4,2,0
dsc-others-default-title-dsc-spring-wooden-cricket-stumps-full-size-38319776006324_1800x1800 (1).jpg,4,3,0
dsc-others-default-title-dsc-spring-wooden-cricket-stumps-full-size-38319776006324_1800x1800 (1).jpg,4,4,3
dsc-others-default-title-dsc-spring-wooden-cricket-stumps-full-size-38319776006324_1800x1800 (1).jpg,4,5,3
dsc-others-default-title-dsc-spring-wooden-cricket-stumps-full-size-38319776006324_1800x1800 (1).jpg,4,6,0
dsc-others-default-title-dsc-spring-wooden-cricket-stumps-full-size-38319776006324_1800x1800 (1).jpg,4,7,0
dsc-others-default-title-dsc-spring-wooden-cricket-stumps-full-size-38319776006324_1800x1800 (1).jpg,4,8,0
dsc-others-default-title-dsc-spring-wooden-cricket-stumps-full-size-38319776006324_1800x1800 (1).jpg,5,1,0
dsc-others-default-title-dsc-spring-wooden-cricket-stumps-full-size-38319776006324_1800x1800 (1).jpg,5,2,0
dsc-others-default-title-dsc-spring-wooden-cricket-stumps-full-size-38319776006324_1800x1800 (1).jpg,5,3,0
dsc-others-default-title-dsc-spring-wooden-cricket-stumps-full-size-38319776006324_1800x1800 (1).jpg,5,4,3
dsc-others-default-title-dsc-spring-wooden-cricket-stumps-full-size-38319776006324_1800x1800 (1).jpg,5,5,3
dsc-others-default-title-dsc-spring-wooden-cricket-stumps-full-size-38319776006324_1800x1800 (1).jpg,5,6,0
dsc-others-default-title-dsc-spring-wooden-cricket-stumps-full-size-38319776006324_1800x1800 (1).jpg,5,7,0
dsc-others-default-title-dsc-spring-wooden-cricket-stumps-full-size-38319776006324_1800x1800 (1).jpg,5,8,0
dsc-others-default-title-dsc-spring-wooden-cricket-stumps-full-size-38319776006324_1800x1800 (1).jpg,6,1,0
dsc-others-default-title-dsc-spring-wooden-cricket-stumps-full-size-38319776006324_1800x1800 (1).jpg,6,2,0
dsc-others-default-title-dsc-spring-wooden-cricket-stumps-full-size-38319776006324_1800x1800 (1).jpg,6,3,0
dsc-others-default-title-dsc-spring-wooden-cricket-stumps-full-size-38319776006324_1800x1800 (1).jpg,6,4,3
dsc-others-default-title-dsc-spring-wooden-cricket-stumps-full-size-38319776006324_1800x1800 (1).jpg,6,5,3
dsc-others-default-title-dsc-spring-wooden-cricket-stumps-full-size-38319776006324_1800x1800 (1).jpg,6,6,0
dsc-others-default-title-dsc-spring-wooden-cricket-stumps-full-size-38319776006324_1800x1800 (1).jpg,6,7,0
dsc-others-default-title-dsc-spring-wooden-cricket-stumps-full-size-38319776006324_1800x1800 (1).jpg,6,8,0
dsc-others-default-title-dsc-spring-wooden-cricket-stumps-full-size-38319776006324_1800x1800 (1).jpg,7,1,0
dsc-others-default-title-dsc-spring-wooden-cricket-stumps-full-size-38319776006324_1800x1800 (1).jpg,7,2,0
dsc-others-default-title-dsc-spring-wooden-cricket-stumps-full-size-38319776006324_1800x1800 (1).jpg,7,3,0
dsc-others-default-title-dsc-spring-wooden-cricket-stumps-full-size-38319776006324_1800x1800 (1).jpg,7,4,3
dsc-others-default-title-dsc-spring-wooden-cricket-stumps-full-size-38319776006324_1800x1800 (1).jpg,7,5,3
dsc-others-default-title-dsc-spring-wooden-cricket-stumps-full-size-38319776006324_1800x1800 (1).jpg,7,6,0
dsc-others-default-title-dsc-spring-wooden-cricket-stumps-full-size-38319776006324_1800x1800 (1).jpg,7,7,0
dsc-others-default-title-dsc-spring-wooden-cricket-stumps-full-size-38319776006324_1800x1800 (1).jpg,7,8,0
dsc-others-default-title-dsc-spring-wooden-cricket-stumps-full-size-38319776006324_1800x1800 (1).jpg,8,1,0
dsc-others-default-title-dsc-spring-wooden-cricket-stumps-full-size-38319776006324_1800x1800 (1).jpg,8,2,0
dsc-others-default-title-dsc-spring-wooden-cricket-stumps-full-size-38319776006324_1800x1800 (1).jpg,8,3,0
dsc-others-default-title-dsc-spring-wooden-cricket-stumps-full-size-38319776006324_1800x1800 (1).jpg,8,4,3
dsc-others-default-title-dsc-spring-wooden-cricket-stumps-full-size-38319776006324_1800x1800 (1).jpg,8,5,3
dsc-others-default-title-dsc-spring-wooden-cricket-stumps-full-size-38319776006324_1800x1800 (1).jpg,8,6,0
dsc-others-default-title-dsc-spring-wooden-cricket-stumps-full-size-38319776006324_1800x1800 (1).jpg,8,7,0
dsc-others-default-title-dsc-spring-wooden-cricket-stumps-full-size-38319776006324_1800x1800 (1).jpg,8,8,0
durable-pvc-cricket-stump-stand-size-6-802347750-00udvvgi.jpg,1,1,0
durable-pvc-cricket-stump-stand-size-6-802347750-00udvvgi.jpg,1,2,0
durable-pvc-cricket-stump-stand-size-6-802347750-00udvvgi.jpg,1,3,3
durable-pvc-cricket-stump-stand-size-6-802347750-00udvvgi.jpg,1,4,3
durable-pvc-cricket-stump-stand-size-6-802347750-00udvvgi.jpg,1,5,3
durable-pvc-cricket-stump-stand-size-6-802347750-00udvvgi.jpg,1,6,3
durable-pvc-cricket-stump-stand-size-6-802347750-00udvvgi.jpg,1,7,0
durable-pvc-cricket-stump-stand-size-6-802347750-00udvvgi.jpg,1,8,0
durable-pvc-cricket-stump-stand-size-6-802347750-00udvvgi.jpg,2,1,0
durable-pvc-cricket-stump-stand-size-6-802347750-00udvvgi.jpg,2,2,0
durable-pvc-cricket-stump-stand-size-6-802347750-00udvvgi.jpg,2,3,3
durable-pvc-cricket-stump-stand-size-6-802347750-00udvvgi.jpg,2,4,3
durable-pvc-cricket-stump-stand-size-6-802347750-00udvvgi.jpg,2,5,3
durable-pvc-cricket-stump-stand-size-6-802347750-00udvvgi.jpg,2,6,3
durable-pvc-cricket-stump-stand-size-6-802347750-00udvvgi.jpg,2,7,0
durable-pvc-cricket-stump-stand-size-6-802347750-00udvvgi.jpg,2,8,0
durable-pvc-cricket-stump-stand-size-6-802347750-00udvvgi.jpg,3,1,0
durable-pvc-cricket-stump-stand-size-6-802347750-00udvvgi.jpg,3,2,0
durable-pvc-cricket-stump-stand-size-6-802347750-00udvvgi.jpg,3,3,3
durable-pvc-cricket-stump-stand-size-6-802347750-00udvvgi.jpg,3,4,3
durable-pvc-cricket-stump-stand-size-6-802347750-00udvvgi.jpg,3,5,3
durable-pvc-cricket-stump-stand-size-6-802347750-00udvvgi.jpg,3,6,3
durable-pvc-cricket-stump-stand-size-6-802347750-00udvvgi.jpg,3,7,0
durable-pvc-cricket-stump-stand-size-6-802347750-00udvvgi.jpg,3,8,0
durable-pvc-cricket-stump-stand-size-6-802347750-00udvvgi.jpg,4,1,0
durable-pvc-cricket-stump-stand-size-6-802347750-00udvvgi.jpg,4,2,0
durable-pvc-cricket-stump-stand-size-6-802347750-00udvvgi.jpg,4,3,3
durable-pvc-cricket-stump-stand-size-6-802347750-00udvvgi.jpg,4,4,3
durable-pvc-cricket-stump-stand-size-6-802347750-00udvvgi.jpg,4,5,3
durable-pvc-cricket-stump-stand-size-6-802347750-00udvvgi.jpg,4,6,3
durable-pvc-cricket-stump-stand-size-6-802347750-00udvvgi.jpg,4,7,0
durable-pvc-cricket-stump-stand-size-6-802347750-00udvvgi.jpg,4,8,0
durable-pvc-cricket-stump-stand-size-6-802347750-00udvvgi.jpg,5,1,0
durable-pvc-cricket-stump-stand-size-6-802347750-00udvvgi.jpg,5,2,0
durable-pvc-cricket-stump-stand-size-6-802347750-00udvvgi.jpg,5,3,3
durable-pvc-cricket-stump-stand-size-6-802347750-00udvvgi.jpg,5,4,3
durable-pvc-cricket-stump-stand-size-6-802347750-00udvvgi.jpg,5,5,3
durable-pvc-cricket-stump-stand-size-6-802347750-00udvvgi.jpg,5,6,3
durable-pvc-cricket-stump-stand-size-6-802347750-00udvvgi.jpg,5,7,0
durable-pvc-cricket-stump-stand-size-6-802347750-00udvvgi.jpg,5,8,0
durable-pvc-cricket-stump-stand-size-6-802347750-00udvvgi.jpg,6,1,0
durable-pvc-cricket-stump-stand-size-6-802347750-00udvvgi.jpg,6,2,0
durable-pvc-cricket-stump-stand-size-6-802347750-00udvvgi.jpg,6,3,3
durable-pvc-cricket-stump-stand-size-6-802347750-00udvvgi.jpg,6,4,3
durable-pvc-cricket-stump-stand-size-6-802347750-00udvvgi.jpg,6,5,3
durable-pvc-cricket-stump-stand-size-6-802347750-00udvvgi.jpg,6,6,3
durable-pvc-cricket-stump-stand-size-6-802347750-00udvvgi.jpg,6,7,0
durable-pvc-cricket-stump-stand-size-6-802347750-00udvvgi.jpg,6,8,0
durable-pvc-cricket-stump-stand-size-6-802347750-00udvvgi.jpg,7,1,0
durable-pvc-cricket-stump-stand-size-6-802347750-00udvvgi.jpg,7,2,0
durable-pvc-cricket-stump-stand-size-6-802347750-00udvvgi.jpg,7,3,3
durable-pvc-cricket-stump-stand-size-6-802347750-00udvvgi.jpg,7,4,3
durable-pvc-cricket-stump-stand-size-6-802347750-00udvvgi.jpg,7,5,3
durable-pvc-cricket-stump-stand-size-6-802347750-00udvvgi.jpg,7,6,3
durable-pvc-cricket-stump-stand-size-6-802347750-00udvvgi.jpg,7,7,0
durable-pvc-cricket-stump-stand-size-6-802347750-00udvvgi.jpg,7,8,0
durable-pvc-cricket-stump-stand-size-6-802347750-00udvvgi.jpg,8,1,0
durable-pvc-cricket-stump-stand-size-6-802347750-00udvvgi.jpg,8,2,0
durable-pvc-cricket-stump-stand-size-6-802347750-00udvvgi.jpg,8,3,3
durable-pvc-cricket-stump-stand-size-6-802347750-00udvvgi.jpg,8,4,3
durable-pvc-cricket-stump-stand-size-6-802347750-00udvvgi.jpg,8,5,3
durable-pvc-cricket-stump-stand-size-6-802347750-00udvvgi.jpg,8,6,3
durable-pvc-cricket-stump-stand-size-6-802347750-00udvvgi.jpg,8,7,0
durable-pvc-cricket-stump-stand-size-6-802347750-00udvvgi.jpg,8,8,0
dynamic-cricket-batter-poised-to-strike-ball-action-stylized-illustration-swinging-bat-vivid-colors-lines-405702534.jpg,1,1,0
dynamic-cricket-batter-poised-to-strike-ball-action-stylized-illustration-swinging-bat-vivid-colors-lines-405702534.jpg,1,2,0
dynamic-cricket-batter-poised-to-strike-ball-action-stylized-illustration-swinging-bat-vivid-colors-lines-405702534.jpg,1,3,0
dynamic-cricket-batter-poised-to-strike-ball-action-stylized-illustration-swinging-bat-vivid-colors-lines-405702534.jpg,1,4,2
dynamic-cricket-batter-poised-to-strike-ball-action-stylized-illustration-swinging-bat-vivid-colors-lines-405702534.jpg,1,5,2
dynamic-cricket-batter-poised-to-strike-ball-action-stylized-illustration-swinging-bat-vivid-colors-lines-405702534.jpg,1,6,0
dynamic-cricket-batter-poised-to-strike-ball-action-stylized-illustration-swinging-bat-vivid-colors-lines-405702534.jpg,1,7,0
dynamic-cricket-batter-poised-to-strike-ball-action-stylized-illustration-swinging-bat-vivid-colors-lines-405702534.jpg,1,8,0
dynamic-cricket-batter-poised-to-strike-ball-action-stylized-illustration-swinging-bat-vivid-colors-lines-405702534.jpg,2,1,0
dynamic-cricket-batter-poised-to-strike-ball-action-stylized-illustration-swinging-bat-vivid-colors-lines-405702534.jpg,2,2,0
dynamic-cricket-batter-poised-to-strike-ball-action-stylized-illustration-swinging-bat-vivid-colors-lines-405702534.jpg,2,3,0
dynamic-cricket-batter-poised-to-strike-ball-action-stylized-illustration-swinging-bat-vivid-colors-lines-405702534.jpg,2,4,0
dynamic-cricket-batter-poised-to-strike-ball-action-stylized-illustration-swinging-bat-vivid-colors-lines-405702534.jpg,2,5,2
dynamic-cricket-batter-poised-to-strike-ball-action-stylized-illustration-swinging-bat-vivid-colors-lines-405702534.jpg,2,6,0
dynamic-cricket-batter-poised-to-strike-ball-action-stylized-illustration-swinging-bat-vivid-colors-lines-405702534.jpg,2,7,0
dynamic-cricket-batter-poised-to-strike-ball-action-stylized-illustration-swinging-bat-vivid-colors-lines-405702534.jpg,2,8,0
dynamic-cricket-batter-poised-to-strike-ball-action-stylized-illustration-swinging-bat-vivid-colors-lines-405702534.jpg,3,1,0
dynamic-cricket-batter-poised-to-strike-ball-action-stylized-illustration-swinging-bat-vivid-colors-lines-405702534.jpg,3,2,0
dynamic-cricket-batter-poised-to-strike-ball-action-stylized-illustration-swinging-bat-vivid-colors-lines-405702534.jpg,3,3,0
dynamic-cricket-batter-poised-to-strike-ball-action-stylized-illustration-swinging-bat-vivid-colors-lines-405702534.jpg,3,4,0
dynamic-cricket-batter-poised-to-strike-ball-action-stylized-illustration-swinging-bat-vivid-colors-lines-405702534.jpg,3,5,0
dynamic-cricket-batter-poised-to-strike-ball-action-stylized-illustration-swinging-bat-vivid-colors-lines-405702534.jpg,3,6,2
dynamic-cricket-batter-poised-to-strike-ball-action-stylized-illustration-swinging-bat-vivid-colors-lines-405702534.jpg,3,7,0
dynamic-cricket-batter-poised-to-strike-ball-action-stylized-illustration-swinging-bat-vivid-colors-lines-405702534.jpg,3,8,0
dynamic-cricket-batter-poised-to-strike-ball-action-stylized-illustration-swinging-bat-vivid-colors-lines-405702534.jpg,4,1,0
dynamic-cricket-batter-poised-to-strike-ball-action-stylized-illustration-swinging-bat-vivid-colors-lines-405702534.jpg,4,2,0
dynamic-cricket-batter-poised-to-strike-ball-action-stylized-illustration-swinging-bat-vivid-colors-lines-405702534.jpg,4,3,0
dynamic-cricket-batter-poised-to-strike-ball-action-stylized-illustration-swinging-bat-vivid-colors-lines-405702534.jpg,4,4,0
dynamic-cricket-batter-poised-to-strike-ball-action-stylized-illustration-swinging-bat-vivid-colors-lines-405702534.jpg,4,5,0
dynamic-cricket-batter-poised-to-strike-ball-action-stylized-illustration-swinging-bat-vivid-colors-lines-405702534.jpg,4,6,1
dynamic-cricket-batter-poised-to-strike-ball-action-stylized-illustration-swinging-bat-vivid-colors-lines-405702534.jpg,4,7,0
dynamic-cricket-batter-poised-to-strike-ball-action-stylized-illustration-swinging-bat-vivid-colors-lines-405702534.jpg,4,8,0
dynamic-cricket-batter-poised-to-strike-ball-action-stylized-illustration-swinging-bat-vivid-colors-lines-405702534.jpg,5,1,0
dynamic-cricket-batter-poised-to-strike-ball-action-stylized-illustration-swinging-bat-vivid-colors-lines-405702534.jpg,5,2,0
dynamic-cricket-batter-poised-to-strike-ball-action-stylized-illustration-swinging-bat-vivid-colors-lines-405702534.jpg,5,3,0
dynamic-cricket-batter-poised-to-strike-ball-action-stylized-illustration-swinging-bat-vivid-colors-lines-405702534.jpg,5,4,0
dynamic-cricket-batter-poised-to-strike-ball-action-stylized-illustration-swinging-bat-vivid-colors-lines-405702534.jpg,5,5,0
dynamic-cricket-batter-poised-to-strike-ball-action-stylized-illustration-swinging-bat-vivid-colors-lines-405702534.jpg,5,6,1
dynamic-cricket-batter-poised-to-strike-ball-action-stylized-illustration-swinging-bat-vivid-colors-lines-405702534.jpg,5,7,0
dynamic-cricket-batter-poised-to-strike-ball-action-stylized-illustration-swinging-bat-vivid-colors-lines-405702534.jpg,5,8,0
dynamic-cricket-batter-poised-to-strike-ball-action-stylized-illustration-swinging-bat-vivid-colors-lines-405702534.jpg,6,1,0
dynamic-cricket-batter-poised-to-strike-ball-action-stylized-illustration-swinging-bat-vivid-colors-lines-405702534.jpg,6,2,0
dynamic-cricket-batter-poised-to-strike-ball-action-stylized-illustration-swinging-bat-vivid-colors-lines-405702534.jpg,6,3,0
dynamic-cricket-batter-poised-to-strike-ball-action-stylized-illustration-swinging-bat-vivid-colors-lines-405702534.jpg,6,4,0
dynamic-cricket-batter-poised-to-strike-ball-action-stylized-illustration-swinging-bat-vivid-colors-lines-405702534.jpg,6,5,0
dynamic-cricket-batter-poised-to-strike-ball-action-stylized-illustration-swinging-bat-vivid-colors-lines-405702534.jpg,6,6,3
dynamic-cricket-batter-poised-to-strike-ball-action-stylized-illustration-swinging-bat-vivid-colors-lines-405702534.jpg,6,7,0
dynamic-cricket-batter-poised-to-strike-ball-action-stylized-illustration-swinging-bat-vivid-colors-lines-405702534.jpg,6,8,0
dynamic-cricket-batter-poised-to-strike-ball-action-stylized-illustration-swinging-bat-vivid-colors-lines-405702534.jpg,7,1,0
dynamic-cricket-batter-poised-to-strike-ball-action-stylized-illustration-swinging-bat-vivid-colors-lines-405702534.jpg,7,2,0
dynamic-cricket-batter-poised-to-strike-ball-action-stylized-illustration-swinging-bat-vivid-colors-lines-405702534.jpg,7,3,0
dynamic-cricket-batter-poised-to-strike-ball-action-stylized-illustration-swinging-bat-vivid-colors-lines-405702534.jpg,7,4,0
dynamic-cricket-batter-poised-to-strike-ball-action-stylized-illustration-swinging-bat-vivid-colors-lines-405702534.jpg,7,5,0
dynamic-cricket-batter-poised-to-strike-ball-action-stylized-illustration-swinging-bat-vivid-colors-lines-405702534.jpg,7,6,3
dynamic-cricket-batter-poised-to-strike-ball-action-stylized-illustration-swinging-bat-vivid-colors-lines-405702534.jpg,7,7,0
dynamic-cricket-batter-poised-to-strike-ball-action-stylized-illustration-swinging-bat-vivid-colors-lines-405702534.jpg,7,8,0
dynamic-cricket-batter-poised-to-strike-ball-action-stylized-illustration-swinging-bat-vivid-colors-lines-405702534.jpg,8,1,0
dynamic-cricket-batter-poised-to-strike-ball-action-stylized-illustration-swinging-bat-vivid-colors-lines-405702534.jpg,8,2,0
dynamic-cricket-batter-poised-to-strike-ball-action-stylized-illustration-swinging-bat-vivid-colors-lines-405702534.jpg,8,3,0
dynamic-cricket-batter-poised-to-strike-ball-action-stylized-illustration-swinging-bat-vivid-colors-lines-405702534.jpg,8,4,0
dynamic-cricket-batter-poised-to-strike-ball-action-stylized-illustration-swinging-bat-vivid-colors-lines-405702534.jpg,8,5,0
dynamic-cricket-batter-poised-to-strike-ball-action-stylized-illustration-swinging-bat-vivid-colors-lines-405702534.jpg,8,6,3
dynamic-cricket-batter-poised-to-strike-ball-action-stylized-illustration-swinging-bat-vivid-colors-lines-405702534.jpg,8,7,0
dynamic-cricket-batter-poised-to-strike-ball-action-stylized-illustration-swinging-bat-vivid-colors-lines-405702534.jpg,8,8,0
e0175430-c46d-11f0-a55b-1113c6c4401b.jpg,1,1,0
e0175430-c46d-11f0-a55b-1113c6c4401b.jpg,1,2,0
e0175430-c46d-11f0-a55b-1113c6c4401b.jpg,1,3,0
e0175430-c46d-11f0-a55b-1113c6c4401b.jpg,1,4,0
e0175430-c46d-11f0-a55b-1113c6c4401b.jpg,1,5,0
e0175430-c46d-11f0-a55b-1113c6c4401b.jpg,1,6,0
e0175430-c46d-11f0-a55b-1113c6c4401b.jpg,1,7,0
e0175430-c46d-11f0-a55b-1113c6c4401b.jpg,1,8,0
e0175430-c46d-11f0-a55b-1113c6c4401b.jpg,2,1,0
e0175430-c46d-11f0-a55b-1113c6c4401b.jpg,2,2,0
e0175430-c46d-11f0-a55b-1113c6c4401b.jpg,2,3,0
e0175430-c46d-11f0-a55b-1113c6c4401b.jpg,2,4,0
e0175430-c46d-11f0-a55b-1113c6c4401b.jpg,2,5,0
e0175430-c46d-11f0-a55b-1113c6c4401b.jpg,2,6,0
e0175430-c46d-11f0-a55b-1113c6c4401b.jpg,2,7,0
e0175430-c46d-11f0-a55b-1113c6c4401b.jpg,2,8,0
e0175430-c46d-11f0-a55b-1113c6c4401b.jpg,3,1,0
e0175430-c46d-11f0-a55b-1113c6c4401b.jpg,3,2,0
e0175430-c46d-11f0-a55b-1113c6c4401b.jpg,3,3,0
e0175430-c46d-11f0-a55b-1113c6c4401b.jpg,3,4,0
e0175430-c46d-11f0-a55b-1113c6c4401b.jpg,3,5,0
e0175430-c46d-11f0-a55b-1113c6c4401b.jpg,3,6,0
e0175430-c46d-11f0-a55b-1113c6c4401b.jpg,3,7,0
e0175430-c46d-11f0-a55b-1113c6c4401b.jpg,3,8,0
e0175430-c46d-11f0-a55b-1113c6c4401b.jpg,4,1,0
e0175430-c46d-11f0-a55b-1113c6c4401b.jpg,4,2,0
e0175430-c46d-11f0-a55b-1113c6c4401b.jpg,4,3,0
e0175430-c46d-11f0-a55b-1113c6c4401b.jpg,4,4,0
e0175430-c46d-11f0-a55b-1113c6c4401b.jpg,4,5,0
e0175430-c46d-11f0-a55b-1113c6c4401b.jpg,4,6,0
e0175430-c46d-11f0-a55b-1113c6c4401b.jpg,4,7,0
e0175430-c46d-11f0-a55b-1113c6c4401b.jpg,4,8,0
e0175430-c46d-11f0-a55b-1113c6c4401b.jpg,5,1,0
e0175430-c46d-11f0-a55b-1113c6c4401b.jpg,5,2,0
e0175430-c46d-11f0-a55b-1113c6c4401b.jpg,5,3,0
e0175430-c46d-11f0-a55b-1113c6c4401b.jpg,5,4,0
e0175430-c46d-11f0-a55b-1113c6c4401b.jpg,5,5,0
e0175430-c46d-11f0-a55b-1113c6c4401b.jpg,5,6,0
e0175430-c46d-11f0-a55b-1113c6c4401b.jpg,5,7,0
e0175430-c46d-11f0-a55b-1113c6c4401b.jpg,5,8,0
e0175430-c46d-11f0-a55b-1113c6c4401b.jpg,6,1,0
e0175430-c46d-11f0-a55b-1113c6c4401b.jpg,6,2,0
e0175430-c46d-11f0-a55b-1113c6c4401b.jpg,6,3,0
e0175430-c46d-11f0-a55b-1113c6c4401b.jpg,6,4,0
e0175430-c46d-11f0-a55b-1113c6c4401b.jpg,6,5,0
e0175430-c46d-11f0-a55b-1113c6c4401b.jpg,6,6,0
e0175430-c46d-11f0-a55b-1113c6c4401b.jpg,6,7,0
e0175430-c46d-11f0-a55b-1113c6c4401b.jpg,6,8,0
e0175430-c46d-11f0-a55b-1113c6c4401b.jpg,7,1,0
e0175430-c46d-11f0-a55b-1113c6c4401b.jpg,7,2,0
e0175430-c46d-11f0-a55b-1113c6c4401b.jpg,7,3,0
e0175430-c46d-11f0-a55b-1113c6c4401b.jpg,7,4,0
e0175430-c46d-11f0-a55b-1113c6c4401b.jpg,7,5,0
e0175430-c46d-11f0-a55b-1113c6c4401b.jpg,7,6,0
e0175430-c46d-11f0-a55b-1113c6c4401b.jpg,7,7,0
e0175430-c46d-11f0-a55b-1113c6c4401b.jpg,7,8,0
e0175430-c46d-11f0-a55b-1113c6c4401b.jpg,8,1,0
e0175430-c46d-11f0-a55b-1113c6c4401b.jpg,8,2,0
e0175430-c46d-11f0-a55b-1113c6c4401b.jpg,8,3,0
e0175430-c46d-11f0-a55b-1113c6c4401b.jpg,8,4,0
e0175430-c46d-11f0-a55b-1113c6c4401b.jpg,8,5,0
e0175430-c46d-11f0-a55b-1113c6c4401b.jpg,8,6,0
e0175430-c46d-11f0-a55b-1113c6c4401b.jpg,8,7,0
e0175430-c46d-11f0-a55b-1113c6c4401b.jpg,8,8,0
E80AE9F40CA8ED9192D2FD0CD7_1716625293114.jpg,1,1,0
E80AE9F40CA8ED9192D2FD0CD7_1716625293114.jpg,1,2,0
E80AE9F40CA8ED9192D2FD0CD7_1716625293114.jpg,1,3,3
E80AE9F40CA8ED9192D2FD0CD7_1716625293114.jpg,1,4,3
E80AE9F40CA8ED9192D2FD0CD7_1716625293114.jpg,1,5,3
E80AE9F40CA8ED9192D2FD0CD7_1716625293114.jpg,1,6,3
E80AE9F40CA8ED9192D2FD0CD7_1716625293114.jpg,1,7,0
E80AE9F40CA8ED9192D2FD0CD7_1716625293114.jpg,1,8,0
E80AE9F40CA8ED9192D2FD0CD7_1716625293114.jpg,2,1,0
E80AE9F40CA8ED9192D2FD0CD7_1716625293114.jpg,2,2,0
E80AE9F40CA8ED9192D2FD0CD7_1716625293114.jpg,2,3,3
E80AE9F40CA8ED9192D2FD0CD7_1716625293114.jpg,2,4,3
E80AE9F40CA8ED9192D2FD0CD7_1716625293114.jpg,2,5,3
E80AE9F40CA8ED9192D2FD0CD7_1716625293114.jpg,2,6,3
E80AE9F40CA8ED9192D2FD0CD7_1716625293114.jpg,2,7,0
E80AE9F40CA8ED9192D2FD0CD7_1716625293114.jpg,2,8,0
E80AE9F40CA8ED9192D2FD0CD7_1716625293114.jpg,3,1,0
E80AE9F40CA8ED9192D2FD0CD7_1716625293114.jpg,3,2,0
E80AE9F40CA8ED9192D2FD0CD7_1716625293114.jpg,3,3,3
E80AE9F40CA8ED9192D2FD0CD7_1716625293114.jpg,3,4,3
E80AE9F40CA8ED9192D2FD0CD7_1716625293114.jpg,3,5,3
E80AE9F40CA8ED9192D2FD0CD7_1716625293114.jpg,3,6,3
E80AE9F40CA8ED9192D2FD0CD7_1716625293114.jpg,3,7,0
E80AE9F40CA8ED9192D2FD0CD7_1716625293114.jpg,3,8,0
E80AE9F40CA8ED9192D2FD0CD7_1716625293114.jpg,4,1,0
E80AE9F40CA8ED9192D2FD0CD7_1716625293114.jpg,4,2,0
E80AE9F40CA8ED9192D2FD0CD7_1716625293114.jpg,4,3,0
E80AE9F40CA8ED9192D2FD0CD7_1716625293114.jpg,4,4,3
E80AE9F40CA8ED9192D2FD0CD7_1716625293114.jpg,4,5,0
E80AE9F40CA8ED9192D2FD0CD7_1716625293114.jpg,4,6,0
E80AE9F40CA8ED9192D2FD0CD7_1716625293114.jpg,4,7,0
E80AE9F40CA8ED9192D2FD0CD7_1716625293114.jpg,4,8,0
E80AE9F40CA8ED9192D2FD0CD7_1716625293114.jpg,5,1,0
E80AE9F40CA8ED9192D2FD0CD7_1716625293114.jpg,5,2,0
E80AE9F40CA8ED9192D2FD0CD7_1716625293114.jpg,5,3,0
E80AE9F40CA8ED9192D2FD0CD7_1716625293114.jpg,5,4,3
E80AE9F40CA8ED9192D2FD0CD7_1716625293114.jpg,5,5,3
E80AE9F40CA8ED9192D2FD0CD7_1716625293114.jpg,5,6,3
E80AE9F40CA8ED9192D2FD0CD7_1716625293114.jpg,5,7,0
E80AE9F40CA8ED9192D2FD0CD7_1716625293114.jpg,5,8,0
E80AE9F40CA8ED9192D2FD0CD7_1716625293114.jpg,6,1,0
E80AE9F40CA8ED9192D2FD0CD7_1716625293114.jpg,6,2,0
E80AE9F40CA8ED9192D2FD0CD7_1716625293114.jpg,6,3,0
E80AE9F40CA8ED9192D2FD0CD7_1716625293114.jpg,6,4,3
E80AE9F40CA8ED9192D2FD0CD7_1716625293114.jpg,6,5,3
E80AE9F40CA8ED9192D2FD0CD7_1716625293114.jpg,6,6,3
E80AE9F40CA8ED9192D2FD0CD7_1716625293114.jpg,6,7,0
E80AE9F40CA8ED9192D2FD0CD7_1716625293114.jpg,6,8,0
E80AE9F40CA8ED9192D2FD0CD7_1716625293114.jpg,7,1,0
E80AE9F40CA8ED9192D2FD0CD7_1716625293114.jpg,7,2,0
E80AE9F40CA8ED9192D2FD0CD7_1716625293114.jpg,7,3,0
E80AE9F40CA8ED9192D2FD0CD7_1716625293114.jpg,7,4,3
E80AE9F40CA8ED9192D2FD0CD7_1716625293114.jpg,7,5,3
E80AE9F40CA8ED9192D2FD0CD7_1716625293114.jpg,7,6,3
E80AE9F40CA8ED9192D2FD0CD7_1716625293114.jpg,7,7,0
E80AE9F40CA8ED9192D2FD0CD7_1716625293114.jpg,7,8,0
E80AE9F40CA8ED9192D2FD0CD7_1716625293114.jpg,8,1,0
E80AE9F40CA8ED9192D2FD0CD7_1716625293114.jpg,8,2,0
E80AE9F40CA8ED9192D2FD0CD7_1716625293114.jpg,8,3,0
E80AE9F40CA8ED9192D2FD0CD7_1716625293114.jpg,8,4,0
E80AE9F40CA8ED9192D2FD0CD7_1716625293114.jpg,8,5,0
E80AE9F40CA8ED9192D2FD0CD7_1716625293114.jpg,8,6,0
E80AE9F40CA8ED9192D2FD0CD7_1716625293114.jpg,8,7,0
E80AE9F40CA8ED9192D2FD0CD7_1716625293114.jpg,8,8,0
G-Ajitesh.jpg,1,1,0
G-Ajitesh.jpg,1,2,0
G-Ajitesh.jpg,1,3,0
G-Ajitesh.jpg,1,4,0
G-Ajitesh.jpg,1,5,2
G-Ajitesh.jpg,1,6,2
G-Ajitesh.jpg,1,7,0
G-Ajitesh.jpg,1,8,0
G-Ajitesh.jpg,2,1,0
G-Ajitesh.jpg,2,2,0
G-Ajitesh.jpg,2,3,0
G-Ajitesh.jpg,2,4,0
G-Ajitesh.jpg,2,5,2
G-Ajitesh.jpg,2,6,2
G-Ajitesh.jpg,2,7,0
G-Ajitesh.jpg,2,8,0
G-Ajitesh.jpg,3,1,0
G-Ajitesh.jpg,3,2,0
G-Ajitesh.jpg,3,3,0
G-Ajitesh.jpg,3,4,2
G-Ajitesh.jpg,3,5,0
G-Ajitesh.jpg,3,6,2
G-Ajitesh.jpg,3,7,0
G-Ajitesh.jpg,3,8,0
G-Ajitesh.jpg,4,1,0
G-Ajitesh.jpg,4,2,0
G-Ajitesh.jpg,4,3,0
G-Ajitesh.jpg,4,4,0
G-Ajitesh.jpg,4,5,0
G-Ajitesh.jpg,4,6,2
G-Ajitesh.jpg,4,7,0
G-Ajitesh.jpg,4,8,0
G-Ajitesh.jpg,5,1,0
G-Ajitesh.jpg,5,2,0
G-Ajitesh.jpg,5,3,0
G-Ajitesh.jpg,5,4,0
G-Ajitesh.jpg,5,5,0
G-Ajitesh.jpg,5,6,0
G-Ajitesh.jpg,5,7,0
G-Ajitesh.jpg,5,8,0
G-Ajitesh.jpg,6,1,0
G-Ajitesh.jpg,6,2,3
G-Ajitesh.jpg,6,3,0
G-Ajitesh.jpg,6,4,0
G-Ajitesh.jpg,6,5,0
G-Ajitesh.jpg,6,6,0
G-Ajitesh.jpg,6,7,0
G-Ajitesh.jpg,6,8,0
G-Ajitesh.jpg,7,1,0
G-Ajitesh.jpg,7,2,3
G-Ajitesh.jpg,7,3,0
G-Ajitesh.jpg,7,4,0
G-Ajitesh.jpg,7,5,0
G-Ajitesh.jpg,7,6,0
G-Ajitesh.jpg,7,7,0
G-Ajitesh.jpg,7,8,0
G-Ajitesh.jpg,8,1,0
G-Ajitesh.jpg,8,2,3
G-Ajitesh.jpg,8,3,0
G-Ajitesh.jpg,8,4,0
G-Ajitesh.jpg,8,5,0
G-Ajitesh.jpg,8,6,0
G-Ajitesh.jpg,8,7,0
G-Ajitesh.jpg,8,8,0
G4xYtCWbsAAoxYR.jpg,1,1,0
G4xYtCWbsAAoxYR.jpg,1,2,0
G4xYtCWbsAAoxYR.jpg,1,3,0
G4xYtCWbsAAoxYR.jpg,1,4,0
G4xYtCWbsAAoxYR.jpg,1,5,0
G4xYtCWbsAAoxYR.jpg,1,6,0
G4xYtCWbsAAoxYR.jpg,1,7,0
G4xYtCWbsAAoxYR.jpg,1,8,0
G4xYtCWbsAAoxYR.jpg,2,1,0
G4xYtCWbsAAoxYR.jpg,2,2,0
G4xYtCWbsAAoxYR.jpg,2,3,0
G4xYtCWbsAAoxYR.jpg,2,4,0
G4xYtCWbsAAoxYR.jpg,2,5,0
G4xYtCWbsAAoxYR.jpg,2,6,1
G4xYtCWbsAAoxYR.jpg,2,7,0
G4xYtCWbsAAoxYR.jpg,2,8,1
G4xYtCWbsAAoxYR.jpg,3,1,0
G4xYtCWbsAAoxYR.jpg,3,2,0
G4xYtCWbsAAoxYR.jpg,3,3,0
G4xYtCWbsAAoxYR.jpg,3,4,0
G4xYtCWbsAAoxYR.jpg,3,5,2
G4xYtCWbsAAoxYR.jpg,3,6,0
G4xYtCWbsAAoxYR.jpg,3,7,0
G4xYtCWbsAAoxYR.jpg,3,8,0
G4xYtCWbsAAoxYR.jpg,4,1,0
G4xYtCWbsAAoxYR.jpg,4,2,0
G4xYtCWbsAAoxYR.jpg,4,3,0
G4xYtCWbsAAoxYR.jpg,4,4,0
G4xYtCWbsAAoxYR.jpg,4,5,2
G4xYtCWbsAAoxYR.jpg,4,6,0
G4xYtCWbsAAoxYR.jpg,4,7,0
G4xYtCWbsAAoxYR.jpg,4,8,0
G4xYtCWbsAAoxYR.jpg,5,1,0
G4xYtCWbsAAoxYR.jpg,5,2,0
G4xYtCWbsAAoxYR.jpg,5,3,0
G4xYtCWbsAAoxYR.jpg,5,4,0
G4xYtCWbsAAoxYR.jpg,5,5,2
G4xYtCWbsAAoxYR.jpg,5,6,0
G4xYtCWbsAAoxYR.jpg,5,7,0
G4xYtCWbsAAoxYR.jpg,5,8,0
G4xYtCWbsAAoxYR.jpg,6,1,0
G4xYtCWbsAAoxYR.jpg,6,2,0
G4xYtCWbsAAoxYR.jpg,6,3,0
G4xYtCWbsAAoxYR.jpg,6,4,3
G4xYtCWbsAAoxYR.jpg,6,5,0
G4xYtCWbsAAoxYR.jpg,6,6,0
G4xYtCWbsAAoxYR.jpg,6,7,0
G4xYtCWbsAAoxYR.jpg,6,8,0
G4xYtCWbsAAoxYR.jpg,7,1,0
G4xYtCWbsAAoxYR.jpg,7,2,0
G4xYtCWbsAAoxYR.jpg,7,3,0
G4xYtCWbsAAoxYR.jpg,7,4,3
G4xYtCWbsAAoxYR.jpg,7,5,0
G4xYtCWbsAAoxYR.jpg,7,6,0
G4xYtCWbsAAoxYR.jpg,7,7,0
G4xYtCWbsAAoxYR.jpg,7,8,0
G4xYtCWbsAAoxYR.jpg,8,1,0
G4xYtCWbsAAoxYR.jpg,8,2,0
G4xYtCWbsAAoxYR.jpg,8,3,0
G4xYtCWbsAAoxYR.jpg,8,4,3
G4xYtCWbsAAoxYR.jpg,8,5,0
G4xYtCWbsAAoxYR.jpg,8,6,0
G4xYtCWbsAAoxYR.jpg,8,7,0
G4xYtCWbsAAoxYR.jpg,8,8,0
G5xnsflbUAAgQRO.jpg,1,1,0
G5xnsflbUAAgQRO.jpg,1,2,0
G5xnsflbUAAgQRO.jpg,1,3,1
G5xnsflbUAAgQRO.jpg,1,4,2
G5xnsflbUAAgQRO.jpg,1,5,2
G5xnsflbUAAgQRO.jpg,1,6,0
G5xnsflbUAAgQRO.jpg,1,7,0
G5xnsflbUAAgQRO.jpg,1,8,0
G5xnsflbUAAgQRO.jpg,2,1,0
G5xnsflbUAAgQRO.jpg,2,2,0
G5xnsflbUAAgQRO.jpg,2,3,0
G5xnsflbUAAgQRO.jpg,2,4,2
G5xnsflbUAAgQRO.jpg,2,5,2
G5xnsflbUAAgQRO.jpg,2,6,0
G5xnsflbUAAgQRO.jpg,2,7,0
G5xnsflbUAAgQRO.jpg,2,8,0
G5xnsflbUAAgQRO.jpg,3,1,0
G5xnsflbUAAgQRO.jpg,3,2,0
G5xnsflbUAAgQRO.jpg,3,3,0
G5xnsflbUAAgQRO.jpg,3,4,0
G5xnsflbUAAgQRO.jpg,3,5,0
G5xnsflbUAAgQRO.jpg,3,6,0
G5xnsflbUAAgQRO.jpg,3,7,0
G5xnsflbUAAgQRO.jpg,3,8,0
G5xnsflbUAAgQRO.jpg,4,1,0
G5xnsflbUAAgQRO.jpg,4,2,0
G5xnsflbUAAgQRO.jpg,4,3,0
G5xnsflbUAAgQRO.jpg,4,4,0
G5xnsflbUAAgQRO.jpg,4,5,0
G5xnsflbUAAgQRO.jpg,4,6,0
G5xnsflbUAAgQRO.jpg,4,7,0
G5xnsflbUAAgQRO.jpg,4,8,0
G5xnsflbUAAgQRO.jpg,5,1,0
G5xnsflbUAAgQRO.jpg,5,2,0
G5xnsflbUAAgQRO.jpg,5,3,0
G5xnsflbUAAgQRO.jpg,5,4,3
G5xnsflbUAAgQRO.jpg,5,5,0
G5xnsflbUAAgQRO.jpg,5,6,0
G5xnsflbUAAgQRO.jpg,5,7,0
G5xnsflbUAAgQRO.jpg,5,8,0
G5xnsflbUAAgQRO.jpg,6,1,0
G5xnsflbUAAgQRO.jpg,6,2,0
G5xnsflbUAAgQRO.jpg,6,3,0
G5xnsflbUAAgQRO.jpg,6,4,3
G5xnsflbUAAgQRO.jpg,6,5,0
G5xnsflbUAAgQRO.jpg,6,6,0
G5xnsflbUAAgQRO.jpg,6,7,0
G5xnsflbUAAgQRO.jpg,6,8,0
G5xnsflbUAAgQRO.jpg,7,1,0
G5xnsflbUAAgQRO.jpg,7,2,0
G5xnsflbUAAgQRO.jpg,7,3,0
G5xnsflbUAAgQRO.jpg,7,4,3
G5xnsflbUAAgQRO.jpg,7,5,0
G5xnsflbUAAgQRO.jpg,7,6,0
G5xnsflbUAAgQRO.jpg,7,7,0
G5xnsflbUAAgQRO.jpg,7,8,0
G5xnsflbUAAgQRO.jpg,8,1,0
G5xnsflbUAAgQRO.jpg,8,2,0
G5xnsflbUAAgQRO.jpg,8,3,0
G5xnsflbUAAgQRO.jpg,8,4,3
G5xnsflbUAAgQRO.jpg,8,5,0
G5xnsflbUAAgQRO.jpg,8,6,0
G5xnsflbUAAgQRO.jpg,8,7,0
G5xnsflbUAAgQRO.jpg,8,8,0
grains_800x.jpg,1,1,0
grains_800x.jpg,1,2,0
grains_800x.jpg,1,3,0
grains_800x.jpg,1,4,0
grains_800x.jpg,1,5,2
grains_800x.jpg,1,6,2
grains_800x.jpg,1,7,2
grains_800x.jpg,1,8,0
grains_800x.jpg,2,1,0
grains_800x.jpg,2,2,0
grains_800x.jpg,2,3,0
grains_800x.jpg,2,4,2
grains_800x.jpg,2,5,2
grains_800x.jpg,2,6,2
grains_800x.jpg,2,7,0
grains_800x.jpg,2,8,0
grains_800x.jpg,3,1,0
grains_800x.jpg,3,2,0
grains_800x.jpg,3,3,0
grains_800x.jpg,3,4,2
grains_800x.jpg,3,5,2
grains_800x.jpg,3,6,2
grains_800x.jpg,3,7,0
grains_800x.jpg,3,8,0
grains_800x.jpg,4,1,0
grains_800x.jpg,4,2,0
grains_800x.jpg,4,3,0
grains_800x.jpg,4,4,2
grains_800x.jpg,4,5,2
grains_800x.jpg,4,6,2
grains_800x.jpg,4,7,0
grains_800x.jpg,4,8,0
grains_800x.jpg,5,1,0
grains_800x.jpg,5,2,0
grains_800x.jpg,5,3,2
grains_800x.jpg,5,4,2
grains_800x.jpg,5,5,2
grains_800x.jpg,5,6,0
grains_800x.jpg,5,7,0
grains_800x.jpg,5,8,0
grains_800x.jpg,6,1,0
grains_800x.jpg,6,2,0
grains_800x.jpg,6,3,2
grains_800x.jpg,6,4,2
grains_800x.jpg,6,5,2
grains_800x.jpg,6,6,0
grains_800x.jpg,6,7,0
grains_800x.jpg,6,8,0
grains_800x.jpg,7,1,0
grains_800x.jpg,7,2,0
grains_800x.jpg,7,3,2
grains_800x.jpg,7,4,2
grains_800x.jpg,7,5,2
grains_800x.jpg,7,6,0
grains_800x.jpg,7,7,0
grains_800x.jpg,7,8,0
grains_800x.jpg,8,1,0
grains_800x.jpg,8,2,2
grains_800x.jpg,8,3,2
grains_800x.jpg,8,4,2
grains_800x.jpg,8,5,0
grains_800x.jpg,8,6,0
grains_800x.jpg,8,7,0
grains_800x.jpg,8,8,0
GtKiA-WaUAAGvve.jpg,1,1,0
GtKiA-WaUAAGvve.jpg,1,2,0
GtKiA-WaUAAGvve.jpg,1,3,0
GtKiA-WaUAAGvve.jpg,1,4,0
GtKiA-WaUAAGvve.jpg,1,5,0
GtKiA-WaUAAGvve.jpg,1,6,0
GtKiA-WaUAAGvve.jpg,1,7,0
GtKiA-WaUAAGvve.jpg,1,8,0
GtKiA-WaUAAGvve.jpg,2,1,0
GtKiA-WaUAAGvve.jpg,2,2,0
GtKiA-WaUAAGvve.jpg,2,3,0
GtKiA-WaUAAGvve.jpg,2,4,0
GtKiA-WaUAAGvve.jpg,2,5,0
GtKiA-WaUAAGvve.jpg,2,6,0
GtKiA-WaUAAGvve.jpg,2,7,0
GtKiA-WaUAAGvve.jpg,2,8,0
GtKiA-WaUAAGvve.jpg,3,1,0
GtKiA-WaUAAGvve.jpg,3,2,0
GtKiA-WaUAAGvve.jpg,3,3,0
GtKiA-WaUAAGvve.jpg,3,4,0
GtKiA-WaUAAGvve.jpg,3,5,0
GtKiA-WaUAAGvve.jpg,3,6,0
GtKiA-WaUAAGvve.jpg,3,7,0
GtKiA-WaUAAGvve.jpg,3,8,0
GtKiA-WaUAAGvve.jpg,4,1,0
GtKiA-WaUAAGvve.jpg,4,2,0
GtKiA-WaUAAGvve.jpg,4,3,0
GtKiA-WaUAAGvve.jpg,4,4,0
GtKiA-WaUAAGvve.jpg,4,5,0
GtKiA-WaUAAGvve.jpg,4,6,0
GtKiA-WaUAAGvve.jpg,4,7,0
GtKiA-WaUAAGvve.jpg,4,8,0
GtKiA-WaUAAGvve.jpg,5,1,0
GtKiA-WaUAAGvve.jpg,5,2,0
GtKiA-WaUAAGvve.jpg,5,3,0
GtKiA-WaUAAGvve.jpg,5,4,0
GtKiA-WaUAAGvve.jpg,5,5,0
GtKiA-WaUAAGvve.jpg,5,6,0
GtKiA-WaUAAGvve.jpg,5,7,0
GtKiA-WaUAAGvve.jpg,5,8,0
GtKiA-WaUAAGvve.jpg,6,1,0
GtKiA-WaUAAGvve.jpg,6,2,0
GtKiA-WaUAAGvve.jpg,6,3,3
GtKiA-WaUAAGvve.jpg,6,4,0
GtKiA-WaUAAGvve.jpg,6,5,0
GtKiA-WaUAAGvve.jpg,6,6,0
GtKiA-WaUAAGvve.jpg,6,7,0
GtKiA-WaUAAGvve.jpg,6,8,0
GtKiA-WaUAAGvve.jpg,7,1,0
GtKiA-WaUAAGvve.jpg,7,2,0
GtKiA-WaUAAGvve.jpg,7,3,3
GtKiA-WaUAAGvve.jpg,7,4,0
GtKiA-WaUAAGvve.jpg,7,5,0
GtKiA-WaUAAGvve.jpg,7,6,0
GtKiA-WaUAAGvve.jpg,7,7,0
GtKiA-WaUAAGvve.jpg,7,8,0
GtKiA-WaUAAGvve.jpg,8,1,0
GtKiA-WaUAAGvve.jpg,8,2,0
GtKiA-WaUAAGvve.jpg,8,3,3
GtKiA-WaUAAGvve.jpg,8,4,0
GtKiA-WaUAAGvve.jpg,8,5,0
GtKiA-WaUAAGvve.jpg,8,6,0
GtKiA-WaUAAGvve.jpg,8,7,0
GtKiA-WaUAAGvve.jpg,8,8,0
gtn-natural-willow-wood-single-blade-cricket-tennis-bat-product-images-orvraor9tw1-p603031029-0-202307101639.jpg,1,1,2
gtn-natural-willow-wood-single-blade-cricket-tennis-bat-product-images-orvraor9tw1-p603031029-0-202307101639.jpg,1,2,2
gtn-natural-willow-wood-single-blade-cricket-tennis-bat-product-images-orvraor9tw1-p603031029-0-202307101639.jpg,1,3,0
gtn-natural-willow-wood-single-blade-cricket-tennis-bat-product-images-orvraor9tw1-p603031029-0-202307101639.jpg,1,4,2
gtn-natural-willow-wood-single-blade-cricket-tennis-bat-product-images-orvraor9tw1-p603031029-0-202307101639.jpg,1,5,2
gtn-natural-willow-wood-single-blade-cricket-tennis-bat-product-images-orvraor9tw1-p603031029-0-202307101639.jpg,1,6,0
gtn-natural-willow-wood-single-blade-cricket-tennis-bat-product-images-orvraor9tw1-p603031029-0-202307101639.jpg,1,7,0
gtn-natural-willow-wood-single-blade-cricket-tennis-bat-product-images-orvraor9tw1-p603031029-0-202307101639.jpg,1,8,2
gtn-natural-willow-wood-single-blade-cricket-tennis-bat-product-images-orvraor9tw1-p603031029-0-202307101639.jpg,2,1,2
gtn-natural-willow-wood-single-blade-cricket-tennis-bat-product-images-orvraor9tw1-p603031029-0-202307101639.jpg,2,2,2
gtn-natural-willow-wood-single-blade-cricket-tennis-bat-product-images-orvraor9tw1-p603031029-0-202307101639.jpg,2,3,0
gtn-natural-willow-wood-single-blade-cricket-tennis-bat-product-images-orvraor9tw1-p603031029-0-202307101639.jpg,2,4,2
gtn-natural-willow-wood-single-blade-cricket-tennis-bat-product-images-orvraor9tw1-p603031029-0-202307101639.jpg,2,5,2
gtn-natural-willow-wood-single-blade-cricket-tennis-bat-product-images-orvraor9tw1-p603031029-0-202307101639.jpg,2,6,0
gtn-natural-willow-wood-single-blade-cricket-tennis-bat-product-images-orvraor9tw1-p603031029-0-202307101639.jpg,2,7,2
gtn-natural-willow-wood-single-blade-cricket-tennis-bat-product-images-orvraor9tw1-p603031029-0-202307101639.jpg,2,8,2
gtn-natural-willow-wood-single-blade-cricket-tennis-bat-product-images-orvraor9tw1-p603031029-0-202307101639.jpg,3,1,2
gtn-natural-willow-wood-single-blade-cricket-tennis-bat-product-images-orvraor9tw1-p603031029-0-202307101639.jpg,3,2,2
gtn-natural-willow-wood-single-blade-cricket-tennis-bat-product-images-orvraor9tw1-p603031029-0-202307101639.jpg,3,3,0
gtn-natural-willow-wood-single-blade-cricket-tennis-bat-product-images-orvraor9tw1-p603031029-0-202307101639.jpg,3,4,2
gtn-natural-willow-wood-single-blade-cricket-tennis-bat-product-images-orvraor9tw1-p603031029-0-202307101639.jpg,3,5,2
gtn-natural-willow-wood-single-blade-cricket-tennis-bat-product-images-orvraor9tw1-p603031029-0-202307101639.jpg,3,6,0
gtn-natural-willow-wood-single-blade-cricket-tennis-bat-product-images-orvraor9tw1-p603031029-0-202307101639.jpg,3,7,2
gtn-natural-willow-wood-single-blade-cricket-tennis-bat-product-images-orvraor9tw1-p603031029-0-202307101639.jpg,3,8,2
gtn-natural-willow-wood-single-blade-cricket-tennis-bat-product-images-orvraor9tw1-p603031029-0-202307101639.jpg,4,1,2
gtn-natural-willow-wood-single-blade-cricket-tennis-bat-product-images-orvraor9tw1-p603031029-0-202307101639.jpg,4,2,2
gtn-natural-willow-wood-single-blade-cricket-tennis-bat-product-images-orvraor9tw1-p603031029-0-202307101639.jpg,4,3,0
gtn-natural-willow-wood-single-blade-cricket-tennis-bat-product-images-orvraor9tw1-p603031029-0-202307101639.jpg,4,4,2
gtn-natural-willow-wood-single-blade-cricket-tennis-bat-product-images-orvraor9tw1-p603031029-0-202307101639.jpg,4,5,2
gtn-natural-willow-wood-single-blade-cricket-tennis-bat-product-images-orvraor9tw1-p603031029-0-202307101639.jpg,4,6,0
gtn-natural-willow-wood-single-blade-cricket-tennis-bat-product-images-orvraor9tw1-p603031029-0-202307101639.jpg,4,7,2
gtn-natural-willow-wood-single-blade-cricket-tennis-bat-product-images-orvraor9tw1-p603031029-0-202307101639.jpg,4,8,2
gtn-natural-willow-wood-single-blade-cricket-tennis-bat-product-images-orvraor9tw1-p603031029-0-202307101639.jpg,5,1,2
gtn-natural-willow-wood-single-blade-cricket-tennis-bat-product-images-orvraor9tw1-p603031029-0-202307101639.jpg,5,2,2
gtn-natural-willow-wood-single-blade-cricket-tennis-bat-product-images-orvraor9tw1-p603031029-0-202307101639.jpg,5,3,0
gtn-natural-willow-wood-single-blade-cricket-tennis-bat-product-images-orvraor9tw1-p603031029-0-202307101639.jpg,5,4,2
gtn-natural-willow-wood-single-blade-cricket-tennis-bat-product-images-orvraor9tw1-p603031029-0-202307101639.jpg,5,5,2
gtn-natural-willow-wood-single-blade-cricket-tennis-bat-product-images-orvraor9tw1-p603031029-0-202307101639.jpg,5,6,0
gtn-natural-willow-wood-single-blade-cricket-tennis-bat-product-images-orvraor9tw1-p603031029-0-202307101639.jpg,5,7,2
gtn-natural-willow-wood-single-blade-cricket-tennis-bat-product-images-orvraor9tw1-p603031029-0-202307101639.jpg,5,8,2
gtn-natural-willow-wood-single-blade-cricket-tennis-bat-product-images-orvraor9tw1-p603031029-0-202307101639.jpg,6,1,2
gtn-natural-willow-wood-single-blade-cricket-tennis-bat-product-images-orvraor9tw1-p603031029-0-202307101639.jpg,6,2,2
gtn-natural-willow-wood-single-blade-cricket-tennis-bat-product-images-orvraor9tw1-p603031029-0-202307101639.jpg,6,3,0
gtn-natural-willow-wood-single-blade-cricket-tennis-bat-product-images-orvraor9tw1-p603031029-0-202307101639.jpg,6,4,2
gtn-natural-willow-wood-single-blade-cricket-tennis-bat-product-images-orvraor9tw1-p603031029-0-202307101639.jpg,6,5,2
gtn-natural-willow-wood-single-blade-cricket-tennis-bat-product-images-orvraor9tw1-p603031029-0-202307101639.jpg,6,6,0
gtn-natural-willow-wood-single-blade-cricket-tennis-bat-product-images-orvraor9tw1-p603031029-0-202307101639.jpg,6,7,2
gtn-natural-willow-wood-single-blade-cricket-tennis-bat-product-images-orvraor9tw1-p603031029-0-202307101639.jpg,6,8,2
gtn-natural-willow-wood-single-blade-cricket-tennis-bat-product-images-orvraor9tw1-p603031029-0-202307101639.jpg,7,1,2
gtn-natural-willow-wood-single-blade-cricket-tennis-bat-product-images-orvraor9tw1-p603031029-0-202307101639.jpg,7,2,2
gtn-natural-willow-wood-single-blade-cricket-tennis-bat-product-images-orvraor9tw1-p603031029-0-202307101639.jpg,7,3,0
gtn-natural-willow-wood-single-blade-cricket-tennis-bat-product-images-orvraor9tw1-p603031029-0-202307101639.jpg,7,4,2
gtn-natural-willow-wood-single-blade-cricket-tennis-bat-product-images-orvraor9tw1-p603031029-0-202307101639.jpg,7,5,2
gtn-natural-willow-wood-single-blade-cricket-tennis-bat-product-images-orvraor9tw1-p603031029-0-202307101639.jpg,7,6,0
gtn-natural-willow-wood-single-blade-cricket-tennis-bat-product-images-orvraor9tw1-p603031029-0-202307101639.jpg,7,7,2
gtn-natural-willow-wood-single-blade-cricket-tennis-bat-product-images-orvraor9tw1-p603031029-0-202307101639.jpg,7,8,2
gtn-natural-willow-wood-single-blade-cricket-tennis-bat-product-images-orvraor9tw1-p603031029-0-202307101639.jpg,8,1,2
gtn-natural-willow-wood-single-blade-cricket-tennis-bat-product-images-orvraor9tw1-p603031029-0-202307101639.jpg,8,2,2
gtn-natural-willow-wood-single-blade-cricket-tennis-bat-product-images-orvraor9tw1-p603031029-0-202307101639.jpg,8,3,0
gtn-natural-willow-wood-single-blade-cricket-tennis-bat-product-images-orvraor9tw1-p603031029-0-202307101639.jpg,8,4,2
gtn-natural-willow-wood-single-blade-cricket-tennis-bat-product-images-orvraor9tw1-p603031029-0-202307101639.jpg,8,5,2
gtn-natural-willow-wood-single-blade-cricket-tennis-bat-product-images-orvraor9tw1-p603031029-0-202307101639.jpg,8,6,0
gtn-natural-willow-wood-single-blade-cricket-tennis-bat-product-images-orvraor9tw1-p603031029-0-202307101639.jpg,8,7,2
gtn-natural-willow-wood-single-blade-cricket-tennis-bat-product-images-orvraor9tw1-p603031029-0-202307101639.jpg,8,8,2
Gu7epg9bEAAd_4N.jpg,1,1,0
Gu7epg9bEAAd_4N.jpg,1,2,0
Gu7epg9bEAAd_4N.jpg,1,3,0
Gu7epg9bEAAd_4N.jpg,1,4,0
Gu7epg9bEAAd_4N.jpg,1,5,0
Gu7epg9bEAAd_4N.jpg,1,6,0
Gu7epg9bEAAd_4N.jpg,1,7,0
Gu7epg9bEAAd_4N.jpg,1,8,0
Gu7epg9bEAAd_4N.jpg,2,1,0
Gu7epg9bEAAd_4N.jpg,2,2,0
Gu7epg9bEAAd_4N.jpg,2,3,0
Gu7epg9bEAAd_4N.jpg,2,4,0
Gu7epg9bEAAd_4N.jpg,2,5,0
Gu7epg9bEAAd_4N.jpg,2,6,0
Gu7epg9bEAAd_4N.jpg,2,7,0
Gu7epg9bEAAd_4N.jpg,2,8,0
Gu7epg9bEAAd_4N.jpg,3,1,0
Gu7epg9bEAAd_4N.jpg,3,2,0
Gu7epg9bEAAd_4N.jpg,3,3,2
Gu7epg9bEAAd_4N.jpg,3,4,0
Gu7epg9bEAAd_4N.jpg,3,5,0
Gu7epg9bEAAd_4N.jpg,3,6,0
Gu7epg9bEAAd_4N.jpg,3,7,0
Gu7epg9bEAAd_4N.jpg,3,8,0
Gu7epg9bEAAd_4N.jpg,4,1,0
Gu7epg9bEAAd_4N.jpg,4,2,2
Gu7epg9bEAAd_4N.jpg,4,3,2
Gu7epg9bEAAd_4N.jpg,4,4,0
Gu7epg9bEAAd_4N.jpg,4,5,0
Gu7epg9bEAAd_4N.jpg,4,6,0
Gu7epg9bEAAd_4N.jpg,4,7,0
Gu7epg9bEAAd_4N.jpg,4,8,0
Gu7epg9bEAAd_4N.jpg,5,1,0
Gu7epg9bEAAd_4N.jpg,5,2,2
Gu7epg9bEAAd_4N.jpg,5,3,2
Gu7epg9bEAAd_4N.jpg,5,4,0
Gu7epg9bEAAd_4N.jpg,5,5,0
Gu7epg9bEAAd_4N.jpg,5,6,0
Gu7epg9bEAAd_4N.jpg,5,7,3
Gu7epg9bEAAd_4N.jpg,5,8,3
Gu7epg9bEAAd_4N.jpg,6,1,0
Gu7epg9bEAAd_4N.jpg,6,2,0
Gu7epg9bEAAd_4N.jpg,6,3,0
Gu7epg9bEAAd_4N.jpg,6,4,0
Gu7epg9bEAAd_4N.jpg,6,5,0
Gu7epg9bEAAd_4N.jpg,6,6,0
Gu7epg9bEAAd_4N.jpg,6,7,3
Gu7epg9bEAAd_4N.jpg,6,8,3
Gu7epg9bEAAd_4N.jpg,7,1,0
Gu7epg9bEAAd_4N.jpg,7,2,0
Gu7epg9bEAAd_4N.jpg,7,3,0
Gu7epg9bEAAd_4N.jpg,7,4,0
Gu7epg9bEAAd_4N.jpg,7,5,0
Gu7epg9bEAAd_4N.jpg,7,6,0
Gu7epg9bEAAd_4N.jpg,7,7,3
Gu7epg9bEAAd_4N.jpg,7,8,3
Gu7epg9bEAAd_4N.jpg,8,1,0
Gu7epg9bEAAd_4N.jpg,8,2,0
Gu7epg9bEAAd_4N.jpg,8,3,0
Gu7epg9bEAAd_4N.jpg,8,4,0
Gu7epg9bEAAd_4N.jpg,8,5,0
Gu7epg9bEAAd_4N.jpg,8,6,0
Gu7epg9bEAAd_4N.jpg,8,7,3
Gu7epg9bEAAd_4N.jpg,8,8,3
Gwdt-oDXoAAwjrX.jpg,1,1,0
Gwdt-oDXoAAwjrX.jpg,1,2,0
Gwdt-oDXoAAwjrX.jpg,1,3,0
Gwdt-oDXoAAwjrX.jpg,1,4,0
Gwdt-oDXoAAwjrX.jpg,1,5,0
Gwdt-oDXoAAwjrX.jpg,1,6,0
Gwdt-oDXoAAwjrX.jpg,1,7,0
Gwdt-oDXoAAwjrX.jpg,1,8,0
Gwdt-oDXoAAwjrX.jpg,2,1,0
Gwdt-oDXoAAwjrX.jpg,2,2,0
Gwdt-oDXoAAwjrX.jpg,2,3,0
Gwdt-oDXoAAwjrX.jpg,2,4,0
Gwdt-oDXoAAwjrX.jpg,2,5,0
Gwdt-oDXoAAwjrX.jpg,2,6,0
Gwdt-oDXoAAwjrX.jpg,2,7,0
Gwdt-oDXoAAwjrX.jpg,2,8,0
Gwdt-oDXoAAwjrX.jpg,3,1,0
Gwdt-oDXoAAwjrX.jpg,3,2,0
Gwdt-oDXoAAwjrX.jpg,3,3,2
Gwdt-oDXoAAwjrX.jpg,3,4,2
Gwdt-oDXoAAwjrX.jpg,3,5,0
Gwdt-oDXoAAwjrX.jpg,3,6,0
Gwdt-oDXoAAwjrX.jpg,3,7,0
Gwdt-oDXoAAwjrX.jpg,3,8,0
Gwdt-oDXoAAwjrX.jpg,4,1,0
Gwdt-oDXoAAwjrX.jpg,4,2,0
Gwdt-oDXoAAwjrX.jpg,4,3,0
Gwdt-oDXoAAwjrX.jpg,4,4,2
Gwdt-oDXoAAwjrX.jpg,4,5,3
Gwdt-oDXoAAwjrX.jpg,4,6,0
Gwdt-oDXoAAwjrX.jpg,4,7,0
Gwdt-oDXoAAwjrX.jpg,4,8,0
Gwdt-oDXoAAwjrX.jpg,5,1,0
Gwdt-oDXoAAwjrX.jpg,5,2,0
Gwdt-oDXoAAwjrX.jpg,5,3,0
Gwdt-oDXoAAwjrX.jpg,5,4,3
Gwdt-oDXoAAwjrX.jpg,5,5,3
Gwdt-oDXoAAwjrX.jpg,5,6,0
Gwdt-oDXoAAwjrX.jpg,5,7,0
Gwdt-oDXoAAwjrX.jpg,5,8,0
Gwdt-oDXoAAwjrX.jpg,6,1,0
Gwdt-oDXoAAwjrX.jpg,6,2,0
Gwdt-oDXoAAwjrX.jpg,6,3,0
Gwdt-oDXoAAwjrX.jpg,6,4,3
Gwdt-oDXoAAwjrX.jpg,6,5,3
Gwdt-oDXoAAwjrX.jpg,6,6,0
Gwdt-oDXoAAwjrX.jpg,6,7,0
Gwdt-oDXoAAwjrX.jpg,6,8,0
Gwdt-oDXoAAwjrX.jpg,7,1,0
Gwdt-oDXoAAwjrX.jpg,7,2,0
Gwdt-oDXoAAwjrX.jpg,7,3,0
Gwdt-oDXoAAwjrX.jpg,7,4,3
Gwdt-oDXoAAwjrX.jpg,7,5,3
Gwdt-oDXoAAwjrX.jpg,7,6,0
Gwdt-oDXoAAwjrX.jpg,7,7,0
Gwdt-oDXoAAwjrX.jpg,7,8,0
Gwdt-oDXoAAwjrX.jpg,8,1,0
Gwdt-oDXoAAwjrX.jpg,8,2,0
Gwdt-oDXoAAwjrX.jpg,8,3,0
Gwdt-oDXoAAwjrX.jpg,8,4,0
Gwdt-oDXoAAwjrX.jpg,8,5,1
Gwdt-oDXoAAwjrX.jpg,8,6,1
Gwdt-oDXoAAwjrX.jpg,8,7,0
Gwdt-oDXoAAwjrX.jpg,8,8,0
GwjlRktXoAEjZbE.jpg,1,1,0
GwjlRktXoAEjZbE.jpg,1,2,0
GwjlRktXoAEjZbE.jpg,1,3,0
GwjlRktXoAEjZbE.jpg,1,4,0
GwjlRktXoAEjZbE.jpg,1,5,0
GwjlRktXoAEjZbE.jpg,1,6,0
GwjlRktXoAEjZbE.jpg,1,7,0
GwjlRktXoAEjZbE.jpg,1,8,0
GwjlRktXoAEjZbE.jpg,2,1,0
GwjlRktXoAEjZbE.jpg,2,2,0
GwjlRktXoAEjZbE.jpg,2,3,2
GwjlRktXoAEjZbE.jpg,2,4,2
GwjlRktXoAEjZbE.jpg,2,5,0
GwjlRktXoAEjZbE.jpg,2,6,0
GwjlRktXoAEjZbE.jpg,2,7,0
GwjlRktXoAEjZbE.jpg,2,8,0
GwjlRktXoAEjZbE.jpg,3,1,0
GwjlRktXoAEjZbE.jpg,3,2,0
GwjlRktXoAEjZbE.jpg,3,3,2
GwjlRktXoAEjZbE.jpg,3,4,0
GwjlRktXoAEjZbE.jpg,3,5,0
GwjlRktXoAEjZbE.jpg,3,6,0
GwjlRktXoAEjZbE.jpg,3,7,0
GwjlRktXoAEjZbE.jpg,3,8,0
GwjlRktXoAEjZbE.jpg,4,1,0
GwjlRktXoAEjZbE.jpg,4,2,2
GwjlRktXoAEjZbE.jpg,4,3,2
GwjlRktXoAEjZbE.jpg,4,4,0
GwjlRktXoAEjZbE.jpg,4,5,0
GwjlRktXoAEjZbE.jpg,4,6,0
GwjlRktXoAEjZbE.jpg,4,7,0
GwjlRktXoAEjZbE.jpg,4,8,0
GwjlRktXoAEjZbE.jpg,5,1,0
GwjlRktXoAEjZbE.jpg,5,2,0
GwjlRktXoAEjZbE.jpg,5,3,0
GwjlRktXoAEjZbE.jpg,5,4,0
GwjlRktXoAEjZbE.jpg,5,5,0
GwjlRktXoAEjZbE.jpg,5,6,0
GwjlRktXoAEjZbE.jpg,5,7,0
GwjlRktXoAEjZbE.jpg,5,8,0
GwjlRktXoAEjZbE.jpg,6,1,0
GwjlRktXoAEjZbE.jpg,6,2,0
GwjlRktXoAEjZbE.jpg,6,3,0
GwjlRktXoAEjZbE.jpg,6,4,0
GwjlRktXoAEjZbE.jpg,6,5,0
GwjlRktXoAEjZbE.jpg,6,6,0
GwjlRktXoAEjZbE.jpg,6,7,3
GwjlRktXoAEjZbE.jpg,6,8,0
GwjlRktXoAEjZbE.jpg,7,1,0
GwjlRktXoAEjZbE.jpg,7,2,0
GwjlRktXoAEjZbE.jpg,7,3,0
GwjlRktXoAEjZbE.jpg,7,4,0
GwjlRktXoAEjZbE.jpg,7,5,0
GwjlRktXoAEjZbE.jpg,7,6,0
GwjlRktXoAEjZbE.jpg,7,7,3
GwjlRktXoAEjZbE.jpg,7,8,0
GwjlRktXoAEjZbE.jpg,8,1,0
GwjlRktXoAEjZbE.jpg,8,2,0
GwjlRktXoAEjZbE.jpg,8,3,0
GwjlRktXoAEjZbE.jpg,8,4,0
GwjlRktXoAEjZbE.jpg,8,5,0
GwjlRktXoAEjZbE.jpg,8,6,0
GwjlRktXoAEjZbE.jpg,8,7,3
GwjlRktXoAEjZbE.jpg,8,8,0
Gwtf68qaIAANPjp.jpg,1,1,0
Gwtf68qaIAANPjp.jpg,1,2,0
Gwtf68qaIAANPjp.jpg,1,3,0
Gwtf68qaIAANPjp.jpg,1,4,0
Gwtf68qaIAANPjp.jpg,1,5,2
Gwtf68qaIAANPjp.jpg,1,6,2
Gwtf68qaIAANPjp.jpg,1,7,0
Gwtf68qaIAANPjp.jpg,1,8,0
Gwtf68qaIAANPjp.jpg,2,1,0
Gwtf68qaIAANPjp.jpg,2,2,0
Gwtf68qaIAANPjp.jpg,2,3,0
Gwtf68qaIAANPjp.jpg,2,4,0
Gwtf68qaIAANPjp.jpg,2,5,0
Gwtf68qaIAANPjp.jpg,2,6,2
Gwtf68qaIAANPjp.jpg,2,7,0
Gwtf68qaIAANPjp.jpg,2,8,0
Gwtf68qaIAANPjp.jpg,3,1,0
Gwtf68qaIAANPjp.jpg,3,2,0
Gwtf68qaIAANPjp.jpg,3,3,0
Gwtf68qaIAANPjp.jpg,3,4,0
Gwtf68qaIAANPjp.jpg,3,5,0
Gwtf68qaIAANPjp.jpg,3,6,0
Gwtf68qaIAANPjp.jpg,3,7,0
Gwtf68qaIAANPjp.jpg,3,8,0
Gwtf68qaIAANPjp.jpg,4,1,0
Gwtf68qaIAANPjp.jpg,4,2,0
Gwtf68qaIAANPjp.jpg,4,3,0
Gwtf68qaIAANPjp.jpg,4,4,0
Gwtf68qaIAANPjp.jpg,4,5,0
Gwtf68qaIAANPjp.jpg,4,6,0
Gwtf68qaIAANPjp.jpg,4,7,0
Gwtf68qaIAANPjp.jpg,4,8,0
Gwtf68qaIAANPjp.jpg,5,1,0
Gwtf68qaIAANPjp.jpg,5,2,0
Gwtf68qaIAANPjp.jpg,5,3,0
Gwtf68qaIAANPjp.jpg,5,4,0
Gwtf68qaIAANPjp.jpg,5,5,0
Gwtf68qaIAANPjp.jpg,5,6,0
Gwtf68qaIAANPjp.jpg,5,7,0
Gwtf68qaIAANPjp.jpg,5,8,0
Gwtf68qaIAANPjp.jpg,6,1,0
Gwtf68qaIAANPjp.jpg,6,2,0
Gwtf68qaIAANPjp.jpg,6,3,0
Gwtf68qaIAANPjp.jpg,6,4,0
Gwtf68qaIAANPjp.jpg,6,5,0
Gwtf68qaIAANPjp.jpg,6,6,0
Gwtf68qaIAANPjp.jpg,6,7,0
Gwtf68qaIAANPjp.jpg,6,8,0
Gwtf68qaIAANPjp.jpg,7,1,0
Gwtf68qaIAANPjp.jpg,7,2,0
Gwtf68qaIAANPjp.jpg,7,3,0
Gwtf68qaIAANPjp.jpg,7,4,0
Gwtf68qaIAANPjp.jpg,7,5,0
Gwtf68qaIAANPjp.jpg,7,6,0
Gwtf68qaIAANPjp.jpg,7,7,0
Gwtf68qaIAANPjp.jpg,7,8,0
Gwtf68qaIAANPjp.jpg,8,1,0
Gwtf68qaIAANPjp.jpg,8,2,0
Gwtf68qaIAANPjp.jpg,8,3,0
Gwtf68qaIAANPjp.jpg,8,4,0
Gwtf68qaIAANPjp.jpg,8,5,0
Gwtf68qaIAANPjp.jpg,8,6,0
Gwtf68qaIAANPjp.jpg,8,7,0
Gwtf68qaIAANPjp.jpg,8,8,0
GzbPJgRa4AA9XzW.jpg,1,1,0
GzbPJgRa4AA9XzW.jpg,1,2,0
GzbPJgRa4AA9XzW.jpg,1,3,0
GzbPJgRa4AA9XzW.jpg,1,4,0
GzbPJgRa4AA9XzW.jpg,1,5,0
GzbPJgRa4AA9XzW.jpg,1,6,0
GzbPJgRa4AA9XzW.jpg,1,7,0
GzbPJgRa4AA9XzW.jpg,1,8,0
GzbPJgRa4AA9XzW.jpg,2,1,0
GzbPJgRa4AA9XzW.jpg,2,2,0
GzbPJgRa4AA9XzW.jpg,2,3,0
GzbPJgRa4AA9XzW.jpg,2,4,2
GzbPJgRa4AA9XzW.jpg,2,5,0
GzbPJgRa4AA9XzW.jpg,2,6,0
GzbPJgRa4AA9XzW.jpg,2,7,0
GzbPJgRa4AA9XzW.jpg,2,8,0
GzbPJgRa4AA9XzW.jpg,3,1,0
GzbPJgRa4AA9XzW.jpg,3,2,0
GzbPJgRa4AA9XzW.jpg,3,3,0
GzbPJgRa4AA9XzW.jpg,3,4,2
GzbPJgRa4AA9XzW.jpg,3,5,2
GzbPJgRa4AA9XzW.jpg,3,6,0
GzbPJgRa4AA9XzW.jpg,3,7,0
GzbPJgRa4AA9XzW.jpg,3,8,0
GzbPJgRa4AA9XzW.jpg,4,1,0
GzbPJgRa4AA9XzW.jpg,4,2,0
GzbPJgRa4AA9XzW.jpg,4,3,0
GzbPJgRa4AA9XzW.jpg,4,4,0
GzbPJgRa4AA9XzW.jpg,4,5,2
GzbPJgRa4AA9XzW.jpg,4,6,2
GzbPJgRa4AA9XzW.jpg,4,7,0
GzbPJgRa4AA9XzW.jpg,4,8,0
GzbPJgRa4AA9XzW.jpg,5,1,0
GzbPJgRa4AA9XzW.jpg,5,2,0
GzbPJgRa4AA9XzW.jpg,5,3,3
GzbPJgRa4AA9XzW.jpg,5,4,3
GzbPJgRa4AA9XzW.jpg,5,5,0
GzbPJgRa4AA9XzW.jpg,5,6,0
GzbPJgRa4AA9XzW.jpg,5,7,0
GzbPJgRa4AA9XzW.jpg,5,8,0
GzbPJgRa4AA9XzW.jpg,6,1,0
GzbPJgRa4AA9XzW.jpg,6,2,0
GzbPJgRa4AA9XzW.jpg,6,3,3
GzbPJgRa4AA9XzW.jpg,6,4,3
GzbPJgRa4AA9XzW.jpg,6,5,0
GzbPJgRa4AA9XzW.jpg,6,6,0
GzbPJgRa4AA9XzW.jpg,6,7,0
GzbPJgRa4AA9XzW.jpg,6,8,0
GzbPJgRa4AA9XzW.jpg,7,1,0
GzbPJgRa4AA9XzW.jpg,7,2,0
GzbPJgRa4AA9XzW.jpg,7,3,3
GzbPJgRa4AA9XzW.jpg,7,4,3
GzbPJgRa4AA9XzW.jpg,7,5,0
GzbPJgRa4AA9XzW.jpg,7,6,0
GzbPJgRa4AA9XzW.jpg,7,7,0
GzbPJgRa4AA9XzW.jpg,7,8,0
GzbPJgRa4AA9XzW.jpg,8,1,0
GzbPJgRa4AA9XzW.jpg,8,2,0
GzbPJgRa4AA9XzW.jpg,8,3,3
GzbPJgRa4AA9XzW.jpg,8,4,3
GzbPJgRa4AA9XzW.jpg,8,5,0
GzbPJgRa4AA9XzW.jpg,8,6,0
GzbPJgRa4AA9XzW.jpg,8,7,0
GzbPJgRa4AA9XzW.jpg,8,8,0
henry-nicholls-in-action-against-bangladesh-appti-100309511-16x9_0.jpg,1,1,0
henry-nicholls-in-action-against-bangladesh-appti-100309511-16x9_0.jpg,1,2,0
henry-nicholls-in-action-against-bangladesh-appti-100309511-16x9_0.jpg,1,3,0
henry-nicholls-in-action-against-bangladesh-appti-100309511-16x9_0.jpg,1,4,0
henry-nicholls-in-action-against-bangladesh-appti-100309511-16x9_0.jpg,1,5,0
henry-nicholls-in-action-against-bangladesh-appti-100309511-16x9_0.jpg,1,6,0
henry-nicholls-in-action-against-bangladesh-appti-100309511-16x9_0.jpg,1,7,0
henry-nicholls-in-action-against-bangladesh-appti-100309511-16x9_0.jpg,1,8,0
henry-nicholls-in-action-against-bangladesh-appti-100309511-16x9_0.jpg,2,1,0
henry-nicholls-in-action-against-bangladesh-appti-100309511-16x9_0.jpg,2,2,0
henry-nicholls-in-action-against-bangladesh-appti-100309511-16x9_0.jpg,2,3,0
henry-nicholls-in-action-against-bangladesh-appti-100309511-16x9_0.jpg,2,4,0
henry-nicholls-in-action-against-bangladesh-appti-100309511-16x9_0.jpg,2,5,0
henry-nicholls-in-action-against-bangladesh-appti-100309511-16x9_0.jpg,2,6,0
henry-nicholls-in-action-against-bangladesh-appti-100309511-16x9_0.jpg,2,7,0
henry-nicholls-in-action-against-bangladesh-appti-100309511-16x9_0.jpg,2,8,0
henry-nicholls-in-action-against-bangladesh-appti-100309511-16x9_0.jpg,3,1,0
henry-nicholls-in-action-against-bangladesh-appti-100309511-16x9_0.jpg,3,2,0
henry-nicholls-in-action-against-bangladesh-appti-100309511-16x9_0.jpg,3,3,0
henry-nicholls-in-action-against-bangladesh-appti-100309511-16x9_0.jpg,3,4,0
henry-nicholls-in-action-against-bangladesh-appti-100309511-16x9_0.jpg,3,5,0
henry-nicholls-in-action-against-bangladesh-appti-100309511-16x9_0.jpg,3,6,0
henry-nicholls-in-action-against-bangladesh-appti-100309511-16x9_0.jpg,3,7,2
henry-nicholls-in-action-against-bangladesh-appti-100309511-16x9_0.jpg,3,8,2
henry-nicholls-in-action-against-bangladesh-appti-100309511-16x9_0.jpg,4,1,0
henry-nicholls-in-action-against-bangladesh-appti-100309511-16x9_0.jpg,4,2,0
henry-nicholls-in-action-against-bangladesh-appti-100309511-16x9_0.jpg,4,3,0
henry-nicholls-in-action-against-bangladesh-appti-100309511-16x9_0.jpg,4,4,0
henry-nicholls-in-action-against-bangladesh-appti-100309511-16x9_0.jpg,4,5,0
henry-nicholls-in-action-against-bangladesh-appti-100309511-16x9_0.jpg,4,6,2
henry-nicholls-in-action-against-bangladesh-appti-100309511-16x9_0.jpg,4,7,2
henry-nicholls-in-action-against-bangladesh-appti-100309511-16x9_0.jpg,4,8,0
henry-nicholls-in-action-against-bangladesh-appti-100309511-16x9_0.jpg,5,1,0
henry-nicholls-in-action-against-bangladesh-appti-100309511-16x9_0.jpg,5,2,0
henry-nicholls-in-action-against-bangladesh-appti-100309511-16x9_0.jpg,5,3,0
henry-nicholls-in-action-against-bangladesh-appti-100309511-16x9_0.jpg,5,4,0
henry-nicholls-in-action-against-bangladesh-appti-100309511-16x9_0.jpg,5,5,0
henry-nicholls-in-action-against-bangladesh-appti-100309511-16x9_0.jpg,5,6,0
henry-nicholls-in-action-against-bangladesh-appti-100309511-16x9_0.jpg,5,7,0
henry-nicholls-in-action-against-bangladesh-appti-100309511-16x9_0.jpg,5,8,0
henry-nicholls-in-action-against-bangladesh-appti-100309511-16x9_0.jpg,6,1,0
henry-nicholls-in-action-against-bangladesh-appti-100309511-16x9_0.jpg,6,2,0
henry-nicholls-in-action-against-bangladesh-appti-100309511-16x9_0.jpg,6,3,0
henry-nicholls-in-action-against-bangladesh-appti-100309511-16x9_0.jpg,6,4,0
henry-nicholls-in-action-against-bangladesh-appti-100309511-16x9_0.jpg,6,5,0
henry-nicholls-in-action-against-bangladesh-appti-100309511-16x9_0.jpg,6,6,0
henry-nicholls-in-action-against-bangladesh-appti-100309511-16x9_0.jpg,6,7,0
henry-nicholls-in-action-against-bangladesh-appti-100309511-16x9_0.jpg,6,8,0
henry-nicholls-in-action-against-bangladesh-appti-100309511-16x9_0.jpg,7,1,0
henry-nicholls-in-action-against-bangladesh-appti-100309511-16x9_0.jpg,7,2,0
henry-nicholls-in-action-against-bangladesh-appti-100309511-16x9_0.jpg,7,3,0
henry-nicholls-in-action-against-bangladesh-appti-100309511-16x9_0.jpg,7,4,0
henry-nicholls-in-action-against-bangladesh-appti-100309511-16x9_0.jpg,7,5,0
henry-nicholls-in-action-against-bangladesh-appti-100309511-16x9_0.jpg,7,6,0
henry-nicholls-in-action-against-bangladesh-appti-100309511-16x9_0.jpg,7,7,0
henry-nicholls-in-action-against-bangladesh-appti-100309511-16x9_0.jpg,7,8,0
henry-nicholls-in-action-against-bangladesh-appti-100309511-16x9_0.jpg,8,1,0
henry-nicholls-in-action-against-bangladesh-appti-100309511-16x9_0.jpg,8,2,0
henry-nicholls-in-action-against-bangladesh-appti-100309511-16x9_0.jpg,8,3,0
henry-nicholls-in-action-against-bangladesh-appti-100309511-16x9_0.jpg,8,4,0
henry-nicholls-in-action-against-bangladesh-appti-100309511-16x9_0.jpg,8,5,0
henry-nicholls-in-action-against-bangladesh-appti-100309511-16x9_0.jpg,8,6,0
henry-nicholls-in-action-against-bangladesh-appti-100309511-16x9_0.jpg,8,7,0
henry-nicholls-in-action-against-bangladesh-appti-100309511-16x9_0.jpg,8,8,0
hq720 (2).jpg,1,1,0
hq720 (2).jpg,1,2,0
hq720 (2).jpg,1,3,0
hq720 (2).jpg,1,4,0
hq720 (2).jpg,1,5,0
hq720 (2).jpg,1,6,0
hq720 (2).jpg,1,7,0
hq720 (2).jpg,1,8,0
hq720 (2).jpg,2,1,2
hq720 (2).jpg,2,2,2
hq720 (2).jpg,2,3,0
hq720 (2).jpg,2,4,0
hq720 (2).jpg,2,5,0
hq720 (2).jpg,2,6,0
hq720 (2).jpg,2,7,0
hq720 (2).jpg,2,8,0
hq720 (2).jpg,3,1,0
hq720 (2).jpg,3,2,2
hq720 (2).jpg,3,3,0
hq720 (2).jpg,3,4,0
hq720 (2).jpg,3,5,0
hq720 (2).jpg,3,6,0
hq720 (2).jpg,3,7,3
hq720 (2).jpg,3,8,3
hq720 (2).jpg,4,1,0
hq720 (2).jpg,4,2,0
hq720 (2).jpg,4,3,0
hq720 (2).jpg,4,4,0
hq720 (2).jpg,4,5,0
hq720 (2).jpg,4,6,0
hq720 (2).jpg,4,7,3
hq720 (2).jpg,4,8,2
hq720 (2).jpg,5,1,0
hq720 (2).jpg,5,2,0
hq720 (2).jpg,5,3,0
hq720 (2).jpg,5,4,0
hq720 (2).jpg,5,5,0
hq720 (2).jpg,5,6,0
hq720 (2).jpg,5,7,3
hq720 (2).jpg,5,8,0
hq720 (2).jpg,6,1,0
hq720 (2).jpg,6,2,0
hq720 (2).jpg,6,3,0
hq720 (2).jpg,6,4,0
hq720 (2).jpg,6,5,0
hq720 (2).jpg,6,6,0
hq720 (2).jpg,6,7,0
hq720 (2).jpg,6,8,0
hq720 (2).jpg,7,1,0
hq720 (2).jpg,7,2,0
hq720 (2).jpg,7,3,0
hq720 (2).jpg,7,4,0
hq720 (2).jpg,7,5,0
hq720 (2).jpg,7,6,0
hq720 (2).jpg,7,7,0
hq720 (2).jpg,7,8,0
hq720 (2).jpg,8,1,0
hq720 (2).jpg,8,2,0
hq720 (2).jpg,8,3,0
hq720 (2).jpg,8,4,0
hq720 (2).jpg,8,5,0
hq720 (2).jpg,8,6,0
hq720 (2).jpg,8,7,0
hq720 (2).jpg,8,8,0
hq720 (4).jpg,1,1,0
hq720 (4).jpg,1,2,0
hq720 (4).jpg,1,3,0
hq720 (4).jpg,1,4,0
hq720 (4).jpg,1,5,0
hq720 (4).jpg,1,6,0
hq720 (4).jpg,1,7,0
hq720 (4).jpg,1,8,0
hq720 (4).jpg,2,1,2
hq720 (4).jpg,2,2,2
hq720 (4).jpg,2,3,0
hq720 (4).jpg,2,4,0
hq720 (4).jpg,2,5,0
hq720 (4).jpg,2,6,0
hq720 (4).jpg,2,7,0
hq720 (4).jpg,2,8,0
hq720 (4).jpg,3,1,1
hq720 (4).jpg,3,2,2
hq720 (4).jpg,3,3,0
hq720 (4).jpg,3,4,0
hq720 (4).jpg,3,5,0
hq720 (4).jpg,3,6,0
hq720 (4).jpg,3,7,0
hq720 (4).jpg,3,8,0
hq720 (4).jpg,4,1,0
hq720 (4).jpg,4,2,0
hq720 (4).jpg,4,3,0
hq720 (4).jpg,4,4,0
hq720 (4).jpg,4,5,0
hq720 (4).jpg,4,6,0
hq720 (4).jpg,4,7,3
hq720 (4).jpg,4,8,0
hq720 (4).jpg,5,1,0
hq720 (4).jpg,5,2,0
hq720 (4).jpg,5,3,0
hq720 (4).jpg,5,4,0
hq720 (4).jpg,5,5,0
hq720 (4).jpg,5,6,0
hq720 (4).jpg,5,7,3
hq720 (4).jpg,5,8,0
hq720 (4).jpg,6,1,0
hq720 (4).jpg,6,2,0
hq720 (4).jpg,6,3,0
hq720 (4).jpg,6,4,0
hq720 (4).jpg,6,5,0
hq720 (4).jpg,6,6,0
hq720 (4).jpg,6,7,3
hq720 (4).jpg,6,8,0
hq720 (4).jpg,7,1,0
hq720 (4).jpg,7,2,0
hq720 (4).jpg,7,3,0
hq720 (4).jpg,7,4,0
hq720 (4).jpg,7,5,0
hq720 (4).jpg,7,6,0
hq720 (4).jpg,7,7,0
hq720 (4).jpg,7,8,0
hq720 (4).jpg,8,1,0
hq720 (4).jpg,8,2,0
hq720 (4).jpg,8,3,0
hq720 (4).jpg,8,4,0
hq720 (4).jpg,8,5,0
hq720 (4).jpg,8,6,0
hq720 (4).jpg,8,7,0
hq720 (4).jpg,8,8,0
hq720.jpg,1,1,0
hq720.jpg,1,2,0
hq720.jpg,1,3,0
hq720.jpg,1,4,0
hq720.jpg,1,5,0
hq720.jpg,1,6,0
hq720.jpg,1,7,0
hq720.jpg,1,8,0
hq720.jpg,2,1,0
hq720.jpg,2,2,0
hq720.jpg,2,3,0
hq720.jpg,2,4,0
hq720.jpg,2,5,2
hq720.jpg,2,6,2
hq720.jpg,2,7,0
hq720.jpg,2,8,0
hq720.jpg,3,1,0
hq720.jpg,3,2,0
hq720.jpg,3,3,0
hq720.jpg,3,4,0
hq720.jpg,3,5,2
hq720.jpg,3,6,2
hq720.jpg,3,7,0
hq720.jpg,3,8,0
hq720.jpg,4,1,0
hq720.jpg,4,2,0
hq720.jpg,4,3,0
hq720.jpg,4,4,0
hq720.jpg,4,5,0
hq720.jpg,4,6,0
hq720.jpg,4,7,0
hq720.jpg,4,8,0
hq720.jpg,5,1,0
hq720.jpg,5,2,0
hq720.jpg,5,3,0
hq720.jpg,5,4,0
hq720.jpg,5,5,0
hq720.jpg,5,6,0
hq720.jpg,5,7,0
hq720.jpg,5,8,0
hq720.jpg,6,1,0
hq720.jpg,6,2,0
hq720.jpg,6,3,0
hq720.jpg,6,4,0
hq720.jpg,6,5,0
hq720.jpg,6,6,0
hq720.jpg,6,7,0
hq720.jpg,6,8,0
hq720.jpg,7,1,0
hq720.jpg,7,2,0
hq720.jpg,7,3,0
hq720.jpg,7,4,0
hq720.jpg,7,5,0
hq720.jpg,7,6,0
hq720.jpg,7,7,0
hq720.jpg,7,8,0
hq720.jpg,8,1,0
hq720.jpg,8,2,0
hq720.jpg,8,3,0
hq720.jpg,8,4,0
hq720.jpg,8,5,0
hq720.jpg,8,6,0
hq720.jpg,8,7,0
hq720.jpg,8,8,0
illustration-of-one-cricket-bat-with-wickets-and-a-blank-gold-banner-M1PT4P.jpg,1,1,0
illustration-of-one-cricket-bat-with-wickets-and-a-blank-gold-banner-M1PT4P.jpg,1,2,0
illustration-of-one-cricket-bat-with-wickets-and-a-blank-gold-banner-M1PT4P.jpg,1,3,0
illustration-of-one-cricket-bat-with-wickets-and-a-blank-gold-banner-M1PT4P.jpg,1,4,3
illustration-of-one-cricket-bat-with-wickets-and-a-blank-gold-banner-M1PT4P.jpg,1,5,3
illustration-of-one-cricket-bat-with-wickets-and-a-blank-gold-banner-M1PT4P.jpg,1,6,3
illustration-of-one-cricket-bat-with-wickets-and-a-blank-gold-banner-M1PT4P.jpg,1,7,2
illustration-of-one-cricket-bat-with-wickets-and-a-blank-gold-banner-M1PT4P.jpg,1,8,0
illustration-of-one-cricket-bat-with-wickets-and-a-blank-gold-banner-M1PT4P.jpg,2,1,0
illustration-of-one-cricket-bat-with-wickets-and-a-blank-gold-banner-M1PT4P.jpg,2,2,0
illustration-of-one-cricket-bat-with-wickets-and-a-blank-gold-banner-M1PT4P.jpg,2,3,0
illustration-of-one-cricket-bat-with-wickets-and-a-blank-gold-banner-M1PT4P.jpg,2,4,3
illustration-of-one-cricket-bat-with-wickets-and-a-blank-gold-banner-M1PT4P.jpg,2,5,3
illustration-of-one-cricket-bat-with-wickets-and-a-blank-gold-banner-M1PT4P.jpg,2,6,3
illustration-of-one-cricket-bat-with-wickets-and-a-blank-gold-banner-M1PT4P.jpg,2,7,2
illustration-of-one-cricket-bat-with-wickets-and-a-blank-gold-banner-M1PT4P.jpg,2,8,0
illustration-of-one-cricket-bat-with-wickets-and-a-blank-gold-banner-M1PT4P.jpg,3,1,0
illustration-of-one-cricket-bat-with-wickets-and-a-blank-gold-banner-M1PT4P.jpg,3,2,0
illustration-of-one-cricket-bat-with-wickets-and-a-blank-gold-banner-M1PT4P.jpg,3,3,0
illustration-of-one-cricket-bat-with-wickets-and-a-blank-gold-banner-M1PT4P.jpg,3,4,3
illustration-of-one-cricket-bat-with-wickets-and-a-blank-gold-banner-M1PT4P.jpg,3,5,3
illustration-of-one-cricket-bat-with-wickets-and-a-blank-gold-banner-M1PT4P.jpg,3,6,2
illustration-of-one-cricket-bat-with-wickets-and-a-blank-gold-banner-M1PT4P.jpg,3,7,2
illustration-of-one-cricket-bat-with-wickets-and-a-blank-gold-banner-M1PT4P.jpg,3,8,0
illustration-of-one-cricket-bat-with-wickets-and-a-blank-gold-banner-M1PT4P.jpg,4,1,0
illustration-of-one-cricket-bat-with-wickets-and-a-blank-gold-banner-M1PT4P.jpg,4,2,0
illustration-of-one-cricket-bat-with-wickets-and-a-blank-gold-banner-M1PT4P.jpg,4,3,0
illustration-of-one-cricket-bat-with-wickets-and-a-blank-gold-banner-M1PT4P.jpg,4,4,3
illustration-of-one-cricket-bat-with-wickets-and-a-blank-gold-banner-M1PT4P.jpg,4,5,2
illustration-of-one-cricket-bat-with-wickets-and-a-blank-gold-banner-M1PT4P.jpg,4,6,2
illustration-of-one-cricket-bat-with-wickets-and-a-blank-gold-banner-M1PT4P.jpg,4,7,0
illustration-of-one-cricket-bat-with-wickets-and-a-blank-gold-banner-M1PT4P.jpg,4,8,0
illustration-of-one-cricket-bat-with-wickets-and-a-blank-gold-banner-M1PT4P.jpg,5,1,0
illustration-of-one-cricket-bat-with-wickets-and-a-blank-gold-banner-M1PT4P.jpg,5,2,0
illustration-of-one-cricket-bat-with-wickets-and-a-blank-gold-banner-M1PT4P.jpg,5,3,0
illustration-of-one-cricket-bat-with-wickets-and-a-blank-gold-banner-M1PT4P.jpg,5,4,2
illustration-of-one-cricket-bat-with-wickets-and-a-blank-gold-banner-M1PT4P.jpg,5,5,2
illustration-of-one-cricket-bat-with-wickets-and-a-blank-gold-banner-M1PT4P.jpg,5,6,3
illustration-of-one-cricket-bat-with-wickets-and-a-blank-gold-banner-M1PT4P.jpg,5,7,0
illustration-of-one-cricket-bat-with-wickets-and-a-blank-gold-banner-M1PT4P.jpg,5,8,0
illustration-of-one-cricket-bat-with-wickets-and-a-blank-gold-banner-M1PT4P.jpg,6,1,0
illustration-of-one-cricket-bat-with-wickets-and-a-blank-gold-banner-M1PT4P.jpg,6,2,0
illustration-of-one-cricket-bat-with-wickets-and-a-blank-gold-banner-M1PT4P.jpg,6,3,2
illustration-of-one-cricket-bat-with-wickets-and-a-blank-gold-banner-M1PT4P.jpg,6,4,2
illustration-of-one-cricket-bat-with-wickets-and-a-blank-gold-banner-M1PT4P.jpg,6,5,1
illustration-of-one-cricket-bat-with-wickets-and-a-blank-gold-banner-M1PT4P.jpg,6,6,3
illustration-of-one-cricket-bat-with-wickets-and-a-blank-gold-banner-M1PT4P.jpg,6,7,0
illustration-of-one-cricket-bat-with-wickets-and-a-blank-gold-banner-M1PT4P.jpg,6,8,0
illustration-of-one-cricket-bat-with-wickets-and-a-blank-gold-banner-M1PT4P.jpg,7,1,0
illustration-of-one-cricket-bat-with-wickets-and-a-blank-gold-banner-M1PT4P.jpg,7,2,0
illustration-of-one-cricket-bat-with-wickets-and-a-blank-gold-banner-M1PT4P.jpg,7,3,2
illustration-of-one-cricket-bat-with-wickets-and-a-blank-gold-banner-M1PT4P.jpg,7,4,1
illustration-of-one-cricket-bat-with-wickets-and-a-blank-gold-banner-M1PT4P.jpg,7,5,1
illustration-of-one-cricket-bat-with-wickets-and-a-blank-gold-banner-M1PT4P.jpg,7,6,3
illustration-of-one-cricket-bat-with-wickets-and-a-blank-gold-banner-M1PT4P.jpg,7,7,0
illustration-of-one-cricket-bat-with-wickets-and-a-blank-gold-banner-M1PT4P.jpg,7,8,0
illustration-of-one-cricket-bat-with-wickets-and-a-blank-gold-banner-M1PT4P.jpg,8,1,0
illustration-of-one-cricket-bat-with-wickets-and-a-blank-gold-banner-M1PT4P.jpg,8,2,0
illustration-of-one-cricket-bat-with-wickets-and-a-blank-gold-banner-M1PT4P.jpg,8,3,0
illustration-of-one-cricket-bat-with-wickets-and-a-blank-gold-banner-M1PT4P.jpg,8,4,1
illustration-of-one-cricket-bat-with-wickets-and-a-blank-gold-banner-M1PT4P.jpg,8,5,1
illustration-of-one-cricket-bat-with-wickets-and-a-blank-gold-banner-M1PT4P.jpg,8,6,0
illustration-of-one-cricket-bat-with-wickets-and-a-blank-gold-banner-M1PT4P.jpg,8,7,0
illustration-of-one-cricket-bat-with-wickets-and-a-blank-gold-banner-M1PT4P.jpg,8,8,0
india-batter-kl-rahul-in-action-during-the-anderson-tendulkar-trophy-2025-1758805449571-16_9.jpg,1,1,0
india-batter-kl-rahul-in-action-during-the-anderson-tendulkar-trophy-2025-1758805449571-16_9.jpg,1,2,0
india-batter-kl-rahul-in-action-during-the-anderson-tendulkar-trophy-2025-1758805449571-16_9.jpg,1,3,0
india-batter-kl-rahul-in-action-during-the-anderson-tendulkar-trophy-2025-1758805449571-16_9.jpg,1,4,0
india-batter-kl-rahul-in-action-during-the-anderson-tendulkar-trophy-2025-1758805449571-16_9.jpg,1,5,0
india-batter-kl-rahul-in-action-during-the-anderson-tendulkar-trophy-2025-1758805449571-16_9.jpg,1,6,0
india-batter-kl-rahul-in-action-during-the-anderson-tendulkar-trophy-2025-1758805449571-16_9.jpg,1,7,0
india-batter-kl-rahul-in-action-during-the-anderson-tendulkar-trophy-2025-1758805449571-16_9.jpg,1,8,0
india-batter-kl-rahul-in-action-during-the-anderson-tendulkar-trophy-2025-1758805449571-16_9.jpg,2,1,0
india-batter-kl-rahul-in-action-during-the-anderson-tendulkar-trophy-2025-1758805449571-16_9.jpg,2,2,2
india-batter-kl-rahul-in-action-during-the-anderson-tendulkar-trophy-2025-1758805449571-16_9.jpg,2,3,0
india-batter-kl-rahul-in-action-during-the-anderson-tendulkar-trophy-2025-1758805449571-16_9.jpg,2,4,0
india-batter-kl-rahul-in-action-during-the-anderson-tendulkar-trophy-2025-1758805449571-16_9.jpg,2,5,0
india-batter-kl-rahul-in-action-during-the-anderson-tendulkar-trophy-2025-1758805449571-16_9.jpg,2,6,0
india-batter-kl-rahul-in-action-during-the-anderson-tendulkar-trophy-2025-1758805449571-16_9.jpg,2,7,0
india-batter-kl-rahul-in-action-during-the-anderson-tendulkar-trophy-2025-1758805449571-16_9.jpg,2,8,0
india-batter-kl-rahul-in-action-during-the-anderson-tendulkar-trophy-2025-1758805449571-16_9.jpg,3,1,0
india-batter-kl-rahul-in-action-during-the-anderson-tendulkar-trophy-2025-1758805449571-16_9.jpg,3,2,2
india-batter-kl-rahul-in-action-during-the-anderson-tendulkar-trophy-2025-1758805449571-16_9.jpg,3,3,2
india-batter-kl-rahul-in-action-during-the-anderson-tendulkar-trophy-2025-1758805449571-16_9.jpg,3,4,0
india-batter-kl-rahul-in-action-during-the-anderson-tendulkar-trophy-2025-1758805449571-16_9.jpg,3,5,0
india-batter-kl-rahul-in-action-during-the-anderson-tendulkar-trophy-2025-1758805449571-16_9.jpg,3,6,0
india-batter-kl-rahul-in-action-during-the-anderson-tendulkar-trophy-2025-1758805449571-16_9.jpg,3,7,0
india-batter-kl-rahul-in-action-during-the-anderson-tendulkar-trophy-2025-1758805449571-16_9.jpg,3,8,0
india-batter-kl-rahul-in-action-during-the-anderson-tendulkar-trophy-2025-1758805449571-16_9.jpg,4,1,0
india-batter-kl-rahul-in-action-during-the-anderson-tendulkar-trophy-2025-1758805449571-16_9.jpg,4,2,0
india-batter-kl-rahul-in-action-during-the-anderson-tendulkar-trophy-2025-1758805449571-16_9.jpg,4,3,0
india-batter-kl-rahul-in-action-during-the-anderson-tendulkar-trophy-2025-1758805449571-16_9.jpg,4,4,0
india-batter-kl-rahul-in-action-during-the-anderson-tendulkar-trophy-2025-1758805449571-16_9.jpg,4,5,0
india-batter-kl-rahul-in-action-during-the-anderson-tendulkar-trophy-2025-1758805449571-16_9.jpg,4,6,0
india-batter-kl-rahul-in-action-during-the-anderson-tendulkar-trophy-2025-1758805449571-16_9.jpg,4,7,0
india-batter-kl-rahul-in-action-during-the-anderson-tendulkar-trophy-2025-1758805449571-16_9.jpg,4,8,0
india-batter-kl-rahul-in-action-during-the-anderson-tendulkar-trophy-2025-1758805449571-16_9.jpg,5,1,0
india-batter-kl-rahul-in-action-during-the-anderson-tendulkar-trophy-2025-1758805449571-16_9.jpg,5,2,0
india-batter-kl-rahul-in-action-during-the-anderson-tendulkar-trophy-2025-1758805449571-16_9.jpg,5,3,0
india-batter-kl-rahul-in-action-during-the-anderson-tendulkar-trophy-2025-1758805449571-16_9.jpg,5,4,0
india-batter-kl-rahul-in-action-during-the-anderson-tendulkar-trophy-2025-1758805449571-16_9.jpg,5,5,0
india-batter-kl-rahul-in-action-during-the-anderson-tendulkar-trophy-2025-1758805449571-16_9.jpg,5,6,0
india-batter-kl-rahul-in-action-during-the-anderson-tendulkar-trophy-2025-1758805449571-16_9.jpg,5,7,3
india-batter-kl-rahul-in-action-during-the-anderson-tendulkar-trophy-2025-1758805449571-16_9.jpg,5,8,0
india-batter-kl-rahul-in-action-during-the-anderson-tendulkar-trophy-2025-1758805449571-16_9.jpg,6,1,0
india-batter-kl-rahul-in-action-during-the-anderson-tendulkar-trophy-2025-1758805449571-16_9.jpg,6,2,0
india-batter-kl-rahul-in-action-during-the-anderson-tendulkar-trophy-2025-1758805449571-16_9.jpg,6,3,0
india-batter-kl-rahul-in-action-during-the-anderson-tendulkar-trophy-2025-1758805449571-16_9.jpg,6,4,0
india-batter-kl-rahul-in-action-during-the-anderson-tendulkar-trophy-2025-1758805449571-16_9.jpg,6,5,0
india-batter-kl-rahul-in-action-during-the-anderson-tendulkar-trophy-2025-1758805449571-16_9.jpg,6,6,0
india-batter-kl-rahul-in-action-during-the-anderson-tendulkar-trophy-2025-1758805449571-16_9.jpg,6,7,3
india-batter-kl-rahul-in-action-during-the-anderson-tendulkar-trophy-2025-1758805449571-16_9.jpg,6,8,0
india-batter-kl-rahul-in-action-during-the-anderson-tendulkar-trophy-2025-1758805449571-16_9.jpg,7,1,0
india-batter-kl-rahul-in-action-during-the-anderson-tendulkar-trophy-2025-1758805449571-16_9.jpg,7,2,0
india-batter-kl-rahul-in-action-during-the-anderson-tendulkar-trophy-2025-1758805449571-16_9.jpg,7,3,0
india-batter-kl-rahul-in-action-during-the-anderson-tendulkar-trophy-2025-1758805449571-16_9.jpg,7,4,0
india-batter-kl-rahul-in-action-during-the-anderson-tendulkar-trophy-2025-1758805449571-16_9.jpg,7,5,0
india-batter-kl-rahul-in-action-during-the-anderson-tendulkar-trophy-2025-1758805449571-16_9.jpg,7,6,0
india-batter-kl-rahul-in-action-during-the-anderson-tendulkar-trophy-2025-1758805449571-16_9.jpg,7,7,3
india-batter-kl-rahul-in-action-during-the-anderson-tendulkar-trophy-2025-1758805449571-16_9.jpg,7,8,0
india-batter-kl-rahul-in-action-during-the-anderson-tendulkar-trophy-2025-1758805449571-16_9.jpg,8,1,0
india-batter-kl-rahul-in-action-during-the-anderson-tendulkar-trophy-2025-1758805449571-16_9.jpg,8,2,0
india-batter-kl-rahul-in-action-during-the-anderson-tendulkar-trophy-2025-1758805449571-16_9.jpg,8,3,0
india-batter-kl-rahul-in-action-during-the-anderson-tendulkar-trophy-2025-1758805449571-16_9.jpg,8,4,0
india-batter-kl-rahul-in-action-during-the-anderson-tendulkar-trophy-2025-1758805449571-16_9.jpg,8,5,0
india-batter-kl-rahul-in-action-during-the-anderson-tendulkar-trophy-2025-1758805449571-16_9.jpg,8,6,0
india-batter-kl-rahul-in-action-during-the-anderson-tendulkar-trophy-2025-1758805449571-16_9.jpg,8,7,3
india-batter-kl-rahul-in-action-during-the-anderson-tendulkar-trophy-2025-1758805449571-16_9.jpg,8,8,0
india-insecure-batters.jpg,1,1,0
india-insecure-batters.jpg,1,2,0
india-insecure-batters.jpg,1,3,0
india-insecure-batters.jpg,1,4,0
india-insecure-batters.jpg,1,5,0
india-insecure-batters.jpg,1,6,0
india-insecure-batters.jpg,1,7,0
india-insecure-batters.jpg,1,8,0
india-insecure-batters.jpg,2,1,0
india-insecure-batters.jpg,2,2,0
india-insecure-batters.jpg,2,3,0
india-insecure-batters.jpg,2,4,0
india-insecure-batters.jpg,2,5,0
india-insecure-batters.jpg,2,6,0
india-insecure-batters.jpg,2,7,0
india-insecure-batters.jpg,2,8,0
india-insecure-batters.jpg,3,1,0
india-insecure-batters.jpg,3,2,0
india-insecure-batters.jpg,3,3,0
india-insecure-batters.jpg,3,4,0
india-insecure-batters.jpg,3,5,0
india-insecure-batters.jpg,3,6,0
india-insecure-batters.jpg,3,7,0
india-insecure-batters.jpg,3,8,0
india-insecure-batters.jpg,4,1,0
india-insecure-batters.jpg,4,2,2
india-insecure-batters.jpg,4,3,0
india-insecure-batters.jpg,4,4,0
india-insecure-batters.jpg,4,5,0
india-insecure-batters.jpg,4,6,0
india-insecure-batters.jpg,4,7,0
india-insecure-batters.jpg,4,8,0
india-insecure-batters.jpg,5,1,0
india-insecure-batters.jpg,5,2,2
india-insecure-batters.jpg,5,3,0
india-insecure-batters.jpg,5,4,0
india-insecure-batters.jpg,5,5,0
india-insecure-batters.jpg,5,6,3
india-insecure-batters.jpg,5,7,0
india-insecure-batters.jpg,5,8,0
india-insecure-batters.jpg,6,1,2
india-insecure-batters.jpg,6,2,2
india-insecure-batters.jpg,6,3,0
india-insecure-batters.jpg,6,4,0
india-insecure-batters.jpg,6,5,0
india-insecure-batters.jpg,6,6,3
india-insecure-batters.jpg,6,7,0
india-insecure-batters.jpg,6,8,0
india-insecure-batters.jpg,7,1,2
india-insecure-batters.jpg,7,2,1
india-insecure-batters.jpg,7,3,0
india-insecure-batters.jpg,7,4,0
india-insecure-batters.jpg,7,5,0
india-insecure-batters.jpg,7,6,3
india-insecure-batters.jpg,7,7,0
india-insecure-batters.jpg,7,8,0
india-insecure-batters.jpg,8,1,0
india-insecure-batters.jpg,8,2,1
india-insecure-batters.jpg,8,3,0
india-insecure-batters.jpg,8,4,0
india-insecure-batters.jpg,8,5,0
india-insecure-batters.jpg,8,6,3
india-insecure-batters.jpg,8,7,0
india-insecure-batters.jpg,8,8,0
india-keeper-batter-rishabh-pant-in-action-during-lord-s-test-against-england-1752860568288-16_9.jpg,1,1,0
india-keeper-batter-rishabh-pant-in-action-during-lord-s-test-against-england-1752860568288-16_9.jpg,1,2,0
india-keeper-batter-rishabh-pant-in-action-during-lord-s-test-against-england-1752860568288-16_9.jpg,1,3,0
india-keeper-batter-rishabh-pant-in-action-during-lord-s-test-against-england-1752860568288-16_9.jpg,1,4,0
india-keeper-batter-rishabh-pant-in-action-during-lord-s-test-against-england-1752860568288-16_9.jpg,1,5,0
india-keeper-batter-rishabh-pant-in-action-during-lord-s-test-against-england-1752860568288-16_9.jpg,1,6,0
india-keeper-batter-rishabh-pant-in-action-during-lord-s-test-against-england-1752860568288-16_9.jpg,1,7,0
india-keeper-batter-rishabh-pant-in-action-during-lord-s-test-against-england-1752860568288-16_9.jpg,1,8,0
india-keeper-batter-rishabh-pant-in-action-during-lord-s-test-against-england-1752860568288-16_9.jpg,2,1,0
india-keeper-batter-rishabh-pant-in-action-during-lord-s-test-against-england-1752860568288-16_9.jpg,2,2,0
india-keeper-batter-rishabh-pant-in-action-during-lord-s-test-against-england-1752860568288-16_9.jpg,2,3,0
india-keeper-batter-rishabh-pant-in-action-during-lord-s-test-against-england-1752860568288-16_9.jpg,2,4,2
india-keeper-batter-rishabh-pant-in-action-during-lord-s-test-against-england-1752860568288-16_9.jpg,2,5,0
india-keeper-batter-rishabh-pant-in-action-during-lord-s-test-against-england-1752860568288-16_9.jpg,2,6,0
india-keeper-batter-rishabh-pant-in-action-during-lord-s-test-against-england-1752860568288-16_9.jpg,2,7,0
india-keeper-batter-rishabh-pant-in-action-during-lord-s-test-against-england-1752860568288-16_9.jpg,2,8,0
india-keeper-batter-rishabh-pant-in-action-during-lord-s-test-against-england-1752860568288-16_9.jpg,3,1,0
india-keeper-batter-rishabh-pant-in-action-during-lord-s-test-against-england-1752860568288-16_9.jpg,3,2,0
india-keeper-batter-rishabh-pant-in-action-during-lord-s-test-against-england-1752860568288-16_9.jpg,3,3,0
india-keeper-batter-rishabh-pant-in-action-during-lord-s-test-against-england-1752860568288-16_9.jpg,3,4,0
india-keeper-batter-rishabh-pant-in-action-during-lord-s-test-against-england-1752860568288-16_9.jpg,3,5,0
india-keeper-batter-rishabh-pant-in-action-during-lord-s-test-against-england-1752860568288-16_9.jpg,3,6,0
india-keeper-batter-rishabh-pant-in-action-during-lord-s-test-against-england-1752860568288-16_9.jpg,3,7,0
india-keeper-batter-rishabh-pant-in-action-during-lord-s-test-against-england-1752860568288-16_9.jpg,3,8,0
india-keeper-batter-rishabh-pant-in-action-during-lord-s-test-against-england-1752860568288-16_9.jpg,4,1,0
india-keeper-batter-rishabh-pant-in-action-during-lord-s-test-against-england-1752860568288-16_9.jpg,4,2,0
india-keeper-batter-rishabh-pant-in-action-during-lord-s-test-against-england-1752860568288-16_9.jpg,4,3,0
india-keeper-batter-rishabh-pant-in-action-during-lord-s-test-against-england-1752860568288-16_9.jpg,4,4,0
india-keeper-batter-rishabh-pant-in-action-during-lord-s-test-against-england-1752860568288-16_9.jpg,4,5,0
india-keeper-batter-rishabh-pant-in-action-during-lord-s-test-against-england-1752860568288-16_9.jpg,4,6,0
india-keeper-batter-rishabh-pant-in-action-during-lord-s-test-against-england-1752860568288-16_9.jpg,4,7,0
india-keeper-batter-rishabh-pant-in-action-during-lord-s-test-against-england-1752860568288-16_9.jpg,4,8,0
india-keeper-batter-rishabh-pant-in-action-during-lord-s-test-against-england-1752860568288-16_9.jpg,5,1,0
india-keeper-batter-rishabh-pant-in-action-during-lord-s-test-against-england-1752860568288-16_9.jpg,5,2,0
india-keeper-batter-rishabh-pant-in-action-during-lord-s-test-against-england-1752860568288-16_9.jpg,5,3,0
india-keeper-batter-rishabh-pant-in-action-during-lord-s-test-against-england-1752860568288-16_9.jpg,5,4,0
india-keeper-batter-rishabh-pant-in-action-during-lord-s-test-against-england-1752860568288-16_9.jpg,5,5,0
india-keeper-batter-rishabh-pant-in-action-during-lord-s-test-against-england-1752860568288-16_9.jpg,5,6,0
india-keeper-batter-rishabh-pant-in-action-during-lord-s-test-against-england-1752860568288-16_9.jpg,5,7,0
india-keeper-batter-rishabh-pant-in-action-during-lord-s-test-against-england-1752860568288-16_9.jpg,5,8,0
india-keeper-batter-rishabh-pant-in-action-during-lord-s-test-against-england-1752860568288-16_9.jpg,6,1,0
india-keeper-batter-rishabh-pant-in-action-during-lord-s-test-against-england-1752860568288-16_9.jpg,6,2,0
india-keeper-batter-rishabh-pant-in-action-during-lord-s-test-against-england-1752860568288-16_9.jpg,6,3,0
india-keeper-batter-rishabh-pant-in-action-during-lord-s-test-against-england-1752860568288-16_9.jpg,6,4,0
india-keeper-batter-rishabh-pant-in-action-during-lord-s-test-against-england-1752860568288-16_9.jpg,6,5,0
india-keeper-batter-rishabh-pant-in-action-during-lord-s-test-against-england-1752860568288-16_9.jpg,6,6,0
india-keeper-batter-rishabh-pant-in-action-during-lord-s-test-against-england-1752860568288-16_9.jpg,6,7,0
india-keeper-batter-rishabh-pant-in-action-during-lord-s-test-against-england-1752860568288-16_9.jpg,6,8,0
india-keeper-batter-rishabh-pant-in-action-during-lord-s-test-against-england-1752860568288-16_9.jpg,7,1,0
india-keeper-batter-rishabh-pant-in-action-during-lord-s-test-against-england-1752860568288-16_9.jpg,7,2,0
india-keeper-batter-rishabh-pant-in-action-during-lord-s-test-against-england-1752860568288-16_9.jpg,7,3,0
india-keeper-batter-rishabh-pant-in-action-during-lord-s-test-against-england-1752860568288-16_9.jpg,7,4,0
india-keeper-batter-rishabh-pant-in-action-during-lord-s-test-against-england-1752860568288-16_9.jpg,7,5,0
india-keeper-batter-rishabh-pant-in-action-during-lord-s-test-against-england-1752860568288-16_9.jpg,7,6,0
india-keeper-batter-rishabh-pant-in-action-during-lord-s-test-against-england-1752860568288-16_9.jpg,7,7,0
india-keeper-batter-rishabh-pant-in-action-during-lord-s-test-against-england-1752860568288-16_9.jpg,7,8,0
india-keeper-batter-rishabh-pant-in-action-during-lord-s-test-against-england-1752860568288-16_9.jpg,8,1,0
india-keeper-batter-rishabh-pant-in-action-during-lord-s-test-against-england-1752860568288-16_9.jpg,8,2,0
india-keeper-batter-rishabh-pant-in-action-during-lord-s-test-against-england-1752860568288-16_9.jpg,8,3,0
india-keeper-batter-rishabh-pant-in-action-during-lord-s-test-against-england-1752860568288-16_9.jpg,8,4,0
india-keeper-batter-rishabh-pant-in-action-during-lord-s-test-against-england-1752860568288-16_9.jpg,8,5,0
india-keeper-batter-rishabh-pant-in-action-during-lord-s-test-against-england-1752860568288-16_9.jpg,8,6,0
india-keeper-batter-rishabh-pant-in-action-during-lord-s-test-against-england-1752860568288-16_9.jpg,8,7,0
india-keeper-batter-rishabh-pant-in-action-during-lord-s-test-against-england-1752860568288-16_9.jpg,8,8,0
india-keeper-batter-rishabh-pant-in-action-on-day-03-at-lord-s-test-1752331897754-16_9.jpg,1,1,0
india-keeper-batter-rishabh-pant-in-action-on-day-03-at-lord-s-test-1752331897754-16_9.jpg,1,2,0
india-keeper-batter-rishabh-pant-in-action-on-day-03-at-lord-s-test-1752331897754-16_9.jpg,1,3,0
india-keeper-batter-rishabh-pant-in-action-on-day-03-at-lord-s-test-1752331897754-16_9.jpg,1,4,0
india-keeper-batter-rishabh-pant-in-action-on-day-03-at-lord-s-test-1752331897754-16_9.jpg,1,5,0
india-keeper-batter-rishabh-pant-in-action-on-day-03-at-lord-s-test-1752331897754-16_9.jpg,1,6,0
india-keeper-batter-rishabh-pant-in-action-on-day-03-at-lord-s-test-1752331897754-16_9.jpg,1,7,0
india-keeper-batter-rishabh-pant-in-action-on-day-03-at-lord-s-test-1752331897754-16_9.jpg,1,8,0
india-keeper-batter-rishabh-pant-in-action-on-day-03-at-lord-s-test-1752331897754-16_9.jpg,2,1,0
india-keeper-batter-rishabh-pant-in-action-on-day-03-at-lord-s-test-1752331897754-16_9.jpg,2,2,0
india-keeper-batter-rishabh-pant-in-action-on-day-03-at-lord-s-test-1752331897754-16_9.jpg,2,3,0
india-keeper-batter-rishabh-pant-in-action-on-day-03-at-lord-s-test-1752331897754-16_9.jpg,2,4,0
india-keeper-batter-rishabh-pant-in-action-on-day-03-at-lord-s-test-1752331897754-16_9.jpg,2,5,0
india-keeper-batter-rishabh-pant-in-action-on-day-03-at-lord-s-test-1752331897754-16_9.jpg,2,6,0
india-keeper-batter-rishabh-pant-in-action-on-day-03-at-lord-s-test-1752331897754-16_9.jpg,2,7,0
india-keeper-batter-rishabh-pant-in-action-on-day-03-at-lord-s-test-1752331897754-16_9.jpg,2,8,0
india-keeper-batter-rishabh-pant-in-action-on-day-03-at-lord-s-test-1752331897754-16_9.jpg,3,1,0
india-keeper-batter-rishabh-pant-in-action-on-day-03-at-lord-s-test-1752331897754-16_9.jpg,3,2,0
india-keeper-batter-rishabh-pant-in-action-on-day-03-at-lord-s-test-1752331897754-16_9.jpg,3,3,0
india-keeper-batter-rishabh-pant-in-action-on-day-03-at-lord-s-test-1752331897754-16_9.jpg,3,4,0
india-keeper-batter-rishabh-pant-in-action-on-day-03-at-lord-s-test-1752331897754-16_9.jpg,3,5,0
india-keeper-batter-rishabh-pant-in-action-on-day-03-at-lord-s-test-1752331897754-16_9.jpg,3,6,0
india-keeper-batter-rishabh-pant-in-action-on-day-03-at-lord-s-test-1752331897754-16_9.jpg,3,7,0
india-keeper-batter-rishabh-pant-in-action-on-day-03-at-lord-s-test-1752331897754-16_9.jpg,3,8,0
india-keeper-batter-rishabh-pant-in-action-on-day-03-at-lord-s-test-1752331897754-16_9.jpg,4,1,0
india-keeper-batter-rishabh-pant-in-action-on-day-03-at-lord-s-test-1752331897754-16_9.jpg,4,2,0
india-keeper-batter-rishabh-pant-in-action-on-day-03-at-lord-s-test-1752331897754-16_9.jpg,4,3,0
india-keeper-batter-rishabh-pant-in-action-on-day-03-at-lord-s-test-1752331897754-16_9.jpg,4,4,0
india-keeper-batter-rishabh-pant-in-action-on-day-03-at-lord-s-test-1752331897754-16_9.jpg,4,5,0
india-keeper-batter-rishabh-pant-in-action-on-day-03-at-lord-s-test-1752331897754-16_9.jpg,4,6,0
india-keeper-batter-rishabh-pant-in-action-on-day-03-at-lord-s-test-1752331897754-16_9.jpg,4,7,0
india-keeper-batter-rishabh-pant-in-action-on-day-03-at-lord-s-test-1752331897754-16_9.jpg,4,8,0
india-keeper-batter-rishabh-pant-in-action-on-day-03-at-lord-s-test-1752331897754-16_9.jpg,5,1,0
india-keeper-batter-rishabh-pant-in-action-on-day-03-at-lord-s-test-1752331897754-16_9.jpg,5,2,3
india-keeper-batter-rishabh-pant-in-action-on-day-03-at-lord-s-test-1752331897754-16_9.jpg,5,3,0
india-keeper-batter-rishabh-pant-in-action-on-day-03-at-lord-s-test-1752331897754-16_9.jpg,5,4,0
india-keeper-batter-rishabh-pant-in-action-on-day-03-at-lord-s-test-1752331897754-16_9.jpg,5,5,2
india-keeper-batter-rishabh-pant-in-action-on-day-03-at-lord-s-test-1752331897754-16_9.jpg,5,6,2
india-keeper-batter-rishabh-pant-in-action-on-day-03-at-lord-s-test-1752331897754-16_9.jpg,5,7,0
india-keeper-batter-rishabh-pant-in-action-on-day-03-at-lord-s-test-1752331897754-16_9.jpg,5,8,0
india-keeper-batter-rishabh-pant-in-action-on-day-03-at-lord-s-test-1752331897754-16_9.jpg,6,1,0
india-keeper-batter-rishabh-pant-in-action-on-day-03-at-lord-s-test-1752331897754-16_9.jpg,6,2,3
india-keeper-batter-rishabh-pant-in-action-on-day-03-at-lord-s-test-1752331897754-16_9.jpg,6,3,0
india-keeper-batter-rishabh-pant-in-action-on-day-03-at-lord-s-test-1752331897754-16_9.jpg,6,4,0
india-keeper-batter-rishabh-pant-in-action-on-day-03-at-lord-s-test-1752331897754-16_9.jpg,6,5,2
india-keeper-batter-rishabh-pant-in-action-on-day-03-at-lord-s-test-1752331897754-16_9.jpg,6,6,2
india-keeper-batter-rishabh-pant-in-action-on-day-03-at-lord-s-test-1752331897754-16_9.jpg,6,7,0
india-keeper-batter-rishabh-pant-in-action-on-day-03-at-lord-s-test-1752331897754-16_9.jpg,6,8,0
india-keeper-batter-rishabh-pant-in-action-on-day-03-at-lord-s-test-1752331897754-16_9.jpg,7,1,0
india-keeper-batter-rishabh-pant-in-action-on-day-03-at-lord-s-test-1752331897754-16_9.jpg,7,2,3
india-keeper-batter-rishabh-pant-in-action-on-day-03-at-lord-s-test-1752331897754-16_9.jpg,7,3,0
india-keeper-batter-rishabh-pant-in-action-on-day-03-at-lord-s-test-1752331897754-16_9.jpg,7,4,0
india-keeper-batter-rishabh-pant-in-action-on-day-03-at-lord-s-test-1752331897754-16_9.jpg,7,5,2
india-keeper-batter-rishabh-pant-in-action-on-day-03-at-lord-s-test-1752331897754-16_9.jpg,7,6,2
india-keeper-batter-rishabh-pant-in-action-on-day-03-at-lord-s-test-1752331897754-16_9.jpg,7,7,0
india-keeper-batter-rishabh-pant-in-action-on-day-03-at-lord-s-test-1752331897754-16_9.jpg,7,8,0
india-keeper-batter-rishabh-pant-in-action-on-day-03-at-lord-s-test-1752331897754-16_9.jpg,8,1,0
india-keeper-batter-rishabh-pant-in-action-on-day-03-at-lord-s-test-1752331897754-16_9.jpg,8,2,3
india-keeper-batter-rishabh-pant-in-action-on-day-03-at-lord-s-test-1752331897754-16_9.jpg,8,3,3
india-keeper-batter-rishabh-pant-in-action-on-day-03-at-lord-s-test-1752331897754-16_9.jpg,8,4,0
india-keeper-batter-rishabh-pant-in-action-on-day-03-at-lord-s-test-1752331897754-16_9.jpg,8,5,0
india-keeper-batter-rishabh-pant-in-action-on-day-03-at-lord-s-test-1752331897754-16_9.jpg,8,6,0
india-keeper-batter-rishabh-pant-in-action-on-day-03-at-lord-s-test-1752331897754-16_9.jpg,8,7,0
india-keeper-batter-rishabh-pant-in-action-on-day-03-at-lord-s-test-1752331897754-16_9.jpg,8,8,0
Innovative-Cricket-Shots-Invented-by-Players-1 (1).jpg,1,1,0
Innovative-Cricket-Shots-Invented-by-Players-1 (1).jpg,1,2,0
Innovative-Cricket-Shots-Invented-by-Players-1 (1).jpg,1,3,0
Innovative-Cricket-Shots-Invented-by-Players-1 (1).jpg,1,4,0
Innovative-Cricket-Shots-Invented-by-Players-1 (1).jpg,1,5,0
Innovative-Cricket-Shots-Invented-by-Players-1 (1).jpg,1,6,0
Innovative-Cricket-Shots-Invented-by-Players-1 (1).jpg,1,7,0
Innovative-Cricket-Shots-Invented-by-Players-1 (1).jpg,1,8,0
Innovative-Cricket-Shots-Invented-by-Players-1 (1).jpg,2,1,0
Innovative-Cricket-Shots-Invented-by-Players-1 (1).jpg,2,2,0
Innovative-Cricket-Shots-Invented-by-Players-1 (1).jpg,2,3,0
Innovative-Cricket-Shots-Invented-by-Players-1 (1).jpg,2,4,0
Innovative-Cricket-Shots-Invented-by-Players-1 (1).jpg,2,5,0
Innovative-Cricket-Shots-Invented-by-Players-1 (1).jpg,2,6,0
Innovative-Cricket-Shots-Invented-by-Players-1 (1).jpg,2,7,0
Innovative-Cricket-Shots-Invented-by-Players-1 (1).jpg,2,8,0
Innovative-Cricket-Shots-Invented-by-Players-1 (1).jpg,3,1,0
Innovative-Cricket-Shots-Invented-by-Players-1 (1).jpg,3,2,0
Innovative-Cricket-Shots-Invented-by-Players-1 (1).jpg,3,3,0
Innovative-Cricket-Shots-Invented-by-Players-1 (1).jpg,3,4,3
Innovative-Cricket-Shots-Invented-by-Players-1 (1).jpg,3,5,3
Innovative-Cricket-Shots-Invented-by-Players-1 (1).jpg,3,6,0
Innovative-Cricket-Shots-Invented-by-Players-1 (1).jpg,3,7,0
Innovative-Cricket-Shots-Invented-by-Players-1 (1).jpg,3,8,0
Innovative-Cricket-Shots-Invented-by-Players-1 (1).jpg,4,1,0
Innovative-Cricket-Shots-Invented-by-Players-1 (1).jpg,4,2,0
Innovative-Cricket-Shots-Invented-by-Players-1 (1).jpg,4,3,0
Innovative-Cricket-Shots-Invented-by-Players-1 (1).jpg,4,4,3
Innovative-Cricket-Shots-Invented-by-Players-1 (1).jpg,4,5,3
Innovative-Cricket-Shots-Invented-by-Players-1 (1).jpg,4,6,0
Innovative-Cricket-Shots-Invented-by-Players-1 (1).jpg,4,7,0
Innovative-Cricket-Shots-Invented-by-Players-1 (1).jpg,4,8,0
Innovative-Cricket-Shots-Invented-by-Players-1 (1).jpg,5,1,0
Innovative-Cricket-Shots-Invented-by-Players-1 (1).jpg,5,2,0
Innovative-Cricket-Shots-Invented-by-Players-1 (1).jpg,5,3,0
Innovative-Cricket-Shots-Invented-by-Players-1 (1).jpg,5,4,0
Innovative-Cricket-Shots-Invented-by-Players-1 (1).jpg,5,5,3
Innovative-Cricket-Shots-Invented-by-Players-1 (1).jpg,5,6,0
Innovative-Cricket-Shots-Invented-by-Players-1 (1).jpg,5,7,0
Innovative-Cricket-Shots-Invented-by-Players-1 (1).jpg,5,8,0
Innovative-Cricket-Shots-Invented-by-Players-1 (1).jpg,6,1,0
Innovative-Cricket-Shots-Invented-by-Players-1 (1).jpg,6,2,2
Innovative-Cricket-Shots-Invented-by-Players-1 (1).jpg,6,3,2
Innovative-Cricket-Shots-Invented-by-Players-1 (1).jpg,6,4,3
Innovative-Cricket-Shots-Invented-by-Players-1 (1).jpg,6,5,0
Innovative-Cricket-Shots-Invented-by-Players-1 (1).jpg,6,6,0
Innovative-Cricket-Shots-Invented-by-Players-1 (1).jpg,6,7,0
Innovative-Cricket-Shots-Invented-by-Players-1 (1).jpg,6,8,0
Innovative-Cricket-Shots-Invented-by-Players-1 (1).jpg,7,1,2
Innovative-Cricket-Shots-Invented-by-Players-1 (1).jpg,7,2,2
Innovative-Cricket-Shots-Invented-by-Players-1 (1).jpg,7,3,2
Innovative-Cricket-Shots-Invented-by-Players-1 (1).jpg,7,4,3
Innovative-Cricket-Shots-Invented-by-Players-1 (1).jpg,7,5,3
Innovative-Cricket-Shots-Invented-by-Players-1 (1).jpg,7,6,0
Innovative-Cricket-Shots-Invented-by-Players-1 (1).jpg,7,7,0
Innovative-Cricket-Shots-Invented-by-Players-1 (1).jpg,7,8,0
Innovative-Cricket-Shots-Invented-by-Players-1 (1).jpg,8,1,0
Innovative-Cricket-Shots-Invented-by-Players-1 (1).jpg,8,2,0
Innovative-Cricket-Shots-Invented-by-Players-1 (1).jpg,8,3,0
Innovative-Cricket-Shots-Invented-by-Players-1 (1).jpg,8,4,0
Innovative-Cricket-Shots-Invented-by-Players-1 (1).jpg,8,5,0
Innovative-Cricket-Shots-Invented-by-Players-1 (1).jpg,8,6,0
Innovative-Cricket-Shots-Invented-by-Players-1 (1).jpg,8,7,0
Innovative-Cricket-Shots-Invented-by-Players-1 (1).jpg,8,8,0
inside-out (1).jpg,1,1,0
inside-out (1).jpg,1,2,0
inside-out (1).jpg,1,3,0
inside-out (1).jpg,1,4,0
inside-out (1).jpg,1,5,0
inside-out (1).jpg,1,6,0
inside-out (1).jpg,1,7,0
inside-out (1).jpg,1,8,0
inside-out (1).jpg,2,1,0
inside-out (1).jpg,2,2,0
inside-out (1).jpg,2,3,0
inside-out (1).jpg,2,4,0
inside-out (1).jpg,2,5,0
inside-out (1).jpg,2,6,0
inside-out (1).jpg,2,7,0
inside-out (1).jpg,2,8,0
inside-out (1).jpg,3,1,0
inside-out (1).jpg,3,2,0
inside-out (1).jpg,3,3,0
inside-out (1).jpg,3,4,0
inside-out (1).jpg,3,5,0
inside-out (1).jpg,3,6,0
inside-out (1).jpg,3,7,0
inside-out (1).jpg,3,8,0
inside-out (1).jpg,4,1,0
inside-out (1).jpg,4,2,0
inside-out (1).jpg,4,3,0
inside-out (1).jpg,4,4,3
inside-out (1).jpg,4,5,3
inside-out (1).jpg,4,6,0
inside-out (1).jpg,4,7,0
inside-out (1).jpg,4,8,0
inside-out (1).jpg,5,1,0
inside-out (1).jpg,5,2,0
inside-out (1).jpg,5,3,2
inside-out (1).jpg,5,4,3
inside-out (1).jpg,5,5,3
inside-out (1).jpg,5,6,0
inside-out (1).jpg,5,7,0
inside-out (1).jpg,5,8,0
inside-out (1).jpg,6,1,0
inside-out (1).jpg,6,2,0
inside-out (1).jpg,6,3,2
inside-out (1).jpg,6,4,3
inside-out (1).jpg,6,5,3
inside-out (1).jpg,6,6,0
inside-out (1).jpg,6,7,0
inside-out (1).jpg,6,8,0
inside-out (1).jpg,7,1,0
inside-out (1).jpg,7,2,0
inside-out (1).jpg,7,3,1
inside-out (1).jpg,7,4,3
inside-out (1).jpg,7,5,3
inside-out (1).jpg,7,6,0
inside-out (1).jpg,7,7,0
inside-out (1).jpg,7,8,0
inside-out (1).jpg,8,1,0
inside-out (1).jpg,8,2,0
inside-out (1).jpg,8,3,0
inside-out (1).jpg,8,4,0
inside-out (1).jpg,8,5,0
inside-out (1).jpg,8,6,0
inside-out (1).jpg,8,7,0
inside-out (1).jpg,8,8,0
joe-root-in-action-against-india-in-hyderabad-reuters-253545582-16x9_0.jpg,1,1,0
joe-root-in-action-against-india-in-hyderabad-reuters-253545582-16x9_0.jpg,1,2,0
joe-root-in-action-against-india-in-hyderabad-reuters-253545582-16x9_0.jpg,1,3,0
joe-root-in-action-against-india-in-hyderabad-reuters-253545582-16x9_0.jpg,1,4,0
joe-root-in-action-against-india-in-hyderabad-reuters-253545582-16x9_0.jpg,1,5,0
joe-root-in-action-against-india-in-hyderabad-reuters-253545582-16x9_0.jpg,1,6,0
joe-root-in-action-against-india-in-hyderabad-reuters-253545582-16x9_0.jpg,1,7,0
joe-root-in-action-against-india-in-hyderabad-reuters-253545582-16x9_0.jpg,1,8,0
joe-root-in-action-against-india-in-hyderabad-reuters-253545582-16x9_0.jpg,2,1,0
joe-root-in-action-against-india-in-hyderabad-reuters-253545582-16x9_0.jpg,2,2,0
joe-root-in-action-against-india-in-hyderabad-reuters-253545582-16x9_0.jpg,2,3,0
joe-root-in-action-against-india-in-hyderabad-reuters-253545582-16x9_0.jpg,2,4,0
joe-root-in-action-against-india-in-hyderabad-reuters-253545582-16x9_0.jpg,2,5,0
joe-root-in-action-against-india-in-hyderabad-reuters-253545582-16x9_0.jpg,2,6,0
joe-root-in-action-against-india-in-hyderabad-reuters-253545582-16x9_0.jpg,2,7,0
joe-root-in-action-against-india-in-hyderabad-reuters-253545582-16x9_0.jpg,2,8,0
joe-root-in-action-against-india-in-hyderabad-reuters-253545582-16x9_0.jpg,3,1,2
joe-root-in-action-against-india-in-hyderabad-reuters-253545582-16x9_0.jpg,3,2,0
joe-root-in-action-against-india-in-hyderabad-reuters-253545582-16x9_0.jpg,3,3,0
joe-root-in-action-against-india-in-hyderabad-reuters-253545582-16x9_0.jpg,3,4,0
joe-root-in-action-against-india-in-hyderabad-reuters-253545582-16x9_0.jpg,3,5,0
joe-root-in-action-against-india-in-hyderabad-reuters-253545582-16x9_0.jpg,3,6,0
joe-root-in-action-against-india-in-hyderabad-reuters-253545582-16x9_0.jpg,3,7,0
joe-root-in-action-against-india-in-hyderabad-reuters-253545582-16x9_0.jpg,3,8,0
joe-root-in-action-against-india-in-hyderabad-reuters-253545582-16x9_0.jpg,4,1,2
joe-root-in-action-against-india-in-hyderabad-reuters-253545582-16x9_0.jpg,4,2,2
joe-root-in-action-against-india-in-hyderabad-reuters-253545582-16x9_0.jpg,4,3,0
joe-root-in-action-against-india-in-hyderabad-reuters-253545582-16x9_0.jpg,4,4,0
joe-root-in-action-against-india-in-hyderabad-reuters-253545582-16x9_0.jpg,4,5,0
joe-root-in-action-against-india-in-hyderabad-reuters-253545582-16x9_0.jpg,4,6,0
joe-root-in-action-against-india-in-hyderabad-reuters-253545582-16x9_0.jpg,4,7,0
joe-root-in-action-against-india-in-hyderabad-reuters-253545582-16x9_0.jpg,4,8,0
joe-root-in-action-against-india-in-hyderabad-reuters-253545582-16x9_0.jpg,5,1,0
joe-root-in-action-against-india-in-hyderabad-reuters-253545582-16x9_0.jpg,5,2,2
joe-root-in-action-against-india-in-hyderabad-reuters-253545582-16x9_0.jpg,5,3,2
joe-root-in-action-against-india-in-hyderabad-reuters-253545582-16x9_0.jpg,5,4,0
joe-root-in-action-against-india-in-hyderabad-reuters-253545582-16x9_0.jpg,5,5,0
joe-root-in-action-against-india-in-hyderabad-reuters-253545582-16x9_0.jpg,5,6,0
joe-root-in-action-against-india-in-hyderabad-reuters-253545582-16x9_0.jpg,5,7,0
joe-root-in-action-against-india-in-hyderabad-reuters-253545582-16x9_0.jpg,5,8,0
joe-root-in-action-against-india-in-hyderabad-reuters-253545582-16x9_0.jpg,6,1,0
joe-root-in-action-against-india-in-hyderabad-reuters-253545582-16x9_0.jpg,6,2,0
joe-root-in-action-against-india-in-hyderabad-reuters-253545582-16x9_0.jpg,6,3,0
joe-root-in-action-against-india-in-hyderabad-reuters-253545582-16x9_0.jpg,6,4,0
joe-root-in-action-against-india-in-hyderabad-reuters-253545582-16x9_0.jpg,6,5,0
joe-root-in-action-against-india-in-hyderabad-reuters-253545582-16x9_0.jpg,6,6,0
joe-root-in-action-against-india-in-hyderabad-reuters-253545582-16x9_0.jpg,6,7,0
joe-root-in-action-against-india-in-hyderabad-reuters-253545582-16x9_0.jpg,6,8,0
joe-root-in-action-against-india-in-hyderabad-reuters-253545582-16x9_0.jpg,7,1,0
joe-root-in-action-against-india-in-hyderabad-reuters-253545582-16x9_0.jpg,7,2,0
joe-root-in-action-against-india-in-hyderabad-reuters-253545582-16x9_0.jpg,7,3,0
joe-root-in-action-against-india-in-hyderabad-reuters-253545582-16x9_0.jpg,7,4,0
joe-root-in-action-against-india-in-hyderabad-reuters-253545582-16x9_0.jpg,7,5,0
joe-root-in-action-against-india-in-hyderabad-reuters-253545582-16x9_0.jpg,7,6,0
joe-root-in-action-against-india-in-hyderabad-reuters-253545582-16x9_0.jpg,7,7,0
joe-root-in-action-against-india-in-hyderabad-reuters-253545582-16x9_0.jpg,7,8,0
joe-root-in-action-against-india-in-hyderabad-reuters-253545582-16x9_0.jpg,8,1,0
joe-root-in-action-against-india-in-hyderabad-reuters-253545582-16x9_0.jpg,8,2,0
joe-root-in-action-against-india-in-hyderabad-reuters-253545582-16x9_0.jpg,8,3,0
joe-root-in-action-against-india-in-hyderabad-reuters-253545582-16x9_0.jpg,8,4,0
joe-root-in-action-against-india-in-hyderabad-reuters-253545582-16x9_0.jpg,8,5,0
joe-root-in-action-against-india-in-hyderabad-reuters-253545582-16x9_0.jpg,8,6,0
joe-root-in-action-against-india-in-hyderabad-reuters-253545582-16x9_0.jpg,8,7,0
joe-root-in-action-against-india-in-hyderabad-reuters-253545582-16x9_0.jpg,8,8,0
jos-buttler-scoop-shot (1).jpg,1,1,0
jos-buttler-scoop-shot (1).jpg,1,2,0
jos-buttler-scoop-shot (1).jpg,1,3,0
jos-buttler-scoop-shot (1).jpg,1,4,0
jos-buttler-scoop-shot (1).jpg,1,5,0
jos-buttler-scoop-shot (1).jpg,1,6,0
jos-buttler-scoop-shot (1).jpg,1,7,0
jos-buttler-scoop-shot (1).jpg,1,8,0
jos-buttler-scoop-shot (1).jpg,2,1,0
jos-buttler-scoop-shot (1).jpg,2,2,0
jos-buttler-scoop-shot (1).jpg,2,3,0
jos-buttler-scoop-shot (1).jpg,2,4,0
jos-buttler-scoop-shot (1).jpg,2,5,0
jos-buttler-scoop-shot (1).jpg,2,6,0
jos-buttler-scoop-shot (1).jpg,2,7,0
jos-buttler-scoop-shot (1).jpg,2,8,0
jos-buttler-scoop-shot (1).jpg,3,1,0
jos-buttler-scoop-shot (1).jpg,3,2,0
jos-buttler-scoop-shot (1).jpg,3,3,0
jos-buttler-scoop-shot (1).jpg,3,4,0
jos-buttler-scoop-shot (1).jpg,3,5,0
jos-buttler-scoop-shot (1).jpg,3,6,0
jos-buttler-scoop-shot (1).jpg,3,7,0
jos-buttler-scoop-shot (1).jpg,3,8,0
jos-buttler-scoop-shot (1).jpg,4,1,1
jos-buttler-scoop-shot (1).jpg,4,2,0
jos-buttler-scoop-shot (1).jpg,4,3,0
jos-buttler-scoop-shot (1).jpg,4,4,0
jos-buttler-scoop-shot (1).jpg,4,5,0
jos-buttler-scoop-shot (1).jpg,4,6,0
jos-buttler-scoop-shot (1).jpg,4,7,0
jos-buttler-scoop-shot (1).jpg,4,8,0
jos-buttler-scoop-shot (1).jpg,5,1,1
jos-buttler-scoop-shot (1).jpg,5,2,0
jos-buttler-scoop-shot (1).jpg,5,3,2
jos-buttler-scoop-shot (1).jpg,5,4,0
jos-buttler-scoop-shot (1).jpg,5,5,0
jos-buttler-scoop-shot (1).jpg,5,6,0
jos-buttler-scoop-shot (1).jpg,5,7,0
jos-buttler-scoop-shot (1).jpg,5,8,0
jos-buttler-scoop-shot (1).jpg,6,1,0
jos-buttler-scoop-shot (1).jpg,6,2,2
jos-buttler-scoop-shot (1).jpg,6,3,2
jos-buttler-scoop-shot (1).jpg,6,4,0
jos-buttler-scoop-shot (1).jpg,6,5,0
jos-buttler-scoop-shot (1).jpg,6,6,3
jos-buttler-scoop-shot (1).jpg,6,7,3
jos-buttler-scoop-shot (1).jpg,6,8,0
jos-buttler-scoop-shot (1).jpg,7,1,2
jos-buttler-scoop-shot (1).jpg,7,2,2
jos-buttler-scoop-shot (1).jpg,7,3,0
jos-buttler-scoop-shot (1).jpg,7,4,0
jos-buttler-scoop-shot (1).jpg,7,5,0
jos-buttler-scoop-shot (1).jpg,7,6,3
jos-buttler-scoop-shot (1).jpg,7,7,3
jos-buttler-scoop-shot (1).jpg,7,8,0
jos-buttler-scoop-shot (1).jpg,8,1,0
jos-buttler-scoop-shot (1).jpg,8,2,2
jos-buttler-scoop-shot (1).jpg,8,3,0
jos-buttler-scoop-shot (1).jpg,8,4,0
jos-buttler-scoop-shot (1).jpg,8,5,0
jos-buttler-scoop-shot (1).jpg,8,6,3
jos-buttler-scoop-shot (1).jpg,8,7,3
jos-buttler-scoop-shot (1).jpg,8,8,0
kss-kashmiri-willow-single-blade-cricket-bat-product-images-orvhvzncxvt-p601852135-0-202305262152.jpg,1,1,0
kss-kashmiri-willow-single-blade-cricket-bat-product-images-orvhvzncxvt-p601852135-0-202305262152.jpg,1,2,0
kss-kashmiri-willow-single-blade-cricket-bat-product-images-orvhvzncxvt-p601852135-0-202305262152.jpg,1,3,0
kss-kashmiri-willow-single-blade-cricket-bat-product-images-orvhvzncxvt-p601852135-0-202305262152.jpg,1,4,2
kss-kashmiri-willow-single-blade-cricket-bat-product-images-orvhvzncxvt-p601852135-0-202305262152.jpg,1,5,2
kss-kashmiri-willow-single-blade-cricket-bat-product-images-orvhvzncxvt-p601852135-0-202305262152.jpg,1,6,0
kss-kashmiri-willow-single-blade-cricket-bat-product-images-orvhvzncxvt-p601852135-0-202305262152.jpg,1,7,0
kss-kashmiri-willow-single-blade-cricket-bat-product-images-orvhvzncxvt-p601852135-0-202305262152.jpg,1,8,0
kss-kashmiri-willow-single-blade-cricket-bat-product-images-orvhvzncxvt-p601852135-0-202305262152.jpg,2,1,0
kss-kashmiri-willow-single-blade-cricket-bat-product-images-orvhvzncxvt-p601852135-0-202305262152.jpg,2,2,0
kss-kashmiri-willow-single-blade-cricket-bat-product-images-orvhvzncxvt-p601852135-0-202305262152.jpg,2,3,0
kss-kashmiri-willow-single-blade-cricket-bat-product-images-orvhvzncxvt-p601852135-0-202305262152.jpg,2,4,2
kss-kashmiri-willow-single-blade-cricket-bat-product-images-orvhvzncxvt-p601852135-0-202305262152.jpg,2,5,2
kss-kashmiri-willow-single-blade-cricket-bat-product-images-orvhvzncxvt-p601852135-0-202305262152.jpg,2,6,0
kss-kashmiri-willow-single-blade-cricket-bat-product-images-orvhvzncxvt-p601852135-0-202305262152.jpg,2,7,0
kss-kashmiri-willow-single-blade-cricket-bat-product-images-orvhvzncxvt-p601852135-0-202305262152.jpg,2,8,0
kss-kashmiri-willow-single-blade-cricket-bat-product-images-orvhvzncxvt-p601852135-0-202305262152.jpg,3,1,0
kss-kashmiri-willow-single-blade-cricket-bat-product-images-orvhvzncxvt-p601852135-0-202305262152.jpg,3,2,0
kss-kashmiri-willow-single-blade-cricket-bat-product-images-orvhvzncxvt-p601852135-0-202305262152.jpg,3,3,0
kss-kashmiri-willow-single-blade-cricket-bat-product-images-orvhvzncxvt-p601852135-0-202305262152.jpg,3,4,2
kss-kashmiri-willow-single-blade-cricket-bat-product-images-orvhvzncxvt-p601852135-0-202305262152.jpg,3,5,2
kss-kashmiri-willow-single-blade-cricket-bat-product-images-orvhvzncxvt-p601852135-0-202305262152.jpg,3,6,0
kss-kashmiri-willow-single-blade-cricket-bat-product-images-orvhvzncxvt-p601852135-0-202305262152.jpg,3,7,0
kss-kashmiri-willow-single-blade-cricket-bat-product-images-orvhvzncxvt-p601852135-0-202305262152.jpg,3,8,0
kss-kashmiri-willow-single-blade-cricket-bat-product-images-orvhvzncxvt-p601852135-0-202305262152.jpg,4,1,0
kss-kashmiri-willow-single-blade-cricket-bat-product-images-orvhvzncxvt-p601852135-0-202305262152.jpg,4,2,0
kss-kashmiri-willow-single-blade-cricket-bat-product-images-orvhvzncxvt-p601852135-0-202305262152.jpg,4,3,0
kss-kashmiri-willow-single-blade-cricket-bat-product-images-orvhvzncxvt-p601852135-0-202305262152.jpg,4,4,2
kss-kashmiri-willow-single-blade-cricket-bat-product-images-orvhvzncxvt-p601852135-0-202305262152.jpg,4,5,2
kss-kashmiri-willow-single-blade-cricket-bat-product-images-orvhvzncxvt-p601852135-0-202305262152.jpg,4,6,0
kss-kashmiri-willow-single-blade-cricket-bat-product-images-orvhvzncxvt-p601852135-0-202305262152.jpg,4,7,0
kss-kashmiri-willow-single-blade-cricket-bat-product-images-orvhvzncxvt-p601852135-0-202305262152.jpg,4,8,0
kss-kashmiri-willow-single-blade-cricket-bat-product-images-orvhvzncxvt-p601852135-0-202305262152.jpg,5,1,0
kss-kashmiri-willow-single-blade-cricket-bat-product-images-orvhvzncxvt-p601852135-0-202305262152.jpg,5,2,0
kss-kashmiri-willow-single-blade-cricket-bat-product-images-orvhvzncxvt-p601852135-0-202305262152.jpg,5,3,0
kss-kashmiri-willow-single-blade-cricket-bat-product-images-orvhvzncxvt-p601852135-0-202305262152.jpg,5,4,2
kss-kashmiri-willow-single-blade-cricket-bat-product-images-orvhvzncxvt-p601852135-0-202305262152.jpg,5,5,2
kss-kashmiri-willow-single-blade-cricket-bat-product-images-orvhvzncxvt-p601852135-0-202305262152.jpg,5,6,0
kss-kashmiri-willow-single-blade-cricket-bat-product-images-orvhvzncxvt-p601852135-0-202305262152.jpg,5,7,0
kss-kashmiri-willow-single-blade-cricket-bat-product-images-orvhvzncxvt-p601852135-0-202305262152.jpg,5,8,0
kss-kashmiri-willow-single-blade-cricket-bat-product-images-orvhvzncxvt-p601852135-0-202305262152.jpg,6,1,0
kss-kashmiri-willow-single-blade-cricket-bat-product-images-orvhvzncxvt-p601852135-0-202305262152.jpg,6,2,0
kss-kashmiri-willow-single-blade-cricket-bat-product-images-orvhvzncxvt-p601852135-0-202305262152.jpg,6,3,0
kss-kashmiri-willow-single-blade-cricket-bat-product-images-orvhvzncxvt-p601852135-0-202305262152.jpg,6,4,2
kss-kashmiri-willow-single-blade-cricket-bat-product-images-orvhvzncxvt-p601852135-0-202305262152.jpg,6,5,2
kss-kashmiri-willow-single-blade-cricket-bat-product-images-orvhvzncxvt-p601852135-0-202305262152.jpg,6,6,0
kss-kashmiri-willow-single-blade-cricket-bat-product-images-orvhvzncxvt-p601852135-0-202305262152.jpg,6,7,0
kss-kashmiri-willow-single-blade-cricket-bat-product-images-orvhvzncxvt-p601852135-0-202305262152.jpg,6,8,0
kss-kashmiri-willow-single-blade-cricket-bat-product-images-orvhvzncxvt-p601852135-0-202305262152.jpg,7,1,0
kss-kashmiri-willow-single-blade-cricket-bat-product-images-orvhvzncxvt-p601852135-0-202305262152.jpg,7,2,0
kss-kashmiri-willow-single-blade-cricket-bat-product-images-orvhvzncxvt-p601852135-0-202305262152.jpg,7,3,0
kss-kashmiri-willow-single-blade-cricket-bat-product-images-orvhvzncxvt-p601852135-0-202305262152.jpg,7,4,2
kss-kashmiri-willow-single-blade-cricket-bat-product-images-orvhvzncxvt-p601852135-0-202305262152.jpg,7,5,2
kss-kashmiri-willow-single-blade-cricket-bat-product-images-orvhvzncxvt-p601852135-0-202305262152.jpg,7,6,0
kss-kashmiri-willow-single-blade-cricket-bat-product-images-orvhvzncxvt-p601852135-0-202305262152.jpg,7,7,0
kss-kashmiri-willow-single-blade-cricket-bat-product-images-orvhvzncxvt-p601852135-0-202305262152.jpg,7,8,0
kss-kashmiri-willow-single-blade-cricket-bat-product-images-orvhvzncxvt-p601852135-0-202305262152.jpg,8,1,0
kss-kashmiri-willow-single-blade-cricket-bat-product-images-orvhvzncxvt-p601852135-0-202305262152.jpg,8,2,0
kss-kashmiri-willow-single-blade-cricket-bat-product-images-orvhvzncxvt-p601852135-0-202305262152.jpg,8,3,0
kss-kashmiri-willow-single-blade-cricket-bat-product-images-orvhvzncxvt-p601852135-0-202305262152.jpg,8,4,2
kss-kashmiri-willow-single-blade-cricket-bat-product-images-orvhvzncxvt-p601852135-0-202305262152.jpg,8,5,2
kss-kashmiri-willow-single-blade-cricket-bat-product-images-orvhvzncxvt-p601852135-0-202305262152.jpg,8,6,0
kss-kashmiri-willow-single-blade-cricket-bat-product-images-orvhvzncxvt-p601852135-0-202305262152.jpg,8,7,0
kss-kashmiri-willow-single-blade-cricket-bat-product-images-orvhvzncxvt-p601852135-0-202305262152.jpg,8,8,0
large.jpg,1,1,0
large.jpg,1,2,3
large.jpg,1,3,3
large.jpg,1,4,0
large.jpg,1,5,3
large.jpg,1,6,3
large.jpg,1,7,0
large.jpg,1,8,0
large.jpg,2,1,0
large.jpg,2,2,3
large.jpg,2,3,3
large.jpg,2,4,0
large.jpg,2,5,3
large.jpg,2,6,3
large.jpg,2,7,0
large.jpg,2,8,0
large.jpg,3,1,0
large.jpg,3,2,3
large.jpg,3,3,3
large.jpg,3,4,0
large.jpg,3,5,3
large.jpg,3,6,3
large.jpg,3,7,0
large.jpg,3,8,0
large.jpg,4,1,0
large.jpg,4,2,3
large.jpg,4,3,3
large.jpg,4,4,0
large.jpg,4,5,3
large.jpg,4,6,3
large.jpg,4,7,0
large.jpg,4,8,0
large.jpg,5,1,0
large.jpg,5,2,3
large.jpg,5,3,1
large.jpg,5,4,1
large.jpg,5,5,1
large.jpg,5,6,3
large.jpg,5,7,0
large.jpg,5,8,0
large.jpg,6,1,0
large.jpg,6,2,3
large.jpg,6,3,1
large.jpg,6,4,1
large.jpg,6,5,1
large.jpg,6,6,3
large.jpg,6,7,3
large.jpg,6,8,3
large.jpg,7,1,0
large.jpg,7,2,3
large.jpg,7,3,1
large.jpg,7,4,1
large.jpg,7,5,1
large.jpg,7,6,3
large.jpg,7,7,3
large.jpg,7,8,3
large.jpg,8,1,0
large.jpg,8,2,3
large.jpg,8,3,0
large.jpg,8,4,0
large.jpg,8,5,0
large.jpg,8,6,0
large.jpg,8,7,0
large.jpg,8,8,0
maxresdefault (2).jpg,1,1,0
maxresdefault (2).jpg,1,2,0
maxresdefault (2).jpg,1,3,0
maxresdefault (2).jpg,1,4,0
maxresdefault (2).jpg,1,5,0
maxresdefault (2).jpg,1,6,0
maxresdefault (2).jpg,1,7,0
maxresdefault (2).jpg,1,8,0
maxresdefault (2).jpg,2,1,0
maxresdefault (2).jpg,2,2,0
maxresdefault (2).jpg,2,3,0
maxresdefault (2).jpg,2,4,0
maxresdefault (2).jpg,2,5,0
maxresdefault (2).jpg,2,6,2
maxresdefault (2).jpg,2,7,0
maxresdefault (2).jpg,2,8,0
maxresdefault (2).jpg,3,1,0
maxresdefault (2).jpg,3,2,0
maxresdefault (2).jpg,3,3,0
maxresdefault (2).jpg,3,4,0
maxresdefault (2).jpg,3,5,2
maxresdefault (2).jpg,3,6,0
maxresdefault (2).jpg,3,7,0
maxresdefault (2).jpg,3,8,0
maxresdefault (2).jpg,4,1,0
maxresdefault (2).jpg,4,2,0
maxresdefault (2).jpg,4,3,0
maxresdefault (2).jpg,4,4,2
maxresdefault (2).jpg,4,5,2
maxresdefault (2).jpg,4,6,0
maxresdefault (2).jpg,4,7,0
maxresdefault (2).jpg,4,8,0
maxresdefault (2).jpg,5,1,0
maxresdefault (2).jpg,5,2,0
maxresdefault (2).jpg,5,3,0
maxresdefault (2).jpg,5,4,2
maxresdefault (2).jpg,5,5,2
maxresdefault (2).jpg,5,6,0
maxresdefault (2).jpg,5,7,0
maxresdefault (2).jpg,5,8,0
maxresdefault (2).jpg,6,1,0
maxresdefault (2).jpg,6,2,0
maxresdefault (2).jpg,6,3,0
maxresdefault (2).jpg,6,4,2
maxresdefault (2).jpg,6,5,2
maxresdefault (2).jpg,6,6,0
maxresdefault (2).jpg,6,7,0
maxresdefault (2).jpg,6,8,0
maxresdefault (2).jpg,7,1,0
maxresdefault (2).jpg,7,2,0
maxresdefault (2).jpg,7,3,0
maxresdefault (2).jpg,7,4,0
maxresdefault (2).jpg,7,5,0
maxresdefault (2).jpg,7,6,0
maxresdefault (2).jpg,7,7,0
maxresdefault (2).jpg,7,8,0
maxresdefault (2).jpg,8,1,0
maxresdefault (2).jpg,8,2,0
maxresdefault (2).jpg,8,3,0
maxresdefault (2).jpg,8,4,0
maxresdefault (2).jpg,8,5,0
maxresdefault (2).jpg,8,6,0
maxresdefault (2).jpg,8,7,0
maxresdefault (2).jpg,8,8,0
maxresdefault.jpg,1,1,0
maxresdefault.jpg,1,2,0
maxresdefault.jpg,1,3,0
maxresdefault.jpg,1,4,0
maxresdefault.jpg,1,5,0
maxresdefault.jpg,1,6,0
maxresdefault.jpg,1,7,0
maxresdefault.jpg,1,8,0
maxresdefault.jpg,2,1,0
maxresdefault.jpg,2,2,0
maxresdefault.jpg,2,3,0
maxresdefault.jpg,2,4,0
maxresdefault.jpg,2,5,0
maxresdefault.jpg,2,6,0
maxresdefault.jpg,2,7,0
maxresdefault.jpg,2,8,0
maxresdefault.jpg,3,1,2
maxresdefault.jpg,3,2,0
maxresdefault.jpg,3,3,0
maxresdefault.jpg,3,4,0
maxresdefault.jpg,3,5,0
maxresdefault.jpg,3,6,0
maxresdefault.jpg,3,7,0
maxresdefault.jpg,3,8,0
maxresdefault.jpg,4,1,2
maxresdefault.jpg,4,2,0
maxresdefault.jpg,4,3,0
maxresdefault.jpg,4,4,0
maxresdefault.jpg,4,5,0
maxresdefault.jpg,4,6,0
maxresdefault.jpg,4,7,0
maxresdefault.jpg,4,8,0
maxresdefault.jpg,5,1,0
maxresdefault.jpg,5,2,0
maxresdefault.jpg,5,3,0
maxresdefault.jpg,5,4,0
maxresdefault.jpg,5,5,0
maxresdefault.jpg,5,6,0
maxresdefault.jpg,5,7,0
maxresdefault.jpg,5,8,0
maxresdefault.jpg,6,1,0
maxresdefault.jpg,6,2,0
maxresdefault.jpg,6,3,0
maxresdefault.jpg,6,4,0
maxresdefault.jpg,6,5,0
maxresdefault.jpg,6,6,0
maxresdefault.jpg,6,7,0
maxresdefault.jpg,6,8,0
maxresdefault.jpg,7,1,2
maxresdefault.jpg,7,2,0
maxresdefault.jpg,7,3,0
maxresdefault.jpg,7,4,0
maxresdefault.jpg,7,5,0
maxresdefault.jpg,7,6,0
maxresdefault.jpg,7,7,0
maxresdefault.jpg,7,8,0
maxresdefault.jpg,8,1,0
maxresdefault.jpg,8,2,0
maxresdefault.jpg,8,3,0
maxresdefault.jpg,8,4,0
maxresdefault.jpg,8,5,0
maxresdefault.jpg,8,6,0
maxresdefault.jpg,8,7,0
maxresdefault.jpg,8,8,0
nairobi-kenya-august-28-kenya-batter-pushkar-sharma-in-action-during-a-training-section-in-preparation-for-international-cricket-council-icc-2XY7WN4.jpg,1,1,0
nairobi-kenya-august-28-kenya-batter-pushkar-sharma-in-action-during-a-training-section-in-preparation-for-international-cricket-council-icc-2XY7WN4.jpg,1,2,0
nairobi-kenya-august-28-kenya-batter-pushkar-sharma-in-action-during-a-training-section-in-preparation-for-international-cricket-council-icc-2XY7WN4.jpg,1,3,0
nairobi-kenya-august-28-kenya-batter-pushkar-sharma-in-action-during-a-training-section-in-preparation-for-international-cricket-council-icc-2XY7WN4.jpg,1,4,0
nairobi-kenya-august-28-kenya-batter-pushkar-sharma-in-action-during-a-training-section-in-preparation-for-international-cricket-council-icc-2XY7WN4.jpg,1,5,2
nairobi-kenya-august-28-kenya-batter-pushkar-sharma-in-action-during-a-training-section-in-preparation-for-international-cricket-council-icc-2XY7WN4.jpg,1,6,0
nairobi-kenya-august-28-kenya-batter-pushkar-sharma-in-action-during-a-training-section-in-preparation-for-international-cricket-council-icc-2XY7WN4.jpg,1,7,0
nairobi-kenya-august-28-kenya-batter-pushkar-sharma-in-action-during-a-training-section-in-preparation-for-international-cricket-council-icc-2XY7WN4.jpg,1,8,0
nairobi-kenya-august-28-kenya-batter-pushkar-sharma-in-action-during-a-training-section-in-preparation-for-international-cricket-council-icc-2XY7WN4.jpg,2,1,0
nairobi-kenya-august-28-kenya-batter-pushkar-sharma-in-action-during-a-training-section-in-preparation-for-international-cricket-council-icc-2XY7WN4.jpg,2,2,0
nairobi-kenya-august-28-kenya-batter-pushkar-sharma-in-action-during-a-training-section-in-preparation-for-international-cricket-council-icc-2XY7WN4.jpg,2,3,0
nairobi-kenya-august-28-kenya-batter-pushkar-sharma-in-action-during-a-training-section-in-preparation-for-international-cricket-council-icc-2XY7WN4.jpg,2,4,0
nairobi-kenya-august-28-kenya-batter-pushkar-sharma-in-action-during-a-training-section-in-preparation-for-international-cricket-council-icc-2XY7WN4.jpg,2,5,2
nairobi-kenya-august-28-kenya-batter-pushkar-sharma-in-action-during-a-training-section-in-preparation-for-international-cricket-council-icc-2XY7WN4.jpg,2,6,0
nairobi-kenya-august-28-kenya-batter-pushkar-sharma-in-action-during-a-training-section-in-preparation-for-international-cricket-council-icc-2XY7WN4.jpg,2,7,0
nairobi-kenya-august-28-kenya-batter-pushkar-sharma-in-action-during-a-training-section-in-preparation-for-international-cricket-council-icc-2XY7WN4.jpg,2,8,0
nairobi-kenya-august-28-kenya-batter-pushkar-sharma-in-action-during-a-training-section-in-preparation-for-international-cricket-council-icc-2XY7WN4.jpg,3,1,0
nairobi-kenya-august-28-kenya-batter-pushkar-sharma-in-action-during-a-training-section-in-preparation-for-international-cricket-council-icc-2XY7WN4.jpg,3,2,0
nairobi-kenya-august-28-kenya-batter-pushkar-sharma-in-action-during-a-training-section-in-preparation-for-international-cricket-council-icc-2XY7WN4.jpg,3,3,0
nairobi-kenya-august-28-kenya-batter-pushkar-sharma-in-action-during-a-training-section-in-preparation-for-international-cricket-council-icc-2XY7WN4.jpg,3,4,0
nairobi-kenya-august-28-kenya-batter-pushkar-sharma-in-action-during-a-training-section-in-preparation-for-international-cricket-council-icc-2XY7WN4.jpg,3,5,2
nairobi-kenya-august-28-kenya-batter-pushkar-sharma-in-action-during-a-training-section-in-preparation-for-international-cricket-council-icc-2XY7WN4.jpg,3,6,0
nairobi-kenya-august-28-kenya-batter-pushkar-sharma-in-action-during-a-training-section-in-preparation-for-international-cricket-council-icc-2XY7WN4.jpg,3,7,0
nairobi-kenya-august-28-kenya-batter-pushkar-sharma-in-action-during-a-training-section-in-preparation-for-international-cricket-council-icc-2XY7WN4.jpg,3,8,0
nairobi-kenya-august-28-kenya-batter-pushkar-sharma-in-action-during-a-training-section-in-preparation-for-international-cricket-council-icc-2XY7WN4.jpg,4,1,0
nairobi-kenya-august-28-kenya-batter-pushkar-sharma-in-action-during-a-training-section-in-preparation-for-international-cricket-council-icc-2XY7WN4.jpg,4,2,0
nairobi-kenya-august-28-kenya-batter-pushkar-sharma-in-action-during-a-training-section-in-preparation-for-international-cricket-council-icc-2XY7WN4.jpg,4,3,0
nairobi-kenya-august-28-kenya-batter-pushkar-sharma-in-action-during-a-training-section-in-preparation-for-international-cricket-council-icc-2XY7WN4.jpg,4,4,0
nairobi-kenya-august-28-kenya-batter-pushkar-sharma-in-action-during-a-training-section-in-preparation-for-international-cricket-council-icc-2XY7WN4.jpg,4,5,2
nairobi-kenya-august-28-kenya-batter-pushkar-sharma-in-action-during-a-training-section-in-preparation-for-international-cricket-council-icc-2XY7WN4.jpg,4,6,1
nairobi-kenya-august-28-kenya-batter-pushkar-sharma-in-action-during-a-training-section-in-preparation-for-international-cricket-council-icc-2XY7WN4.jpg,4,7,0
nairobi-kenya-august-28-kenya-batter-pushkar-sharma-in-action-during-a-training-section-in-preparation-for-international-cricket-council-icc-2XY7WN4.jpg,4,8,0
nairobi-kenya-august-28-kenya-batter-pushkar-sharma-in-action-during-a-training-section-in-preparation-for-international-cricket-council-icc-2XY7WN4.jpg,5,1,0
nairobi-kenya-august-28-kenya-batter-pushkar-sharma-in-action-during-a-training-section-in-preparation-for-international-cricket-council-icc-2XY7WN4.jpg,5,2,0
nairobi-kenya-august-28-kenya-batter-pushkar-sharma-in-action-during-a-training-section-in-preparation-for-international-cricket-council-icc-2XY7WN4.jpg,5,3,0
nairobi-kenya-august-28-kenya-batter-pushkar-sharma-in-action-during-a-training-section-in-preparation-for-international-cricket-council-icc-2XY7WN4.jpg,5,4,0
nairobi-kenya-august-28-kenya-batter-pushkar-sharma-in-action-during-a-training-section-in-preparation-for-international-cricket-council-icc-2XY7WN4.jpg,5,5,0
nairobi-kenya-august-28-kenya-batter-pushkar-sharma-in-action-during-a-training-section-in-preparation-for-international-cricket-council-icc-2XY7WN4.jpg,5,6,0
nairobi-kenya-august-28-kenya-batter-pushkar-sharma-in-action-during-a-training-section-in-preparation-for-international-cricket-council-icc-2XY7WN4.jpg,5,7,0
nairobi-kenya-august-28-kenya-batter-pushkar-sharma-in-action-during-a-training-section-in-preparation-for-international-cricket-council-icc-2XY7WN4.jpg,5,8,0
nairobi-kenya-august-28-kenya-batter-pushkar-sharma-in-action-during-a-training-section-in-preparation-for-international-cricket-council-icc-2XY7WN4.jpg,6,1,0
nairobi-kenya-august-28-kenya-batter-pushkar-sharma-in-action-during-a-training-section-in-preparation-for-international-cricket-council-icc-2XY7WN4.jpg,6,2,0
nairobi-kenya-august-28-kenya-batter-pushkar-sharma-in-action-during-a-training-section-in-preparation-for-international-cricket-council-icc-2XY7WN4.jpg,6,3,0
nairobi-kenya-august-28-kenya-batter-pushkar-sharma-in-action-during-a-training-section-in-preparation-for-international-cricket-council-icc-2XY7WN4.jpg,6,4,0
nairobi-kenya-august-28-kenya-batter-pushkar-sharma-in-action-during-a-training-section-in-preparation-for-international-cricket-council-icc-2XY7WN4.jpg,6,5,0
nairobi-kenya-august-28-kenya-batter-pushkar-sharma-in-action-during-a-training-section-in-preparation-for-international-cricket-council-icc-2XY7WN4.jpg,6,6,0
nairobi-kenya-august-28-kenya-batter-pushkar-sharma-in-action-during-a-training-section-in-preparation-for-international-cricket-council-icc-2XY7WN4.jpg,6,7,0
nairobi-kenya-august-28-kenya-batter-pushkar-sharma-in-action-during-a-training-section-in-preparation-for-international-cricket-council-icc-2XY7WN4.jpg,6,8,0
nairobi-kenya-august-28-kenya-batter-pushkar-sharma-in-action-during-a-training-section-in-preparation-for-international-cricket-council-icc-2XY7WN4.jpg,7,1,0
nairobi-kenya-august-28-kenya-batter-pushkar-sharma-in-action-during-a-training-section-in-preparation-for-international-cricket-council-icc-2XY7WN4.jpg,7,2,0
nairobi-kenya-august-28-kenya-batter-pushkar-sharma-in-action-during-a-training-section-in-preparation-for-international-cricket-council-icc-2XY7WN4.jpg,7,3,0
nairobi-kenya-august-28-kenya-batter-pushkar-sharma-in-action-during-a-training-section-in-preparation-for-international-cricket-council-icc-2XY7WN4.jpg,7,4,0
nairobi-kenya-august-28-kenya-batter-pushkar-sharma-in-action-during-a-training-section-in-preparation-for-international-cricket-council-icc-2XY7WN4.jpg,7,5,0
nairobi-kenya-august-28-kenya-batter-pushkar-sharma-in-action-during-a-training-section-in-preparation-for-international-cricket-council-icc-2XY7WN4.jpg,7,6,0
nairobi-kenya-august-28-kenya-batter-pushkar-sharma-in-action-during-a-training-section-in-preparation-for-international-cricket-council-icc-2XY7WN4.jpg,7,7,0
nairobi-kenya-august-28-kenya-batter-pushkar-sharma-in-action-during-a-training-section-in-preparation-for-international-cricket-council-icc-2XY7WN4.jpg,7,8,0
nairobi-kenya-august-28-kenya-batter-pushkar-sharma-in-action-during-a-training-section-in-preparation-for-international-cricket-council-icc-2XY7WN4.jpg,8,1,0
nairobi-kenya-august-28-kenya-batter-pushkar-sharma-in-action-during-a-training-section-in-preparation-for-international-cricket-council-icc-2XY7WN4.jpg,8,2,0
nairobi-kenya-august-28-kenya-batter-pushkar-sharma-in-action-during-a-training-section-in-preparation-for-international-cricket-council-icc-2XY7WN4.jpg,8,3,0
nairobi-kenya-august-28-kenya-batter-pushkar-sharma-in-action-during-a-training-section-in-preparation-for-international-cricket-council-icc-2XY7WN4.jpg,8,4,0
nairobi-kenya-august-28-kenya-batter-pushkar-sharma-in-action-during-a-training-section-in-preparation-for-international-cricket-council-icc-2XY7WN4.jpg,8,5,0
nairobi-kenya-august-28-kenya-batter-pushkar-sharma-in-action-during-a-training-section-in-preparation-for-international-cricket-council-icc-2XY7WN4.jpg,8,6,0
nairobi-kenya-august-28-kenya-batter-pushkar-sharma-in-action-during-a-training-section-in-preparation-for-international-cricket-council-icc-2XY7WN4.jpg,8,7,0
nairobi-kenya-august-28-kenya-batter-pushkar-sharma-in-action-during-a-training-section-in-preparation-for-international-cricket-council-icc-2XY7WN4.jpg,8,8,0
nic-maddinson-cancer.jpg,1,1,0
nic-maddinson-cancer.jpg,1,2,0
nic-maddinson-cancer.jpg,1,3,0
nic-maddinson-cancer.jpg,1,4,0
nic-maddinson-cancer.jpg,1,5,0
nic-maddinson-cancer.jpg,1,6,0
nic-maddinson-cancer.jpg,1,7,0
nic-maddinson-cancer.jpg,1,8,0
nic-maddinson-cancer.jpg,2,1,0
nic-maddinson-cancer.jpg,2,2,0
nic-maddinson-cancer.jpg,2,3,0
nic-maddinson-cancer.jpg,2,4,0
nic-maddinson-cancer.jpg,2,5,0
nic-maddinson-cancer.jpg,2,6,0
nic-maddinson-cancer.jpg,2,7,0
nic-maddinson-cancer.jpg,2,8,0
nic-maddinson-cancer.jpg,3,1,0
nic-maddinson-cancer.jpg,3,2,0
nic-maddinson-cancer.jpg,3,3,0
nic-maddinson-cancer.jpg,3,4,0
nic-maddinson-cancer.jpg,3,5,0
nic-maddinson-cancer.jpg,3,6,0
nic-maddinson-cancer.jpg,3,7,0
nic-maddinson-cancer.jpg,3,8,0
nic-maddinson-cancer.jpg,4,1,0
nic-maddinson-cancer.jpg,4,2,0
nic-maddinson-cancer.jpg,4,3,0
nic-maddinson-cancer.jpg,4,4,0
nic-maddinson-cancer.jpg,4,5,0
nic-maddinson-cancer.jpg,4,6,0
nic-maddinson-cancer.jpg,4,7,0
nic-maddinson-cancer.jpg,4,8,0
nic-maddinson-cancer.jpg,5,1,0
nic-maddinson-cancer.jpg,5,2,0
nic-maddinson-cancer.jpg,5,3,0
nic-maddinson-cancer.jpg,5,4,0
nic-maddinson-cancer.jpg,5,5,3
nic-maddinson-cancer.jpg,5,6,3
nic-maddinson-cancer.jpg,5,7,0
nic-maddinson-cancer.jpg,5,8,0
nic-maddinson-cancer.jpg,6,1,0
nic-maddinson-cancer.jpg,6,2,0
nic-maddinson-cancer.jpg,6,3,0
nic-maddinson-cancer.jpg,6,4,0
nic-maddinson-cancer.jpg,6,5,3
nic-maddinson-cancer.jpg,6,6,3
nic-maddinson-cancer.jpg,6,7,0
nic-maddinson-cancer.jpg,6,8,0
nic-maddinson-cancer.jpg,7,1,0
nic-maddinson-cancer.jpg,7,2,0
nic-maddinson-cancer.jpg,7,3,0
nic-maddinson-cancer.jpg,7,4,0
nic-maddinson-cancer.jpg,7,5,3
nic-maddinson-cancer.jpg,7,6,3
nic-maddinson-cancer.jpg,7,7,0
nic-maddinson-cancer.jpg,7,8,0
nic-maddinson-cancer.jpg,8,1,0
nic-maddinson-cancer.jpg,8,2,0
nic-maddinson-cancer.jpg,8,3,0
nic-maddinson-cancer.jpg,8,4,0
nic-maddinson-cancer.jpg,8,5,3
nic-maddinson-cancer.jpg,8,6,3
nic-maddinson-cancer.jpg,8,7,0
nic-maddinson-cancer.jpg,8,8,0
phil-salt-2025-07-076840d68aefcdf2d95686e1cb51d8b1-1200x675.jpg,1,1,0
phil-salt-2025-07-076840d68aefcdf2d95686e1cb51d8b1-1200x675.jpg,1,2,0
phil-salt-2025-07-076840d68aefcdf2d95686e1cb51d8b1-1200x675.jpg,1,3,0
phil-salt-2025-07-076840d68aefcdf2d95686e1cb51d8b1-1200x675.jpg,1,4,0
phil-salt-2025-07-076840d68aefcdf2d95686e1cb51d8b1-1200x675.jpg,1,5,0
phil-salt-2025-07-076840d68aefcdf2d95686e1cb51d8b1-1200x675.jpg,1,6,0
phil-salt-2025-07-076840d68aefcdf2d95686e1cb51d8b1-1200x675.jpg,1,7,0
phil-salt-2025-07-076840d68aefcdf2d95686e1cb51d8b1-1200x675.jpg,1,8,0
phil-salt-2025-07-076840d68aefcdf2d95686e1cb51d8b1-1200x675.jpg,2,1,0
phil-salt-2025-07-076840d68aefcdf2d95686e1cb51d8b1-1200x675.jpg,2,2,0
phil-salt-2025-07-076840d68aefcdf2d95686e1cb51d8b1-1200x675.jpg,2,3,0
phil-salt-2025-07-076840d68aefcdf2d95686e1cb51d8b1-1200x675.jpg,2,4,0
phil-salt-2025-07-076840d68aefcdf2d95686e1cb51d8b1-1200x675.jpg,2,5,0
phil-salt-2025-07-076840d68aefcdf2d95686e1cb51d8b1-1200x675.jpg,2,6,0
phil-salt-2025-07-076840d68aefcdf2d95686e1cb51d8b1-1200x675.jpg,2,7,0
phil-salt-2025-07-076840d68aefcdf2d95686e1cb51d8b1-1200x675.jpg,2,8,0
phil-salt-2025-07-076840d68aefcdf2d95686e1cb51d8b1-1200x675.jpg,3,1,0
phil-salt-2025-07-076840d68aefcdf2d95686e1cb51d8b1-1200x675.jpg,3,2,0
phil-salt-2025-07-076840d68aefcdf2d95686e1cb51d8b1-1200x675.jpg,3,3,0
phil-salt-2025-07-076840d68aefcdf2d95686e1cb51d8b1-1200x675.jpg,3,4,0
phil-salt-2025-07-076840d68aefcdf2d95686e1cb51d8b1-1200x675.jpg,3,5,0
phil-salt-2025-07-076840d68aefcdf2d95686e1cb51d8b1-1200x675.jpg,3,6,2
phil-salt-2025-07-076840d68aefcdf2d95686e1cb51d8b1-1200x675.jpg,3,7,0
phil-salt-2025-07-076840d68aefcdf2d95686e1cb51d8b1-1200x675.jpg,3,8,0
phil-salt-2025-07-076840d68aefcdf2d95686e1cb51d8b1-1200x675.jpg,4,1,0
phil-salt-2025-07-076840d68aefcdf2d95686e1cb51d8b1-1200x675.jpg,4,2,0
phil-salt-2025-07-076840d68aefcdf2d95686e1cb51d8b1-1200x675.jpg,4,3,0
phil-salt-2025-07-076840d68aefcdf2d95686e1cb51d8b1-1200x675.jpg,4,4,0
phil-salt-2025-07-076840d68aefcdf2d95686e1cb51d8b1-1200x675.jpg,4,5,0
phil-salt-2025-07-076840d68aefcdf2d95686e1cb51d8b1-1200x675.jpg,4,6,2
phil-salt-2025-07-076840d68aefcdf2d95686e1cb51d8b1-1200x675.jpg,4,7,2
phil-salt-2025-07-076840d68aefcdf2d95686e1cb51d8b1-1200x675.jpg,4,8,0
phil-salt-2025-07-076840d68aefcdf2d95686e1cb51d8b1-1200x675.jpg,5,1,0
phil-salt-2025-07-076840d68aefcdf2d95686e1cb51d8b1-1200x675.jpg,5,2,0
phil-salt-2025-07-076840d68aefcdf2d95686e1cb51d8b1-1200x675.jpg,5,3,0
phil-salt-2025-07-076840d68aefcdf2d95686e1cb51d8b1-1200x675.jpg,5,4,0
phil-salt-2025-07-076840d68aefcdf2d95686e1cb51d8b1-1200x675.jpg,5,5,0
phil-salt-2025-07-076840d68aefcdf2d95686e1cb51d8b1-1200x675.jpg,5,6,0
phil-salt-2025-07-076840d68aefcdf2d95686e1cb51d8b1-1200x675.jpg,5,7,2
phil-salt-2025-07-076840d68aefcdf2d95686e1cb51d8b1-1200x675.jpg,5,8,2
phil-salt-2025-07-076840d68aefcdf2d95686e1cb51d8b1-1200x675.jpg,6,1,0
phil-salt-2025-07-076840d68aefcdf2d95686e1cb51d8b1-1200x675.jpg,6,2,0
phil-salt-2025-07-076840d68aefcdf2d95686e1cb51d8b1-1200x675.jpg,6,3,0
phil-salt-2025-07-076840d68aefcdf2d95686e1cb51d8b1-1200x675.jpg,6,4,0
phil-salt-2025-07-076840d68aefcdf2d95686e1cb51d8b1-1200x675.jpg,6,5,0
phil-salt-2025-07-076840d68aefcdf2d95686e1cb51d8b1-1200x675.jpg,6,6,0
phil-salt-2025-07-076840d68aefcdf2d95686e1cb51d8b1-1200x675.jpg,6,7,2
phil-salt-2025-07-076840d68aefcdf2d95686e1cb51d8b1-1200x675.jpg,6,8,2
phil-salt-2025-07-076840d68aefcdf2d95686e1cb51d8b1-1200x675.jpg,7,1,0
phil-salt-2025-07-076840d68aefcdf2d95686e1cb51d8b1-1200x675.jpg,7,2,0
phil-salt-2025-07-076840d68aefcdf2d95686e1cb51d8b1-1200x675.jpg,7,3,0
phil-salt-2025-07-076840d68aefcdf2d95686e1cb51d8b1-1200x675.jpg,7,4,0
phil-salt-2025-07-076840d68aefcdf2d95686e1cb51d8b1-1200x675.jpg,7,5,0
phil-salt-2025-07-076840d68aefcdf2d95686e1cb51d8b1-1200x675.jpg,7,6,0
phil-salt-2025-07-076840d68aefcdf2d95686e1cb51d8b1-1200x675.jpg,7,7,0
phil-salt-2025-07-076840d68aefcdf2d95686e1cb51d8b1-1200x675.jpg,7,8,2
phil-salt-2025-07-076840d68aefcdf2d95686e1cb51d8b1-1200x675.jpg,8,1,0
phil-salt-2025-07-076840d68aefcdf2d95686e1cb51d8b1-1200x675.jpg,8,2,0
phil-salt-2025-07-076840d68aefcdf2d95686e1cb51d8b1-1200x675.jpg,8,3,0
phil-salt-2025-07-076840d68aefcdf2d95686e1cb51d8b1-1200x675.jpg,8,4,0
phil-salt-2025-07-076840d68aefcdf2d95686e1cb51d8b1-1200x675.jpg,8,5,0
phil-salt-2025-07-076840d68aefcdf2d95686e1cb51d8b1-1200x675.jpg,8,6,0
phil-salt-2025-07-076840d68aefcdf2d95686e1cb51d8b1-1200x675.jpg,8,7,0
phil-salt-2025-07-076840d68aefcdf2d95686e1cb51d8b1-1200x675.jpg,8,8,0
red-cricket-ball-and-bat-on-grass-close-up-EFW04F.jpg,1,1,0
red-cricket-ball-and-bat-on-grass-close-up-EFW04F.jpg,1,2,0
red-cricket-ball-and-bat-on-grass-close-up-EFW04F.jpg,1,3,2
red-cricket-ball-and-bat-on-grass-close-up-EFW04F.jpg,1,4,2
red-cricket-ball-and-bat-on-grass-close-up-EFW04F.jpg,1,5,2
red-cricket-ball-and-bat-on-grass-close-up-EFW04F.jpg,1,6,2
red-cricket-ball-and-bat-on-grass-close-up-EFW04F.jpg,1,7,0
red-cricket-ball-and-bat-on-grass-close-up-EFW04F.jpg,1,8,0
red-cricket-ball-and-bat-on-grass-close-up-EFW04F.jpg,2,1,0
red-cricket-ball-and-bat-on-grass-close-up-EFW04F.jpg,2,2,0
red-cricket-ball-and-bat-on-grass-close-up-EFW04F.jpg,2,3,0
red-cricket-ball-and-bat-on-grass-close-up-EFW04F.jpg,2,4,2
red-cricket-ball-and-bat-on-grass-close-up-EFW04F.jpg,2,5,2
red-cricket-ball-and-bat-on-grass-close-up-EFW04F.jpg,2,6,2
red-cricket-ball-and-bat-on-grass-close-up-EFW04F.jpg,2,7,2
red-cricket-ball-and-bat-on-grass-close-up-EFW04F.jpg,2,8,0
red-cricket-ball-and-bat-on-grass-close-up-EFW04F.jpg,3,1,0
red-cricket-ball-and-bat-on-grass-close-up-EFW04F.jpg,3,2,0
red-cricket-ball-and-bat-on-grass-close-up-EFW04F.jpg,3,3,0
red-cricket-ball-and-bat-on-grass-close-up-EFW04F.jpg,3,4,2
red-cricket-ball-and-bat-on-grass-close-up-EFW04F.jpg,3,5,2
red-cricket-ball-and-bat-on-grass-close-up-EFW04F.jpg,3,6,2
red-cricket-ball-and-bat-on-grass-close-up-EFW04F.jpg,3,7,2
red-cricket-ball-and-bat-on-grass-close-up-EFW04F.jpg,3,8,0
red-cricket-ball-and-bat-on-grass-close-up-EFW04F.jpg,4,1,0
red-cricket-ball-and-bat-on-grass-close-up-EFW04F.jpg,4,2,1
red-cricket-ball-and-bat-on-grass-close-up-EFW04F.jpg,4,3,1
red-cricket-ball-and-bat-on-grass-close-up-EFW04F.jpg,4,4,1
red-cricket-ball-and-bat-on-grass-close-up-EFW04F.jpg,4,5,2
red-cricket-ball-and-bat-on-grass-close-up-EFW04F.jpg,4,6,2
red-cricket-ball-and-bat-on-grass-close-up-EFW04F.jpg,4,7,2
red-cricket-ball-and-bat-on-grass-close-up-EFW04F.jpg,4,8,0
red-cricket-ball-and-bat-on-grass-close-up-EFW04F.jpg,5,1,0
red-cricket-ball-and-bat-on-grass-close-up-EFW04F.jpg,5,2,1
red-cricket-ball-and-bat-on-grass-close-up-EFW04F.jpg,5,3,1
red-cricket-ball-and-bat-on-grass-close-up-EFW04F.jpg,5,4,1
red-cricket-ball-and-bat-on-grass-close-up-EFW04F.jpg,5,5,0
red-cricket-ball-and-bat-on-grass-close-up-EFW04F.jpg,5,6,0
red-cricket-ball-and-bat-on-grass-close-up-EFW04F.jpg,5,7,0
red-cricket-ball-and-bat-on-grass-close-up-EFW04F.jpg,5,8,0
red-cricket-ball-and-bat-on-grass-close-up-EFW04F.jpg,6,1,0
red-cricket-ball-and-bat-on-grass-close-up-EFW04F.jpg,6,2,1
red-cricket-ball-and-bat-on-grass-close-up-EFW04F.jpg,6,3,1
red-cricket-ball-and-bat-on-grass-close-up-EFW04F.jpg,6,4,1
red-cricket-ball-and-bat-on-grass-close-up-EFW04F.jpg,6,5,0
red-cricket-ball-and-bat-on-grass-close-up-EFW04F.jpg,6,6,0
red-cricket-ball-and-bat-on-grass-close-up-EFW04F.jpg,6,7,0
red-cricket-ball-and-bat-on-grass-close-up-EFW04F.jpg,6,8,0
red-cricket-ball-and-bat-on-grass-close-up-EFW04F.jpg,7,1,0
red-cricket-ball-and-bat-on-grass-close-up-EFW04F.jpg,7,2,0
red-cricket-ball-and-bat-on-grass-close-up-EFW04F.jpg,7,3,0
red-cricket-ball-and-bat-on-grass-close-up-EFW04F.jpg,7,4,0
red-cricket-ball-and-bat-on-grass-close-up-EFW04F.jpg,7,5,0
red-cricket-ball-and-bat-on-grass-close-up-EFW04F.jpg,7,6,0
red-cricket-ball-and-bat-on-grass-close-up-EFW04F.jpg,7,7,0
red-cricket-ball-and-bat-on-grass-close-up-EFW04F.jpg,7,8,0
red-cricket-ball-and-bat-on-grass-close-up-EFW04F.jpg,8,1,0
red-cricket-ball-and-bat-on-grass-close-up-EFW04F.jpg,8,2,0
red-cricket-ball-and-bat-on-grass-close-up-EFW04F.jpg,8,3,0
red-cricket-ball-and-bat-on-grass-close-up-EFW04F.jpg,8,4,0
red-cricket-ball-and-bat-on-grass-close-up-EFW04F.jpg,8,5,0
red-cricket-ball-and-bat-on-grass-close-up-EFW04F.jpg,8,6,0
red-cricket-ball-and-bat-on-grass-close-up-EFW04F.jpg,8,7,0
red-cricket-ball-and-bat-on-grass-close-up-EFW04F.jpg,8,8,0
rn-image_picker_lib_temp_339c17e7-ff07-420b-aed2-7f8944afb37e.jpg,1,1,0
rn-image_picker_lib_temp_339c17e7-ff07-420b-aed2-7f8944afb37e.jpg,1,2,2
rn-image_picker_lib_temp_339c17e7-ff07-420b-aed2-7f8944afb37e.jpg,1,3,2
rn-image_picker_lib_temp_339c17e7-ff07-420b-aed2-7f8944afb37e.jpg,1,4,2
rn-image_picker_lib_temp_339c17e7-ff07-420b-aed2-7f8944afb37e.jpg,1,5,2
rn-image_picker_lib_temp_339c17e7-ff07-420b-aed2-7f8944afb37e.jpg,1,6,2
rn-image_picker_lib_temp_339c17e7-ff07-420b-aed2-7f8944afb37e.jpg,1,7,2
rn-image_picker_lib_temp_339c17e7-ff07-420b-aed2-7f8944afb37e.jpg,1,8,0
rn-image_picker_lib_temp_339c17e7-ff07-420b-aed2-7f8944afb37e.jpg,2,1,0
rn-image_picker_lib_temp_339c17e7-ff07-420b-aed2-7f8944afb37e.jpg,2,2,2
rn-image_picker_lib_temp_339c17e7-ff07-420b-aed2-7f8944afb37e.jpg,2,3,2
rn-image_picker_lib_temp_339c17e7-ff07-420b-aed2-7f8944afb37e.jpg,2,4,2
rn-image_picker_lib_temp_339c17e7-ff07-420b-aed2-7f8944afb37e.jpg,2,5,2
rn-image_picker_lib_temp_339c17e7-ff07-420b-aed2-7f8944afb37e.jpg,2,6,2
rn-image_picker_lib_temp_339c17e7-ff07-420b-aed2-7f8944afb37e.jpg,2,7,2
rn-image_picker_lib_temp_339c17e7-ff07-420b-aed2-7f8944afb37e.jpg,2,8,0
rn-image_picker_lib_temp_339c17e7-ff07-420b-aed2-7f8944afb37e.jpg,3,1,0
rn-image_picker_lib_temp_339c17e7-ff07-420b-aed2-7f8944afb37e.jpg,3,2,2
rn-image_picker_lib_temp_339c17e7-ff07-420b-aed2-7f8944afb37e.jpg,3,3,2
rn-image_picker_lib_temp_339c17e7-ff07-420b-aed2-7f8944afb37e.jpg,3,4,2
rn-image_picker_lib_temp_339c17e7-ff07-420b-aed2-7f8944afb37e.jpg,3,5,2
rn-image_picker_lib_temp_339c17e7-ff07-420b-aed2-7f8944afb37e.jpg,3,6,2
rn-image_picker_lib_temp_339c17e7-ff07-420b-aed2-7f8944afb37e.jpg,3,7,2
rn-image_picker_lib_temp_339c17e7-ff07-420b-aed2-7f8944afb37e.jpg,3,8,0
rn-image_picker_lib_temp_339c17e7-ff07-420b-aed2-7f8944afb37e.jpg,4,1,0
rn-image_picker_lib_temp_339c17e7-ff07-420b-aed2-7f8944afb37e.jpg,4,2,2
rn-image_picker_lib_temp_339c17e7-ff07-420b-aed2-7f8944afb37e.jpg,4,3,2
rn-image_picker_lib_temp_339c17e7-ff07-420b-aed2-7f8944afb37e.jpg,4,4,2
rn-image_picker_lib_temp_339c17e7-ff07-420b-aed2-7f8944afb37e.jpg,4,5,2
rn-image_picker_lib_temp_339c17e7-ff07-420b-aed2-7f8944afb37e.jpg,4,6,2
rn-image_picker_lib_temp_339c17e7-ff07-420b-aed2-7f8944afb37e.jpg,4,7,2
rn-image_picker_lib_temp_339c17e7-ff07-420b-aed2-7f8944afb37e.jpg,4,8,0
rn-image_picker_lib_temp_339c17e7-ff07-420b-aed2-7f8944afb37e.jpg,5,1,0
rn-image_picker_lib_temp_339c17e7-ff07-420b-aed2-7f8944afb37e.jpg,5,2,2
rn-image_picker_lib_temp_339c17e7-ff07-420b-aed2-7f8944afb37e.jpg,5,3,2
rn-image_picker_lib_temp_339c17e7-ff07-420b-aed2-7f8944afb37e.jpg,5,4,2
rn-image_picker_lib_temp_339c17e7-ff07-420b-aed2-7f8944afb37e.jpg,5,5,2
rn-image_picker_lib_temp_339c17e7-ff07-420b-aed2-7f8944afb37e.jpg,5,6,2
rn-image_picker_lib_temp_339c17e7-ff07-420b-aed2-7f8944afb37e.jpg,5,7,2
rn-image_picker_lib_temp_339c17e7-ff07-420b-aed2-7f8944afb37e.jpg,5,8,0
rn-image_picker_lib_temp_339c17e7-ff07-420b-aed2-7f8944afb37e.jpg,6,1,0
rn-image_picker_lib_temp_339c17e7-ff07-420b-aed2-7f8944afb37e.jpg,6,2,2
rn-image_picker_lib_temp_339c17e7-ff07-420b-aed2-7f8944afb37e.jpg,6,3,2
rn-image_picker_lib_temp_339c17e7-ff07-420b-aed2-7f8944afb37e.jpg,6,4,2
rn-image_picker_lib_temp_339c17e7-ff07-420b-aed2-7f8944afb37e.jpg,6,5,2
rn-image_picker_lib_temp_339c17e7-ff07-420b-aed2-7f8944afb37e.jpg,6,6,2
rn-image_picker_lib_temp_339c17e7-ff07-420b-aed2-7f8944afb37e.jpg,6,7,2
rn-image_picker_lib_temp_339c17e7-ff07-420b-aed2-7f8944afb37e.jpg,6,8,0
rn-image_picker_lib_temp_339c17e7-ff07-420b-aed2-7f8944afb37e.jpg,7,1,0
rn-image_picker_lib_temp_339c17e7-ff07-420b-aed2-7f8944afb37e.jpg,7,2,2
rn-image_picker_lib_temp_339c17e7-ff07-420b-aed2-7f8944afb37e.jpg,7,3,2
rn-image_picker_lib_temp_339c17e7-ff07-420b-aed2-7f8944afb37e.jpg,7,4,2
rn-image_picker_lib_temp_339c17e7-ff07-420b-aed2-7f8944afb37e.jpg,7,5,2
rn-image_picker_lib_temp_339c17e7-ff07-420b-aed2-7f8944afb37e.jpg,7,6,2
rn-image_picker_lib_temp_339c17e7-ff07-420b-aed2-7f8944afb37e.jpg,7,7,2
rn-image_picker_lib_temp_339c17e7-ff07-420b-aed2-7f8944afb37e.jpg,7,8,0
rn-image_picker_lib_temp_339c17e7-ff07-420b-aed2-7f8944afb37e.jpg,8,1,0
rn-image_picker_lib_temp_339c17e7-ff07-420b-aed2-7f8944afb37e.jpg,8,2,2
rn-image_picker_lib_temp_339c17e7-ff07-420b-aed2-7f8944afb37e.jpg,8,3,2
rn-image_picker_lib_temp_339c17e7-ff07-420b-aed2-7f8944afb37e.jpg,8,4,2
rn-image_picker_lib_temp_339c17e7-ff07-420b-aed2-7f8944afb37e.jpg,8,5,2
rn-image_picker_lib_temp_339c17e7-ff07-420b-aed2-7f8944afb37e.jpg,8,6,2
rn-image_picker_lib_temp_339c17e7-ff07-420b-aed2-7f8944afb37e.jpg,8,7,2
rn-image_picker_lib_temp_339c17e7-ff07-420b-aed2-7f8944afb37e.jpg,8,8,0
rn-image_picker_lib_temp_85b0cf69-581f-4ac7-9d33-80c1d183976e.jpg,1,1,0
rn-image_picker_lib_temp_85b0cf69-581f-4ac7-9d33-80c1d183976e.jpg,1,2,0
rn-image_picker_lib_temp_85b0cf69-581f-4ac7-9d33-80c1d183976e.jpg,1,3,0
rn-image_picker_lib_temp_85b0cf69-581f-4ac7-9d33-80c1d183976e.jpg,1,4,2
rn-image_picker_lib_temp_85b0cf69-581f-4ac7-9d33-80c1d183976e.jpg,1,5,2
rn-image_picker_lib_temp_85b0cf69-581f-4ac7-9d33-80c1d183976e.jpg,1,6,0
rn-image_picker_lib_temp_85b0cf69-581f-4ac7-9d33-80c1d183976e.jpg,1,7,0
rn-image_picker_lib_temp_85b0cf69-581f-4ac7-9d33-80c1d183976e.jpg,1,8,0
rn-image_picker_lib_temp_85b0cf69-581f-4ac7-9d33-80c1d183976e.jpg,2,1,0
rn-image_picker_lib_temp_85b0cf69-581f-4ac7-9d33-80c1d183976e.jpg,2,2,0
rn-image_picker_lib_temp_85b0cf69-581f-4ac7-9d33-80c1d183976e.jpg,2,3,0
rn-image_picker_lib_temp_85b0cf69-581f-4ac7-9d33-80c1d183976e.jpg,2,4,2
rn-image_picker_lib_temp_85b0cf69-581f-4ac7-9d33-80c1d183976e.jpg,2,5,2
rn-image_picker_lib_temp_85b0cf69-581f-4ac7-9d33-80c1d183976e.jpg,2,6,0
rn-image_picker_lib_temp_85b0cf69-581f-4ac7-9d33-80c1d183976e.jpg,2,7,0
rn-image_picker_lib_temp_85b0cf69-581f-4ac7-9d33-80c1d183976e.jpg,2,8,0
rn-image_picker_lib_temp_85b0cf69-581f-4ac7-9d33-80c1d183976e.jpg,3,1,0
rn-image_picker_lib_temp_85b0cf69-581f-4ac7-9d33-80c1d183976e.jpg,3,2,0
rn-image_picker_lib_temp_85b0cf69-581f-4ac7-9d33-80c1d183976e.jpg,3,3,2
rn-image_picker_lib_temp_85b0cf69-581f-4ac7-9d33-80c1d183976e.jpg,3,4,2
rn-image_picker_lib_temp_85b0cf69-581f-4ac7-9d33-80c1d183976e.jpg,3,5,2
rn-image_picker_lib_temp_85b0cf69-581f-4ac7-9d33-80c1d183976e.jpg,3,6,2
rn-image_picker_lib_temp_85b0cf69-581f-4ac7-9d33-80c1d183976e.jpg,3,7,0
rn-image_picker_lib_temp_85b0cf69-581f-4ac7-9d33-80c1d183976e.jpg,3,8,0
rn-image_picker_lib_temp_85b0cf69-581f-4ac7-9d33-80c1d183976e.jpg,4,1,0
rn-image_picker_lib_temp_85b0cf69-581f-4ac7-9d33-80c1d183976e.jpg,4,2,0
rn-image_picker_lib_temp_85b0cf69-581f-4ac7-9d33-80c1d183976e.jpg,4,3,2
rn-image_picker_lib_temp_85b0cf69-581f-4ac7-9d33-80c1d183976e.jpg,4,4,2
rn-image_picker_lib_temp_85b0cf69-581f-4ac7-9d33-80c1d183976e.jpg,4,5,2
rn-image_picker_lib_temp_85b0cf69-581f-4ac7-9d33-80c1d183976e.jpg,4,6,2
rn-image_picker_lib_temp_85b0cf69-581f-4ac7-9d33-80c1d183976e.jpg,4,7,0
rn-image_picker_lib_temp_85b0cf69-581f-4ac7-9d33-80c1d183976e.jpg,4,8,0
rn-image_picker_lib_temp_85b0cf69-581f-4ac7-9d33-80c1d183976e.jpg,5,1,0
rn-image_picker_lib_temp_85b0cf69-581f-4ac7-9d33-80c1d183976e.jpg,5,2,0
rn-image_picker_lib_temp_85b0cf69-581f-4ac7-9d33-80c1d183976e.jpg,5,3,2
rn-image_picker_lib_temp_85b0cf69-581f-4ac7-9d33-80c1d183976e.jpg,5,4,2
rn-image_picker_lib_temp_85b0cf69-581f-4ac7-9d33-80c1d183976e.jpg,5,5,2
rn-image_picker_lib_temp_85b0cf69-581f-4ac7-9d33-80c1d183976e.jpg,5,6,2
rn-image_picker_lib_temp_85b0cf69-581f-4ac7-9d33-80c1d183976e.jpg,5,7,0
rn-image_picker_lib_temp_85b0cf69-581f-4ac7-9d33-80c1d183976e.jpg,5,8,0
rn-image_picker_lib_temp_85b0cf69-581f-4ac7-9d33-80c1d183976e.jpg,6,1,0
rn-image_picker_lib_temp_85b0cf69-581f-4ac7-9d33-80c1d183976e.jpg,6,2,0
rn-image_picker_lib_temp_85b0cf69-581f-4ac7-9d33-80c1d183976e.jpg,6,3,2
rn-image_picker_lib_temp_85b0cf69-581f-4ac7-9d33-80c1d183976e.jpg,6,4,2
rn-image_picker_lib_temp_85b0cf69-581f-4ac7-9d33-80c1d183976e.jpg,6,5,2
rn-image_picker_lib_temp_85b0cf69-581f-4ac7-9d33-80c1d183976e.jpg,6,6,2
rn-image_picker_lib_temp_85b0cf69-581f-4ac7-9d33-80c1d183976e.jpg,6,7,0
rn-image_picker_lib_temp_85b0cf69-581f-4ac7-9d33-80c1d183976e.jpg,6,8,0
rn-image_picker_lib_temp_85b0cf69-581f-4ac7-9d33-80c1d183976e.jpg,7,1,0
rn-image_picker_lib_temp_85b0cf69-581f-4ac7-9d33-80c1d183976e.jpg,7,2,0
rn-image_picker_lib_temp_85b0cf69-581f-4ac7-9d33-80c1d183976e.jpg,7,3,2
rn-image_picker_lib_temp_85b0cf69-581f-4ac7-9d33-80c1d183976e.jpg,7,4,2
rn-image_picker_lib_temp_85b0cf69-581f-4ac7-9d33-80c1d183976e.jpg,7,5,2
rn-image_picker_lib_temp_85b0cf69-581f-4ac7-9d33-80c1d183976e.jpg,7,6,2
rn-image_picker_lib_temp_85b0cf69-581f-4ac7-9d33-80c1d183976e.jpg,7,7,0
rn-image_picker_lib_temp_85b0cf69-581f-4ac7-9d33-80c1d183976e.jpg,7,8,0
rn-image_picker_lib_temp_85b0cf69-581f-4ac7-9d33-80c1d183976e.jpg,8,1,0
rn-image_picker_lib_temp_85b0cf69-581f-4ac7-9d33-80c1d183976e.jpg,8,2,0
rn-image_picker_lib_temp_85b0cf69-581f-4ac7-9d33-80c1d183976e.jpg,8,3,2
rn-image_picker_lib_temp_85b0cf69-581f-4ac7-9d33-80c1d183976e.jpg,8,4,2
rn-image_picker_lib_temp_85b0cf69-581f-4ac7-9d33-80c1d183976e.jpg,8,5,2
rn-image_picker_lib_temp_85b0cf69-581f-4ac7-9d33-80c1d183976e.jpg,8,6,2
rn-image_picker_lib_temp_85b0cf69-581f-4ac7-9d33-80c1d183976e.jpg,8,7,0
rn-image_picker_lib_temp_85b0cf69-581f-4ac7-9d33-80c1d183976e.jpg,8,8,0
rohit-sharma-getty-1577360042 (1).jpg,1,1,0
rohit-sharma-getty-1577360042 (1).jpg,1,2,0
rohit-sharma-getty-1577360042 (1).jpg,1,3,0
rohit-sharma-getty-1577360042 (1).jpg,1,4,0
rohit-sharma-getty-1577360042 (1).jpg,1,5,0
rohit-sharma-getty-1577360042 (1).jpg,1,6,0
rohit-sharma-getty-1577360042 (1).jpg,1,7,0
rohit-sharma-getty-1577360042 (1).jpg,1,8,0
rohit-sharma-getty-1577360042 (1).jpg,2,1,0
rohit-sharma-getty-1577360042 (1).jpg,2,2,0
rohit-sharma-getty-1577360042 (1).jpg,2,3,0
rohit-sharma-getty-1577360042 (1).jpg,2,4,0
rohit-sharma-getty-1577360042 (1).jpg,2,5,0
rohit-sharma-getty-1577360042 (1).jpg,2,6,0
rohit-sharma-getty-1577360042 (1).jpg,2,7,0
rohit-sharma-getty-1577360042 (1).jpg,2,8,0
rohit-sharma-getty-1577360042 (1).jpg,3,1,0
rohit-sharma-getty-1577360042 (1).jpg,3,2,0
rohit-sharma-getty-1577360042 (1).jpg,3,3,0
rohit-sharma-getty-1577360042 (1).jpg,3,4,2
rohit-sharma-getty-1577360042 (1).jpg,3,5,2
rohit-sharma-getty-1577360042 (1).jpg,3,6,0
rohit-sharma-getty-1577360042 (1).jpg,3,7,0
rohit-sharma-getty-1577360042 (1).jpg,3,8,0
rohit-sharma-getty-1577360042 (1).jpg,4,1,0
rohit-sharma-getty-1577360042 (1).jpg,4,2,0
rohit-sharma-getty-1577360042 (1).jpg,4,3,0
rohit-sharma-getty-1577360042 (1).jpg,4,4,2
rohit-sharma-getty-1577360042 (1).jpg,4,5,2
rohit-sharma-getty-1577360042 (1).jpg,4,6,0
rohit-sharma-getty-1577360042 (1).jpg,4,7,0
rohit-sharma-getty-1577360042 (1).jpg,4,8,0
rohit-sharma-getty-1577360042 (1).jpg,5,1,0
rohit-sharma-getty-1577360042 (1).jpg,5,2,0
rohit-sharma-getty-1577360042 (1).jpg,5,3,0
rohit-sharma-getty-1577360042 (1).jpg,5,4,3
rohit-sharma-getty-1577360042 (1).jpg,5,5,3
rohit-sharma-getty-1577360042 (1).jpg,5,6,0
rohit-sharma-getty-1577360042 (1).jpg,5,7,0
rohit-sharma-getty-1577360042 (1).jpg,5,8,0
rohit-sharma-getty-1577360042 (1).jpg,6,1,0
rohit-sharma-getty-1577360042 (1).jpg,6,2,0
rohit-sharma-getty-1577360042 (1).jpg,6,3,0
rohit-sharma-getty-1577360042 (1).jpg,6,4,3
rohit-sharma-getty-1577360042 (1).jpg,6,5,3
rohit-sharma-getty-1577360042 (1).jpg,6,6,0
rohit-sharma-getty-1577360042 (1).jpg,6,7,0
rohit-sharma-getty-1577360042 (1).jpg,6,8,0
rohit-sharma-getty-1577360042 (1).jpg,7,1,0
rohit-sharma-getty-1577360042 (1).jpg,7,2,0
rohit-sharma-getty-1577360042 (1).jpg,7,3,0
rohit-sharma-getty-1577360042 (1).jpg,7,4,3
rohit-sharma-getty-1577360042 (1).jpg,7,5,3
rohit-sharma-getty-1577360042 (1).jpg,7,6,0
rohit-sharma-getty-1577360042 (1).jpg,7,7,0
rohit-sharma-getty-1577360042 (1).jpg,7,8,0
rohit-sharma-getty-1577360042 (1).jpg,8,1,0
rohit-sharma-getty-1577360042 (1).jpg,8,2,0
rohit-sharma-getty-1577360042 (1).jpg,8,3,0
rohit-sharma-getty-1577360042 (1).jpg,8,4,3
rohit-sharma-getty-1577360042 (1).jpg,8,5,3
rohit-sharma-getty-1577360042 (1).jpg,8,6,0
rohit-sharma-getty-1577360042 (1).jpg,8,7,0
rohit-sharma-getty-1577360042 (1).jpg,8,8,0
rudraym-rm-single-blade-light-weight-hard-tennis-circle-scoop-kashmir-willow-cricket-bat-orange-119565.jpg,1,1,0
rudraym-rm-single-blade-light-weight-hard-tennis-circle-scoop-kashmir-willow-cricket-bat-orange-119565.jpg,1,2,2
rudraym-rm-single-blade-light-weight-hard-tennis-circle-scoop-kashmir-willow-cricket-bat-orange-119565.jpg,1,3,2
rudraym-rm-single-blade-light-weight-hard-tennis-circle-scoop-kashmir-willow-cricket-bat-orange-119565.jpg,1,4,2
rudraym-rm-single-blade-light-weight-hard-tennis-circle-scoop-kashmir-willow-cricket-bat-orange-119565.jpg,1,5,2
rudraym-rm-single-blade-light-weight-hard-tennis-circle-scoop-kashmir-willow-cricket-bat-orange-119565.jpg,1,6,2
rudraym-rm-single-blade-light-weight-hard-tennis-circle-scoop-kashmir-willow-cricket-bat-orange-119565.jpg,1,7,2
rudraym-rm-single-blade-light-weight-hard-tennis-circle-scoop-kashmir-willow-cricket-bat-orange-119565.jpg,1,8,0
rudraym-rm-single-blade-light-weight-hard-tennis-circle-scoop-kashmir-willow-cricket-bat-orange-119565.jpg,2,1,0
rudraym-rm-single-blade-light-weight-hard-tennis-circle-scoop-kashmir-willow-cricket-bat-orange-119565.jpg,2,2,2
rudraym-rm-single-blade-light-weight-hard-tennis-circle-scoop-kashmir-willow-cricket-bat-orange-119565.jpg,2,3,2
rudraym-rm-single-blade-light-weight-hard-tennis-circle-scoop-kashmir-willow-cricket-bat-orange-119565.jpg,2,4,2
rudraym-rm-single-blade-light-weight-hard-tennis-circle-scoop-kashmir-willow-cricket-bat-orange-119565.jpg,2,5,2
rudraym-rm-single-blade-light-weight-hard-tennis-circle-scoop-kashmir-willow-cricket-bat-orange-119565.jpg,2,6,2
rudraym-rm-single-blade-light-weight-hard-tennis-circle-scoop-kashmir-willow-cricket-bat-orange-119565.jpg,2,7,2
rudraym-rm-single-blade-light-weight-hard-tennis-circle-scoop-kashmir-willow-cricket-bat-orange-119565.jpg,2,8,0
rudraym-rm-single-blade-light-weight-hard-tennis-circle-scoop-kashmir-willow-cricket-bat-orange-119565.jpg,3,1,0
rudraym-rm-single-blade-light-weight-hard-tennis-circle-scoop-kashmir-willow-cricket-bat-orange-119565.jpg,3,2,2
rudraym-rm-single-blade-light-weight-hard-tennis-circle-scoop-kashmir-willow-cricket-bat-orange-119565.jpg,3,3,2
rudraym-rm-single-blade-light-weight-hard-tennis-circle-scoop-kashmir-willow-cricket-bat-orange-119565.jpg,3,4,2
rudraym-rm-single-blade-light-weight-hard-tennis-circle-scoop-kashmir-willow-cricket-bat-orange-119565.jpg,3,5,2
rudraym-rm-single-blade-light-weight-hard-tennis-circle-scoop-kashmir-willow-cricket-bat-orange-119565.jpg,3,6,2
rudraym-rm-single-blade-light-weight-hard-tennis-circle-scoop-kashmir-willow-cricket-bat-orange-119565.jpg,3,7,2
rudraym-rm-single-blade-light-weight-hard-tennis-circle-scoop-kashmir-willow-cricket-bat-orange-119565.jpg,3,8,0
rudraym-rm-single-blade-light-weight-hard-tennis-circle-scoop-kashmir-willow-cricket-bat-orange-119565.jpg,4,1,0
rudraym-rm-single-blade-light-weight-hard-tennis-circle-scoop-kashmir-willow-cricket-bat-orange-119565.jpg,4,2,2
rudraym-rm-single-blade-light-weight-hard-tennis-circle-scoop-kashmir-willow-cricket-bat-orange-119565.jpg,4,3,2
rudraym-rm-single-blade-light-weight-hard-tennis-circle-scoop-kashmir-willow-cricket-bat-orange-119565.jpg,4,4,2
rudraym-rm-single-blade-light-weight-hard-tennis-circle-scoop-kashmir-willow-cricket-bat-orange-119565.jpg,4,5,2
rudraym-rm-single-blade-light-weight-hard-tennis-circle-scoop-kashmir-willow-cricket-bat-orange-119565.jpg,4,6,2
rudraym-rm-single-blade-light-weight-hard-tennis-circle-scoop-kashmir-willow-cricket-bat-orange-119565.jpg,4,7,2
rudraym-rm-single-blade-light-weight-hard-tennis-circle-scoop-kashmir-willow-cricket-bat-orange-119565.jpg,4,8,0
rudraym-rm-single-blade-light-weight-hard-tennis-circle-scoop-kashmir-willow-cricket-bat-orange-119565.jpg,5,1,0
rudraym-rm-single-blade-light-weight-hard-tennis-circle-scoop-kashmir-willow-cricket-bat-orange-119565.jpg,5,2,2
rudraym-rm-single-blade-light-weight-hard-tennis-circle-scoop-kashmir-willow-cricket-bat-orange-119565.jpg,5,3,2
rudraym-rm-single-blade-light-weight-hard-tennis-circle-scoop-kashmir-willow-cricket-bat-orange-119565.jpg,5,4,2
rudraym-rm-single-blade-light-weight-hard-tennis-circle-scoop-kashmir-willow-cricket-bat-orange-119565.jpg,5,5,2
rudraym-rm-single-blade-light-weight-hard-tennis-circle-scoop-kashmir-willow-cricket-bat-orange-119565.jpg,5,6,2
rudraym-rm-single-blade-light-weight-hard-tennis-circle-scoop-kashmir-willow-cricket-bat-orange-119565.jpg,5,7,2
rudraym-rm-single-blade-light-weight-hard-tennis-circle-scoop-kashmir-willow-cricket-bat-orange-119565.jpg,5,8,0
rudraym-rm-single-blade-light-weight-hard-tennis-circle-scoop-kashmir-willow-cricket-bat-orange-119565.jpg,6,1,0
rudraym-rm-single-blade-light-weight-hard-tennis-circle-scoop-kashmir-willow-cricket-bat-orange-119565.jpg,6,2,2
rudraym-rm-single-blade-light-weight-hard-tennis-circle-scoop-kashmir-willow-cricket-bat-orange-119565.jpg,6,3,2
rudraym-rm-single-blade-light-weight-hard-tennis-circle-scoop-kashmir-willow-cricket-bat-orange-119565.jpg,6,4,2
rudraym-rm-single-blade-light-weight-hard-tennis-circle-scoop-kashmir-willow-cricket-bat-orange-119565.jpg,6,5,2
rudraym-rm-single-blade-light-weight-hard-tennis-circle-scoop-kashmir-willow-cricket-bat-orange-119565.jpg,6,6,2
rudraym-rm-single-blade-light-weight-hard-tennis-circle-scoop-kashmir-willow-cricket-bat-orange-119565.jpg,6,7,2
rudraym-rm-single-blade-light-weight-hard-tennis-circle-scoop-kashmir-willow-cricket-bat-orange-119565.jpg,6,8,0
rudraym-rm-single-blade-light-weight-hard-tennis-circle-scoop-kashmir-willow-cricket-bat-orange-119565.jpg,7,1,2
rudraym-rm-single-blade-light-weight-hard-tennis-circle-scoop-kashmir-willow-cricket-bat-orange-119565.jpg,7,2,2
rudraym-rm-single-blade-light-weight-hard-tennis-circle-scoop-kashmir-willow-cricket-bat-orange-119565.jpg,7,3,2
rudraym-rm-single-blade-light-weight-hard-tennis-circle-scoop-kashmir-willow-cricket-bat-orange-119565.jpg,7,4,2
rudraym-rm-single-blade-light-weight-hard-tennis-circle-scoop-kashmir-willow-cricket-bat-orange-119565.jpg,7,5,2
rudraym-rm-single-blade-light-weight-hard-tennis-circle-scoop-kashmir-willow-cricket-bat-orange-119565.jpg,7,6,2
rudraym-rm-single-blade-light-weight-hard-tennis-circle-scoop-kashmir-willow-cricket-bat-orange-119565.jpg,7,7,2
rudraym-rm-single-blade-light-weight-hard-tennis-circle-scoop-kashmir-willow-cricket-bat-orange-119565.jpg,7,8,2
rudraym-rm-single-blade-light-weight-hard-tennis-circle-scoop-kashmir-willow-cricket-bat-orange-119565.jpg,8,1,2
rudraym-rm-single-blade-light-weight-hard-tennis-circle-scoop-kashmir-willow-cricket-bat-orange-119565.jpg,8,2,2
rudraym-rm-single-blade-light-weight-hard-tennis-circle-scoop-kashmir-willow-cricket-bat-orange-119565.jpg,8,3,2
rudraym-rm-single-blade-light-weight-hard-tennis-circle-scoop-kashmir-willow-cricket-bat-orange-119565.jpg,8,4,2
rudraym-rm-single-blade-light-weight-hard-tennis-circle-scoop-kashmir-willow-cricket-bat-orange-119565.jpg,8,5,2
rudraym-rm-single-blade-light-weight-hard-tennis-circle-scoop-kashmir-willow-cricket-bat-orange-119565.jpg,8,6,2
rudraym-rm-single-blade-light-weight-hard-tennis-circle-scoop-kashmir-willow-cricket-bat-orange-119565.jpg,8,7,2
rudraym-rm-single-blade-light-weight-hard-tennis-circle-scoop-kashmir-willow-cricket-bat-orange-119565.jpg,8,8,2
rudraym_rm_ak47_bandook_double_blade_light_weight_hard_tennis_scoop_single_blade_cane_singapore_handle_wood_kashmir_willow_cricket_bat_leather_soft_tennis_wood_bat_green.jpg,1,1,0
rudraym_rm_ak47_bandook_double_blade_light_weight_hard_tennis_scoop_single_blade_cane_singapore_handle_wood_kashmir_willow_cricket_bat_leather_soft_tennis_wood_bat_green.jpg,1,2,2
rudraym_rm_ak47_bandook_double_blade_light_weight_hard_tennis_scoop_single_blade_cane_singapore_handle_wood_kashmir_willow_cricket_bat_leather_soft_tennis_wood_bat_green.jpg,1,3,2
rudraym_rm_ak47_bandook_double_blade_light_weight_hard_tennis_scoop_single_blade_cane_singapore_handle_wood_kashmir_willow_cricket_bat_leather_soft_tennis_wood_bat_green.jpg,1,4,2
rudraym_rm_ak47_bandook_double_blade_light_weight_hard_tennis_scoop_single_blade_cane_singapore_handle_wood_kashmir_willow_cricket_bat_leather_soft_tennis_wood_bat_green.jpg,1,5,2
rudraym_rm_ak47_bandook_double_blade_light_weight_hard_tennis_scoop_single_blade_cane_singapore_handle_wood_kashmir_willow_cricket_bat_leather_soft_tennis_wood_bat_green.jpg,1,6,2
rudraym_rm_ak47_bandook_double_blade_light_weight_hard_tennis_scoop_single_blade_cane_singapore_handle_wood_kashmir_willow_cricket_bat_leather_soft_tennis_wood_bat_green.jpg,1,7,2
rudraym_rm_ak47_bandook_double_blade_light_weight_hard_tennis_scoop_single_blade_cane_singapore_handle_wood_kashmir_willow_cricket_bat_leather_soft_tennis_wood_bat_green.jpg,1,8,0
rudraym_rm_ak47_bandook_double_blade_light_weight_hard_tennis_scoop_single_blade_cane_singapore_handle_wood_kashmir_willow_cricket_bat_leather_soft_tennis_wood_bat_green.jpg,2,1,0
rudraym_rm_ak47_bandook_double_blade_light_weight_hard_tennis_scoop_single_blade_cane_singapore_handle_wood_kashmir_willow_cricket_bat_leather_soft_tennis_wood_bat_green.jpg,2,2,2
rudraym_rm_ak47_bandook_double_blade_light_weight_hard_tennis_scoop_single_blade_cane_singapore_handle_wood_kashmir_willow_cricket_bat_leather_soft_tennis_wood_bat_green.jpg,2,3,2
rudraym_rm_ak47_bandook_double_blade_light_weight_hard_tennis_scoop_single_blade_cane_singapore_handle_wood_kashmir_willow_cricket_bat_leather_soft_tennis_wood_bat_green.jpg,2,4,2
rudraym_rm_ak47_bandook_double_blade_light_weight_hard_tennis_scoop_single_blade_cane_singapore_handle_wood_kashmir_willow_cricket_bat_leather_soft_tennis_wood_bat_green.jpg,2,5,2
rudraym_rm_ak47_bandook_double_blade_light_weight_hard_tennis_scoop_single_blade_cane_singapore_handle_wood_kashmir_willow_cricket_bat_leather_soft_tennis_wood_bat_green.jpg,2,6,2
rudraym_rm_ak47_bandook_double_blade_light_weight_hard_tennis_scoop_single_blade_cane_singapore_handle_wood_kashmir_willow_cricket_bat_leather_soft_tennis_wood_bat_green.jpg,2,7,2
rudraym_rm_ak47_bandook_double_blade_light_weight_hard_tennis_scoop_single_blade_cane_singapore_handle_wood_kashmir_willow_cricket_bat_leather_soft_tennis_wood_bat_green.jpg,2,8,0
rudraym_rm_ak47_bandook_double_blade_light_weight_hard_tennis_scoop_single_blade_cane_singapore_handle_wood_kashmir_willow_cricket_bat_leather_soft_tennis_wood_bat_green.jpg,3,1,0
rudraym_rm_ak47_bandook_double_blade_light_weight_hard_tennis_scoop_single_blade_cane_singapore_handle_wood_kashmir_willow_cricket_bat_leather_soft_tennis_wood_bat_green.jpg,3,2,2
rudraym_rm_ak47_bandook_double_blade_light_weight_hard_tennis_scoop_single_blade_cane_singapore_handle_wood_kashmir_willow_cricket_bat_leather_soft_tennis_wood_bat_green.jpg,3,3,2
rudraym_rm_ak47_bandook_double_blade_light_weight_hard_tennis_scoop_single_blade_cane_singapore_handle_wood_kashmir_willow_cricket_bat_leather_soft_tennis_wood_bat_green.jpg,3,4,2
rudraym_rm_ak47_bandook_double_blade_light_weight_hard_tennis_scoop_single_blade_cane_singapore_handle_wood_kashmir_willow_cricket_bat_leather_soft_tennis_wood_bat_green.jpg,3,5,2
rudraym_rm_ak47_bandook_double_blade_light_weight_hard_tennis_scoop_single_blade_cane_singapore_handle_wood_kashmir_willow_cricket_bat_leather_soft_tennis_wood_bat_green.jpg,3,6,2
rudraym_rm_ak47_bandook_double_blade_light_weight_hard_tennis_scoop_single_blade_cane_singapore_handle_wood_kashmir_willow_cricket_bat_leather_soft_tennis_wood_bat_green.jpg,3,7,2
rudraym_rm_ak47_bandook_double_blade_light_weight_hard_tennis_scoop_single_blade_cane_singapore_handle_wood_kashmir_willow_cricket_bat_leather_soft_tennis_wood_bat_green.jpg,3,8,0
rudraym_rm_ak47_bandook_double_blade_light_weight_hard_tennis_scoop_single_blade_cane_singapore_handle_wood_kashmir_willow_cricket_bat_leather_soft_tennis_wood_bat_green.jpg,4,1,0
rudraym_rm_ak47_bandook_double_blade_light_weight_hard_tennis_scoop_single_blade_cane_singapore_handle_wood_kashmir_willow_cricket_bat_leather_soft_tennis_wood_bat_green.jpg,4,2,2
rudraym_rm_ak47_bandook_double_blade_light_weight_hard_tennis_scoop_single_blade_cane_singapore_handle_wood_kashmir_willow_cricket_bat_leather_soft_tennis_wood_bat_green.jpg,4,3,2
rudraym_rm_ak47_bandook_double_blade_light_weight_hard_tennis_scoop_single_blade_cane_singapore_handle_wood_kashmir_willow_cricket_bat_leather_soft_tennis_wood_bat_green.jpg,4,4,2
rudraym_rm_ak47_bandook_double_blade_light_weight_hard_tennis_scoop_single_blade_cane_singapore_handle_wood_kashmir_willow_cricket_bat_leather_soft_tennis_wood_bat_green.jpg,4,5,2
rudraym_rm_ak47_bandook_double_blade_light_weight_hard_tennis_scoop_single_blade_cane_singapore_handle_wood_kashmir_willow_cricket_bat_leather_soft_tennis_wood_bat_green.jpg,4,6,2
rudraym_rm_ak47_bandook_double_blade_light_weight_hard_tennis_scoop_single_blade_cane_singapore_handle_wood_kashmir_willow_cricket_bat_leather_soft_tennis_wood_bat_green.jpg,4,7,2
rudraym_rm_ak47_bandook_double_blade_light_weight_hard_tennis_scoop_single_blade_cane_singapore_handle_wood_kashmir_willow_cricket_bat_leather_soft_tennis_wood_bat_green.jpg,4,8,0
rudraym_rm_ak47_bandook_double_blade_light_weight_hard_tennis_scoop_single_blade_cane_singapore_handle_wood_kashmir_willow_cricket_bat_leather_soft_tennis_wood_bat_green.jpg,5,1,0
rudraym_rm_ak47_bandook_double_blade_light_weight_hard_tennis_scoop_single_blade_cane_singapore_handle_wood_kashmir_willow_cricket_bat_leather_soft_tennis_wood_bat_green.jpg,5,2,2
rudraym_rm_ak47_bandook_double_blade_light_weight_hard_tennis_scoop_single_blade_cane_singapore_handle_wood_kashmir_willow_cricket_bat_leather_soft_tennis_wood_bat_green.jpg,5,3,2
rudraym_rm_ak47_bandook_double_blade_light_weight_hard_tennis_scoop_single_blade_cane_singapore_handle_wood_kashmir_willow_cricket_bat_leather_soft_tennis_wood_bat_green.jpg,5,4,2
rudraym_rm_ak47_bandook_double_blade_light_weight_hard_tennis_scoop_single_blade_cane_singapore_handle_wood_kashmir_willow_cricket_bat_leather_soft_tennis_wood_bat_green.jpg,5,5,2
rudraym_rm_ak47_bandook_double_blade_light_weight_hard_tennis_scoop_single_blade_cane_singapore_handle_wood_kashmir_willow_cricket_bat_leather_soft_tennis_wood_bat_green.jpg,5,6,2
rudraym_rm_ak47_bandook_double_blade_light_weight_hard_tennis_scoop_single_blade_cane_singapore_handle_wood_kashmir_willow_cricket_bat_leather_soft_tennis_wood_bat_green.jpg,5,7,2
rudraym_rm_ak47_bandook_double_blade_light_weight_hard_tennis_scoop_single_blade_cane_singapore_handle_wood_kashmir_willow_cricket_bat_leather_soft_tennis_wood_bat_green.jpg,5,8,0
rudraym_rm_ak47_bandook_double_blade_light_weight_hard_tennis_scoop_single_blade_cane_singapore_handle_wood_kashmir_willow_cricket_bat_leather_soft_tennis_wood_bat_green.jpg,6,1,0
rudraym_rm_ak47_bandook_double_blade_light_weight_hard_tennis_scoop_single_blade_cane_singapore_handle_wood_kashmir_willow_cricket_bat_leather_soft_tennis_wood_bat_green.jpg,6,2,2
rudraym_rm_ak47_bandook_double_blade_light_weight_hard_tennis_scoop_single_blade_cane_singapore_handle_wood_kashmir_willow_cricket_bat_leather_soft_tennis_wood_bat_green.jpg,6,3,2
rudraym_rm_ak47_bandook_double_blade_light_weight_hard_tennis_scoop_single_blade_cane_singapore_handle_wood_kashmir_willow_cricket_bat_leather_soft_tennis_wood_bat_green.jpg,6,4,2
rudraym_rm_ak47_bandook_double_blade_light_weight_hard_tennis_scoop_single_blade_cane_singapore_handle_wood_kashmir_willow_cricket_bat_leather_soft_tennis_wood_bat_green.jpg,6,5,2
rudraym_rm_ak47_bandook_double_blade_light_weight_hard_tennis_scoop_single_blade_cane_singapore_handle_wood_kashmir_willow_cricket_bat_leather_soft_tennis_wood_bat_green.jpg,6,6,2
rudraym_rm_ak47_bandook_double_blade_light_weight_hard_tennis_scoop_single_blade_cane_singapore_handle_wood_kashmir_willow_cricket_bat_leather_soft_tennis_wood_bat_green.jpg,6,7,2
rudraym_rm_ak47_bandook_double_blade_light_weight_hard_tennis_scoop_single_blade_cane_singapore_handle_wood_kashmir_willow_cricket_bat_leather_soft_tennis_wood_bat_green.jpg,6,8,0
rudraym_rm_ak47_bandook_double_blade_light_weight_hard_tennis_scoop_single_blade_cane_singapore_handle_wood_kashmir_willow_cricket_bat_leather_soft_tennis_wood_bat_green.jpg,7,1,0
rudraym_rm_ak47_bandook_double_blade_light_weight_hard_tennis_scoop_single_blade_cane_singapore_handle_wood_kashmir_willow_cricket_bat_leather_soft_tennis_wood_bat_green.jpg,7,2,2
rudraym_rm_ak47_bandook_double_blade_light_weight_hard_tennis_scoop_single_blade_cane_singapore_handle_wood_kashmir_willow_cricket_bat_leather_soft_tennis_wood_bat_green.jpg,7,3,2
rudraym_rm_ak47_bandook_double_blade_light_weight_hard_tennis_scoop_single_blade_cane_singapore_handle_wood_kashmir_willow_cricket_bat_leather_soft_tennis_wood_bat_green.jpg,7,4,2
rudraym_rm_ak47_bandook_double_blade_light_weight_hard_tennis_scoop_single_blade_cane_singapore_handle_wood_kashmir_willow_cricket_bat_leather_soft_tennis_wood_bat_green.jpg,7,5,2
rudraym_rm_ak47_bandook_double_blade_light_weight_hard_tennis_scoop_single_blade_cane_singapore_handle_wood_kashmir_willow_cricket_bat_leather_soft_tennis_wood_bat_green.jpg,7,6,2
rudraym_rm_ak47_bandook_double_blade_light_weight_hard_tennis_scoop_single_blade_cane_singapore_handle_wood_kashmir_willow_cricket_bat_leather_soft_tennis_wood_bat_green.jpg,7,7,2
rudraym_rm_ak47_bandook_double_blade_light_weight_hard_tennis_scoop_single_blade_cane_singapore_handle_wood_kashmir_willow_cricket_bat_leather_soft_tennis_wood_bat_green.jpg,7,8,0
rudraym_rm_ak47_bandook_double_blade_light_weight_hard_tennis_scoop_single_blade_cane_singapore_handle_wood_kashmir_willow_cricket_bat_leather_soft_tennis_wood_bat_green.jpg,8,1,0
rudraym_rm_ak47_bandook_double_blade_light_weight_hard_tennis_scoop_single_blade_cane_singapore_handle_wood_kashmir_willow_cricket_bat_leather_soft_tennis_wood_bat_green.jpg,8,2,2
rudraym_rm_ak47_bandook_double_blade_light_weight_hard_tennis_scoop_single_blade_cane_singapore_handle_wood_kashmir_willow_cricket_bat_leather_soft_tennis_wood_bat_green.jpg,8,3,2
rudraym_rm_ak47_bandook_double_blade_light_weight_hard_tennis_scoop_single_blade_cane_singapore_handle_wood_kashmir_willow_cricket_bat_leather_soft_tennis_wood_bat_green.jpg,8,4,2
rudraym_rm_ak47_bandook_double_blade_light_weight_hard_tennis_scoop_single_blade_cane_singapore_handle_wood_kashmir_willow_cricket_bat_leather_soft_tennis_wood_bat_green.jpg,8,5,2
rudraym_rm_ak47_bandook_double_blade_light_weight_hard_tennis_scoop_single_blade_cane_singapore_handle_wood_kashmir_willow_cricket_bat_leather_soft_tennis_wood_bat_green.jpg,8,6,2
rudraym_rm_ak47_bandook_double_blade_light_weight_hard_tennis_scoop_single_blade_cane_singapore_handle_wood_kashmir_willow_cricket_bat_leather_soft_tennis_wood_bat_green.jpg,8,7,2
rudraym_rm_ak47_bandook_double_blade_light_weight_hard_tennis_scoop_single_blade_cane_singapore_handle_wood_kashmir_willow_cricket_bat_leather_soft_tennis_wood_bat_green.jpg,8,8,0
Safsof_rubber-foam-toys_CKS-29_01.jpg,1,1,0
Safsof_rubber-foam-toys_CKS-29_01.jpg,1,2,0
Safsof_rubber-foam-toys_CKS-29_01.jpg,1,3,0
Safsof_rubber-foam-toys_CKS-29_01.jpg,1,4,0
Safsof_rubber-foam-toys_CKS-29_01.jpg,1,5,0
Safsof_rubber-foam-toys_CKS-29_01.jpg,1,6,2
Safsof_rubber-foam-toys_CKS-29_01.jpg,1,7,2
Safsof_rubber-foam-toys_CKS-29_01.jpg,1,8,0
Safsof_rubber-foam-toys_CKS-29_01.jpg,2,1,0
Safsof_rubber-foam-toys_CKS-29_01.jpg,2,2,0
Safsof_rubber-foam-toys_CKS-29_01.jpg,2,3,0
Safsof_rubber-foam-toys_CKS-29_01.jpg,2,4,0
Safsof_rubber-foam-toys_CKS-29_01.jpg,2,5,2
Safsof_rubber-foam-toys_CKS-29_01.jpg,2,6,2
Safsof_rubber-foam-toys_CKS-29_01.jpg,2,7,0
Safsof_rubber-foam-toys_CKS-29_01.jpg,2,8,0
Safsof_rubber-foam-toys_CKS-29_01.jpg,3,1,0
Safsof_rubber-foam-toys_CKS-29_01.jpg,3,2,0
Safsof_rubber-foam-toys_CKS-29_01.jpg,3,3,0
Safsof_rubber-foam-toys_CKS-29_01.jpg,3,4,0
Safsof_rubber-foam-toys_CKS-29_01.jpg,3,5,2
Safsof_rubber-foam-toys_CKS-29_01.jpg,3,6,2
Safsof_rubber-foam-toys_CKS-29_01.jpg,3,7,0
Safsof_rubber-foam-toys_CKS-29_01.jpg,3,8,0
Safsof_rubber-foam-toys_CKS-29_01.jpg,4,1,0
Safsof_rubber-foam-toys_CKS-29_01.jpg,4,2,0
Safsof_rubber-foam-toys_CKS-29_01.jpg,4,3,0
Safsof_rubber-foam-toys_CKS-29_01.jpg,4,4,0
Safsof_rubber-foam-toys_CKS-29_01.jpg,4,5,2
Safsof_rubber-foam-toys_CKS-29_01.jpg,4,6,2
Safsof_rubber-foam-toys_CKS-29_01.jpg,4,7,0
Safsof_rubber-foam-toys_CKS-29_01.jpg,4,8,0
Safsof_rubber-foam-toys_CKS-29_01.jpg,5,1,0
Safsof_rubber-foam-toys_CKS-29_01.jpg,5,2,0
Safsof_rubber-foam-toys_CKS-29_01.jpg,5,3,0
Safsof_rubber-foam-toys_CKS-29_01.jpg,5,4,0
Safsof_rubber-foam-toys_CKS-29_01.jpg,5,5,2
Safsof_rubber-foam-toys_CKS-29_01.jpg,5,6,2
Safsof_rubber-foam-toys_CKS-29_01.jpg,5,7,0
Safsof_rubber-foam-toys_CKS-29_01.jpg,5,8,0
Safsof_rubber-foam-toys_CKS-29_01.jpg,6,1,0
Safsof_rubber-foam-toys_CKS-29_01.jpg,6,2,1
Safsof_rubber-foam-toys_CKS-29_01.jpg,6,3,1
Safsof_rubber-foam-toys_CKS-29_01.jpg,6,4,2
Safsof_rubber-foam-toys_CKS-29_01.jpg,6,5,2
Safsof_rubber-foam-toys_CKS-29_01.jpg,6,6,0
Safsof_rubber-foam-toys_CKS-29_01.jpg,6,7,0
Safsof_rubber-foam-toys_CKS-29_01.jpg,6,8,0
Safsof_rubber-foam-toys_CKS-29_01.jpg,7,1,0
Safsof_rubber-foam-toys_CKS-29_01.jpg,7,2,1
Safsof_rubber-foam-toys_CKS-29_01.jpg,7,3,1
Safsof_rubber-foam-toys_CKS-29_01.jpg,7,4,2
Safsof_rubber-foam-toys_CKS-29_01.jpg,7,5,2
Safsof_rubber-foam-toys_CKS-29_01.jpg,7,6,0
Safsof_rubber-foam-toys_CKS-29_01.jpg,7,7,0
Safsof_rubber-foam-toys_CKS-29_01.jpg,7,8,0
Safsof_rubber-foam-toys_CKS-29_01.jpg,8,1,0
Safsof_rubber-foam-toys_CKS-29_01.jpg,8,2,1
Safsof_rubber-foam-toys_CKS-29_01.jpg,8,3,1
Safsof_rubber-foam-toys_CKS-29_01.jpg,8,4,2
Safsof_rubber-foam-toys_CKS-29_01.jpg,8,5,2
Safsof_rubber-foam-toys_CKS-29_01.jpg,8,6,0
Safsof_rubber-foam-toys_CKS-29_01.jpg,8,7,0
Safsof_rubber-foam-toys_CKS-29_01.jpg,8,8,0
sarfaraz-khan-1600_20251024145836.jpg,1,1,0
sarfaraz-khan-1600_20251024145836.jpg,1,2,2
sarfaraz-khan-1600_20251024145836.jpg,1,3,0
sarfaraz-khan-1600_20251024145836.jpg,1,4,0
sarfaraz-khan-1600_20251024145836.jpg,1,5,0
sarfaraz-khan-1600_20251024145836.jpg,1,6,0
sarfaraz-khan-1600_20251024145836.jpg,1,7,0
sarfaraz-khan-1600_20251024145836.jpg,1,8,0
sarfaraz-khan-1600_20251024145836.jpg,2,1,0
sarfaraz-khan-1600_20251024145836.jpg,2,2,2
sarfaraz-khan-1600_20251024145836.jpg,2,3,2
sarfaraz-khan-1600_20251024145836.jpg,2,4,0
sarfaraz-khan-1600_20251024145836.jpg,2,5,0
sarfaraz-khan-1600_20251024145836.jpg,2,6,0
sarfaraz-khan-1600_20251024145836.jpg,2,7,0
sarfaraz-khan-1600_20251024145836.jpg,2,8,0
sarfaraz-khan-1600_20251024145836.jpg,3,1,0
sarfaraz-khan-1600_20251024145836.jpg,3,2,0
sarfaraz-khan-1600_20251024145836.jpg,3,3,2
sarfaraz-khan-1600_20251024145836.jpg,3,4,0
sarfaraz-khan-1600_20251024145836.jpg,3,5,0
sarfaraz-khan-1600_20251024145836.jpg,3,6,0
sarfaraz-khan-1600_20251024145836.jpg,3,7,0
sarfaraz-khan-1600_20251024145836.jpg,3,8,0
sarfaraz-khan-1600_20251024145836.jpg,4,1,0
sarfaraz-khan-1600_20251024145836.jpg,4,2,0
sarfaraz-khan-1600_20251024145836.jpg,4,3,0
sarfaraz-khan-1600_20251024145836.jpg,4,4,0
sarfaraz-khan-1600_20251024145836.jpg,4,5,0
sarfaraz-khan-1600_20251024145836.jpg,4,6,0
sarfaraz-khan-1600_20251024145836.jpg,4,7,0
sarfaraz-khan-1600_20251024145836.jpg,4,8,0
sarfaraz-khan-1600_20251024145836.jpg,5,1,0
sarfaraz-khan-1600_20251024145836.jpg,5,2,0
sarfaraz-khan-1600_20251024145836.jpg,5,3,3
sarfaraz-khan-1600_20251024145836.jpg,5,4,0
sarfaraz-khan-1600_20251024145836.jpg,5,5,0
sarfaraz-khan-1600_20251024145836.jpg,5,6,0
sarfaraz-khan-1600_20251024145836.jpg,5,7,0
sarfaraz-khan-1600_20251024145836.jpg,5,8,0
sarfaraz-khan-1600_20251024145836.jpg,6,1,0
sarfaraz-khan-1600_20251024145836.jpg,6,2,0
sarfaraz-khan-1600_20251024145836.jpg,6,3,3
sarfaraz-khan-1600_20251024145836.jpg,6,4,0
sarfaraz-khan-1600_20251024145836.jpg,6,5,0
sarfaraz-khan-1600_20251024145836.jpg,6,6,0
sarfaraz-khan-1600_20251024145836.jpg,6,7,0
sarfaraz-khan-1600_20251024145836.jpg,6,8,0
sarfaraz-khan-1600_20251024145836.jpg,7,1,0
sarfaraz-khan-1600_20251024145836.jpg,7,2,0
sarfaraz-khan-1600_20251024145836.jpg,7,3,3
sarfaraz-khan-1600_20251024145836.jpg,7,4,0
sarfaraz-khan-1600_20251024145836.jpg,7,5,0
sarfaraz-khan-1600_20251024145836.jpg,7,6,0
sarfaraz-khan-1600_20251024145836.jpg,7,7,0
sarfaraz-khan-1600_20251024145836.jpg,7,8,0
sarfaraz-khan-1600_20251024145836.jpg,8,1,0
sarfaraz-khan-1600_20251024145836.jpg,8,2,0
sarfaraz-khan-1600_20251024145836.jpg,8,3,3
sarfaraz-khan-1600_20251024145836.jpg,8,4,0
sarfaraz-khan-1600_20251024145836.jpg,8,5,0
sarfaraz-khan-1600_20251024145836.jpg,8,6,0
sarfaraz-khan-1600_20251024145836.jpg,8,7,0
sarfaraz-khan-1600_20251024145836.jpg,8,8,0
Single-Blade-Cricket-Bat-2.jpg,1,1,0
Single-Blade-Cricket-Bat-2.jpg,1,2,0
Single-Blade-Cricket-Bat-2.jpg,1,3,0
Single-Blade-Cricket-Bat-2.jpg,1,4,2
Single-Blade-Cricket-Bat-2.jpg,1,5,2
Single-Blade-Cricket-Bat-2.jpg,1,6,0
Single-Blade-Cricket-Bat-2.jpg,1,7,0
Single-Blade-Cricket-Bat-2.jpg,1,8,0
Single-Blade-Cricket-Bat-2.jpg,2,1,0
Single-Blade-Cricket-Bat-2.jpg,2,2,0
Single-Blade-Cricket-Bat-2.jpg,2,3,0
Single-Blade-Cricket-Bat-2.jpg,2,4,2
Single-Blade-Cricket-Bat-2.jpg,2,5,2
Single-Blade-Cricket-Bat-2.jpg,2,6,0
Single-Blade-Cricket-Bat-2.jpg,2,7,0
Single-Blade-Cricket-Bat-2.jpg,2,8,0
Single-Blade-Cricket-Bat-2.jpg,3,1,0
Single-Blade-Cricket-Bat-2.jpg,3,2,0
Single-Blade-Cricket-Bat-2.jpg,3,3,0
Single-Blade-Cricket-Bat-2.jpg,3,4,2
Single-Blade-Cricket-Bat-2.jpg,3,5,2
Single-Blade-Cricket-Bat-2.jpg,3,6,0
Single-Blade-Cricket-Bat-2.jpg,3,7,0
Single-Blade-Cricket-Bat-2.jpg,3,8,0
Single-Blade-Cricket-Bat-2.jpg,4,1,0
Single-Blade-Cricket-Bat-2.jpg,4,2,0
Single-Blade-Cricket-Bat-2.jpg,4,3,0
Single-Blade-Cricket-Bat-2.jpg,4,4,2
Single-Blade-Cricket-Bat-2.jpg,4,5,2
Single-Blade-Cricket-Bat-2.jpg,4,6,0
Single-Blade-Cricket-Bat-2.jpg,4,7,0
Single-Blade-Cricket-Bat-2.jpg,4,8,0
Single-Blade-Cricket-Bat-2.jpg,5,1,0
Single-Blade-Cricket-Bat-2.jpg,5,2,0
Single-Blade-Cricket-Bat-2.jpg,5,3,0
Single-Blade-Cricket-Bat-2.jpg,5,4,2
Single-Blade-Cricket-Bat-2.jpg,5,5,2
Single-Blade-Cricket-Bat-2.jpg,5,6,0
Single-Blade-Cricket-Bat-2.jpg,5,7,0
Single-Blade-Cricket-Bat-2.jpg,5,8,0
Single-Blade-Cricket-Bat-2.jpg,6,1,0
Single-Blade-Cricket-Bat-2.jpg,6,2,0
Single-Blade-Cricket-Bat-2.jpg,6,3,0
Single-Blade-Cricket-Bat-2.jpg,6,4,2
Single-Blade-Cricket-Bat-2.jpg,6,5,2
Single-Blade-Cricket-Bat-2.jpg,6,6,0
Single-Blade-Cricket-Bat-2.jpg,6,7,0
Single-Blade-Cricket-Bat-2.jpg,6,8,0
Single-Blade-Cricket-Bat-2.jpg,7,1,0
Single-Blade-Cricket-Bat-2.jpg,7,2,0
Single-Blade-Cricket-Bat-2.jpg,7,3,0
Single-Blade-Cricket-Bat-2.jpg,7,4,2
Single-Blade-Cricket-Bat-2.jpg,7,5,2
Single-Blade-Cricket-Bat-2.jpg,7,6,0
Single-Blade-Cricket-Bat-2.jpg,7,7,0
Single-Blade-Cricket-Bat-2.jpg,7,8,0
Single-Blade-Cricket-Bat-2.jpg,8,1,0
Single-Blade-Cricket-Bat-2.jpg,8,2,0
Single-Blade-Cricket-Bat-2.jpg,8,3,0
Single-Blade-Cricket-Bat-2.jpg,8,4,2
Single-Blade-Cricket-Bat-2.jpg,8,5,2
Single-Blade-Cricket-Bat-2.jpg,8,6,0
Single-Blade-Cricket-Bat-2.jpg,8,7,0
Single-Blade-Cricket-Bat-2.jpg,8,8,0
single-teal-cricket-bat-textured-grip-white-background-399971957.jpg,1,1,2
single-teal-cricket-bat-textured-grip-white-background-399971957.jpg,1,2,2
single-teal-cricket-bat-textured-grip-white-background-399971957.jpg,1,3,2
single-teal-cricket-bat-textured-grip-white-background-399971957.jpg,1,4,0
single-teal-cricket-bat-textured-grip-white-background-399971957.jpg,1,5,0
single-teal-cricket-bat-textured-grip-white-background-399971957.jpg,1,6,0
single-teal-cricket-bat-textured-grip-white-background-399971957.jpg,1,7,0
single-teal-cricket-bat-textured-grip-white-background-399971957.jpg,1,8,0
single-teal-cricket-bat-textured-grip-white-background-399971957.jpg,2,1,0
single-teal-cricket-bat-textured-grip-white-background-399971957.jpg,2,2,2
single-teal-cricket-bat-textured-grip-white-background-399971957.jpg,2,3,2
single-teal-cricket-bat-textured-grip-white-background-399971957.jpg,2,4,2
single-teal-cricket-bat-textured-grip-white-background-399971957.jpg,2,5,0
single-teal-cricket-bat-textured-grip-white-background-399971957.jpg,2,6,0
single-teal-cricket-bat-textured-grip-white-background-399971957.jpg,2,7,0
single-teal-cricket-bat-textured-grip-white-background-399971957.jpg,2,8,0
single-teal-cricket-bat-textured-grip-white-background-399971957.jpg,3,1,0
single-teal-cricket-bat-textured-grip-white-background-399971957.jpg,3,2,2
single-teal-cricket-bat-textured-grip-white-background-399971957.jpg,3,3,2
single-teal-cricket-bat-textured-grip-white-background-399971957.jpg,3,4,2
single-teal-cricket-bat-textured-grip-white-background-399971957.jpg,3,5,2
single-teal-cricket-bat-textured-grip-white-background-399971957.jpg,3,6,0
single-teal-cricket-bat-textured-grip-white-background-399971957.jpg,3,7,0
single-teal-cricket-bat-textured-grip-white-background-399971957.jpg,3,8,0
single-teal-cricket-bat-textured-grip-white-background-399971957.jpg,4,1,0
single-teal-cricket-bat-textured-grip-white-background-399971957.jpg,4,2,0
single-teal-cricket-bat-textured-grip-white-background-399971957.jpg,4,3,2
single-teal-cricket-bat-textured-grip-white-background-399971957.jpg,4,4,2
single-teal-cricket-bat-textured-grip-white-background-399971957.jpg,4,5,2
single-teal-cricket-bat-textured-grip-white-background-399971957.jpg,4,6,0
single-teal-cricket-bat-textured-grip-white-background-399971957.jpg,4,7,0
single-teal-cricket-bat-textured-grip-white-background-399971957.jpg,4,8,0
single-teal-cricket-bat-textured-grip-white-background-399971957.jpg,5,1,0
single-teal-cricket-bat-textured-grip-white-background-399971957.jpg,5,2,0
single-teal-cricket-bat-textured-grip-white-background-399971957.jpg,5,3,2
single-teal-cricket-bat-textured-grip-white-background-399971957.jpg,5,4,2
single-teal-cricket-bat-textured-grip-white-background-399971957.jpg,5,5,2
single-teal-cricket-bat-textured-grip-white-background-399971957.jpg,5,6,2
single-teal-cricket-bat-textured-grip-white-background-399971957.jpg,5,7,0
single-teal-cricket-bat-textured-grip-white-background-399971957.jpg,5,8,0
single-teal-cricket-bat-textured-grip-white-background-399971957.jpg,6,1,0
single-teal-cricket-bat-textured-grip-white-background-399971957.jpg,6,2,0
single-teal-cricket-bat-textured-grip-white-background-399971957.jpg,6,3,0
single-teal-cricket-bat-textured-grip-white-background-399971957.jpg,6,4,2
single-teal-cricket-bat-textured-grip-white-background-399971957.jpg,6,5,2
single-teal-cricket-bat-textured-grip-white-background-399971957.jpg,6,6,2
single-teal-cricket-bat-textured-grip-white-background-399971957.jpg,6,7,0
single-teal-cricket-bat-textured-grip-white-background-399971957.jpg,6,8,0
single-teal-cricket-bat-textured-grip-white-background-399971957.jpg,7,1,0
single-teal-cricket-bat-textured-grip-white-background-399971957.jpg,7,2,0
single-teal-cricket-bat-textured-grip-white-background-399971957.jpg,7,3,0
single-teal-cricket-bat-textured-grip-white-background-399971957.jpg,7,4,0
single-teal-cricket-bat-textured-grip-white-background-399971957.jpg,7,5,2
single-teal-cricket-bat-textured-grip-white-background-399971957.jpg,7,6,2
single-teal-cricket-bat-textured-grip-white-background-399971957.jpg,7,7,2
single-teal-cricket-bat-textured-grip-white-background-399971957.jpg,7,8,0
single-teal-cricket-bat-textured-grip-white-background-399971957.jpg,8,1,0
single-teal-cricket-bat-textured-grip-white-background-399971957.jpg,8,2,0
single-teal-cricket-bat-textured-grip-white-background-399971957.jpg,8,3,0
single-teal-cricket-bat-textured-grip-white-background-399971957.jpg,8,4,0
single-teal-cricket-bat-textured-grip-white-background-399971957.jpg,8,5,0
single-teal-cricket-bat-textured-grip-white-background-399971957.jpg,8,6,2
single-teal-cricket-bat-textured-grip-white-background-399971957.jpg,8,7,2
single-teal-cricket-bat-textured-grip-white-background-399971957.jpg,8,8,2
SOFT-TENNIS-scaled.jpg,1,1,0
SOFT-TENNIS-scaled.jpg,1,2,0
SOFT-TENNIS-scaled.jpg,1,3,0
SOFT-TENNIS-scaled.jpg,1,4,2
SOFT-TENNIS-scaled.jpg,1,5,2
SOFT-TENNIS-scaled.jpg,1,6,2
SOFT-TENNIS-scaled.jpg,1,7,0
SOFT-TENNIS-scaled.jpg,1,8,0
SOFT-TENNIS-scaled.jpg,2,1,0
SOFT-TENNIS-scaled.jpg,2,2,0
SOFT-TENNIS-scaled.jpg,2,3,0
SOFT-TENNIS-scaled.jpg,2,4,2
SOFT-TENNIS-scaled.jpg,2,5,2
SOFT-TENNIS-scaled.jpg,2,6,0
SOFT-TENNIS-scaled.jpg,2,7,0
SOFT-TENNIS-scaled.jpg,2,8,0
SOFT-TENNIS-scaled.jpg,3,1,0
SOFT-TENNIS-scaled.jpg,3,2,0
SOFT-TENNIS-scaled.jpg,3,3,0
SOFT-TENNIS-scaled.jpg,3,4,2
SOFT-TENNIS-scaled.jpg,3,5,2
SOFT-TENNIS-scaled.jpg,3,6,2
SOFT-TENNIS-scaled.jpg,3,7,0
SOFT-TENNIS-scaled.jpg,3,8,0
SOFT-TENNIS-scaled.jpg,4,1,0
SOFT-TENNIS-scaled.jpg,4,2,0
SOFT-TENNIS-scaled.jpg,4,3,0
SOFT-TENNIS-scaled.jpg,4,4,2
SOFT-TENNIS-scaled.jpg,4,5,2
SOFT-TENNIS-scaled.jpg,4,6,2
SOFT-TENNIS-scaled.jpg,4,7,0
SOFT-TENNIS-scaled.jpg,4,8,0
SOFT-TENNIS-scaled.jpg,5,1,0
SOFT-TENNIS-scaled.jpg,5,2,0
SOFT-TENNIS-scaled.jpg,5,3,2
SOFT-TENNIS-scaled.jpg,5,4,2
SOFT-TENNIS-scaled.jpg,5,5,2
SOFT-TENNIS-scaled.jpg,5,6,0
SOFT-TENNIS-scaled.jpg,5,7,0
SOFT-TENNIS-scaled.jpg,5,8,0
SOFT-TENNIS-scaled.jpg,6,1,0
SOFT-TENNIS-scaled.jpg,6,2,0
SOFT-TENNIS-scaled.jpg,6,3,2
SOFT-TENNIS-scaled.jpg,6,4,2
SOFT-TENNIS-scaled.jpg,6,5,2
SOFT-TENNIS-scaled.jpg,6,6,0
SOFT-TENNIS-scaled.jpg,6,7,0
SOFT-TENNIS-scaled.jpg,6,8,0
SOFT-TENNIS-scaled.jpg,7,1,0
SOFT-TENNIS-scaled.jpg,7,2,0
SOFT-TENNIS-scaled.jpg,7,3,2
SOFT-TENNIS-scaled.jpg,7,4,2
SOFT-TENNIS-scaled.jpg,7,5,2
SOFT-TENNIS-scaled.jpg,7,6,0
SOFT-TENNIS-scaled.jpg,7,7,0
SOFT-TENNIS-scaled.jpg,7,8,0
SOFT-TENNIS-scaled.jpg,8,1,0
SOFT-TENNIS-scaled.jpg,8,2,0
SOFT-TENNIS-scaled.jpg,8,3,2
SOFT-TENNIS-scaled.jpg,8,4,2
SOFT-TENNIS-scaled.jpg,8,5,2
SOFT-TENNIS-scaled.jpg,8,6,0
SOFT-TENNIS-scaled.jpg,8,7,0
SOFT-TENNIS-scaled.jpg,8,8,0
SportsWing_SingleBlade-WithoutScoop-SoftPremiumTennisBat_Black_1.jpg,1,1,0
SportsWing_SingleBlade-WithoutScoop-SoftPremiumTennisBat_Black_1.jpg,1,2,2
SportsWing_SingleBlade-WithoutScoop-SoftPremiumTennisBat_Black_1.jpg,1,3,0
SportsWing_SingleBlade-WithoutScoop-SoftPremiumTennisBat_Black_1.jpg,1,4,2
SportsWing_SingleBlade-WithoutScoop-SoftPremiumTennisBat_Black_1.jpg,1,5,2
SportsWing_SingleBlade-WithoutScoop-SoftPremiumTennisBat_Black_1.jpg,1,6,0
SportsWing_SingleBlade-WithoutScoop-SoftPremiumTennisBat_Black_1.jpg,1,7,2
SportsWing_SingleBlade-WithoutScoop-SoftPremiumTennisBat_Black_1.jpg,1,8,0
SportsWing_SingleBlade-WithoutScoop-SoftPremiumTennisBat_Black_1.jpg,2,1,0
SportsWing_SingleBlade-WithoutScoop-SoftPremiumTennisBat_Black_1.jpg,2,2,2
SportsWing_SingleBlade-WithoutScoop-SoftPremiumTennisBat_Black_1.jpg,2,3,0
SportsWing_SingleBlade-WithoutScoop-SoftPremiumTennisBat_Black_1.jpg,2,4,2
SportsWing_SingleBlade-WithoutScoop-SoftPremiumTennisBat_Black_1.jpg,2,5,2
SportsWing_SingleBlade-WithoutScoop-SoftPremiumTennisBat_Black_1.jpg,2,6,0
SportsWing_SingleBlade-WithoutScoop-SoftPremiumTennisBat_Black_1.jpg,2,7,2
SportsWing_SingleBlade-WithoutScoop-SoftPremiumTennisBat_Black_1.jpg,2,8,0
SportsWing_SingleBlade-WithoutScoop-SoftPremiumTennisBat_Black_1.jpg,3,1,2
SportsWing_SingleBlade-WithoutScoop-SoftPremiumTennisBat_Black_1.jpg,3,2,2
SportsWing_SingleBlade-WithoutScoop-SoftPremiumTennisBat_Black_1.jpg,3,3,0
SportsWing_SingleBlade-WithoutScoop-SoftPremiumTennisBat_Black_1.jpg,3,4,2
SportsWing_SingleBlade-WithoutScoop-SoftPremiumTennisBat_Black_1.jpg,3,5,2
SportsWing_SingleBlade-WithoutScoop-SoftPremiumTennisBat_Black_1.jpg,3,6,0
SportsWing_SingleBlade-WithoutScoop-SoftPremiumTennisBat_Black_1.jpg,3,7,2
SportsWing_SingleBlade-WithoutScoop-SoftPremiumTennisBat_Black_1.jpg,3,8,0
SportsWing_SingleBlade-WithoutScoop-SoftPremiumTennisBat_Black_1.jpg,4,1,2
SportsWing_SingleBlade-WithoutScoop-SoftPremiumTennisBat_Black_1.jpg,4,2,2
SportsWing_SingleBlade-WithoutScoop-SoftPremiumTennisBat_Black_1.jpg,4,3,0
SportsWing_SingleBlade-WithoutScoop-SoftPremiumTennisBat_Black_1.jpg,4,4,2
SportsWing_SingleBlade-WithoutScoop-SoftPremiumTennisBat_Black_1.jpg,4,5,2
SportsWing_SingleBlade-WithoutScoop-SoftPremiumTennisBat_Black_1.jpg,4,6,0
SportsWing_SingleBlade-WithoutScoop-SoftPremiumTennisBat_Black_1.jpg,4,7,2
SportsWing_SingleBlade-WithoutScoop-SoftPremiumTennisBat_Black_1.jpg,4,8,0
SportsWing_SingleBlade-WithoutScoop-SoftPremiumTennisBat_Black_1.jpg,5,1,2
SportsWing_SingleBlade-WithoutScoop-SoftPremiumTennisBat_Black_1.jpg,5,2,2
SportsWing_SingleBlade-WithoutScoop-SoftPremiumTennisBat_Black_1.jpg,5,3,0
SportsWing_SingleBlade-WithoutScoop-SoftPremiumTennisBat_Black_1.jpg,5,4,2
SportsWing_SingleBlade-WithoutScoop-SoftPremiumTennisBat_Black_1.jpg,5,5,2
SportsWing_SingleBlade-WithoutScoop-SoftPremiumTennisBat_Black_1.jpg,5,6,0
SportsWing_SingleBlade-WithoutScoop-SoftPremiumTennisBat_Black_1.jpg,5,7,2
SportsWing_SingleBlade-WithoutScoop-SoftPremiumTennisBat_Black_1.jpg,5,8,0
SportsWing_SingleBlade-WithoutScoop-SoftPremiumTennisBat_Black_1.jpg,6,1,2
SportsWing_SingleBlade-WithoutScoop-SoftPremiumTennisBat_Black_1.jpg,6,2,2
SportsWing_SingleBlade-WithoutScoop-SoftPremiumTennisBat_Black_1.jpg,6,3,0
SportsWing_SingleBlade-WithoutScoop-SoftPremiumTennisBat_Black_1.jpg,6,4,2
SportsWing_SingleBlade-WithoutScoop-SoftPremiumTennisBat_Black_1.jpg,6,5,2
SportsWing_SingleBlade-WithoutScoop-SoftPremiumTennisBat_Black_1.jpg,6,6,0
SportsWing_SingleBlade-WithoutScoop-SoftPremiumTennisBat_Black_1.jpg,6,7,2
SportsWing_SingleBlade-WithoutScoop-SoftPremiumTennisBat_Black_1.jpg,6,8,0
SportsWing_SingleBlade-WithoutScoop-SoftPremiumTennisBat_Black_1.jpg,7,1,2
SportsWing_SingleBlade-WithoutScoop-SoftPremiumTennisBat_Black_1.jpg,7,2,2
SportsWing_SingleBlade-WithoutScoop-SoftPremiumTennisBat_Black_1.jpg,7,3,0
SportsWing_SingleBlade-WithoutScoop-SoftPremiumTennisBat_Black_1.jpg,7,4,2
SportsWing_SingleBlade-WithoutScoop-SoftPremiumTennisBat_Black_1.jpg,7,5,2
SportsWing_SingleBlade-WithoutScoop-SoftPremiumTennisBat_Black_1.jpg,7,6,0
SportsWing_SingleBlade-WithoutScoop-SoftPremiumTennisBat_Black_1.jpg,7,7,2
SportsWing_SingleBlade-WithoutScoop-SoftPremiumTennisBat_Black_1.jpg,7,8,0
SportsWing_SingleBlade-WithoutScoop-SoftPremiumTennisBat_Black_1.jpg,8,1,2
SportsWing_SingleBlade-WithoutScoop-SoftPremiumTennisBat_Black_1.jpg,8,2,2
SportsWing_SingleBlade-WithoutScoop-SoftPremiumTennisBat_Black_1.jpg,8,3,0
SportsWing_SingleBlade-WithoutScoop-SoftPremiumTennisBat_Black_1.jpg,8,4,2
SportsWing_SingleBlade-WithoutScoop-SoftPremiumTennisBat_Black_1.jpg,8,5,2
SportsWing_SingleBlade-WithoutScoop-SoftPremiumTennisBat_Black_1.jpg,8,6,0
SportsWing_SingleBlade-WithoutScoop-SoftPremiumTennisBat_Black_1.jpg,8,7,2
SportsWing_SingleBlade-WithoutScoop-SoftPremiumTennisBat_Black_1.jpg,8,8,0
Surya-kumar-yadavplaying-scoop-shot-canva.jpg,1,1,0
Surya-kumar-yadavplaying-scoop-shot-canva.jpg,1,2,0
Surya-kumar-yadavplaying-scoop-shot-canva.jpg,1,3,0
Surya-kumar-yadavplaying-scoop-shot-canva.jpg,1,4,2
Surya-kumar-yadavplaying-scoop-shot-canva.jpg,1,5,2
Surya-kumar-yadavplaying-scoop-shot-canva.jpg,1,6,0
Surya-kumar-yadavplaying-scoop-shot-canva.jpg,1,7,0
Surya-kumar-yadavplaying-scoop-shot-canva.jpg,1,8,0
Surya-kumar-yadavplaying-scoop-shot-canva.jpg,2,1,0
Surya-kumar-yadavplaying-scoop-shot-canva.jpg,2,2,0
Surya-kumar-yadavplaying-scoop-shot-canva.jpg,2,3,2
Surya-kumar-yadavplaying-scoop-shot-canva.jpg,2,4,2
Surya-kumar-yadavplaying-scoop-shot-canva.jpg,2,5,0
Surya-kumar-yadavplaying-scoop-shot-canva.jpg,2,6,0
Surya-kumar-yadavplaying-scoop-shot-canva.jpg,2,7,0
Surya-kumar-yadavplaying-scoop-shot-canva.jpg,2,8,0
Surya-kumar-yadavplaying-scoop-shot-canva.jpg,3,1,0
Surya-kumar-yadavplaying-scoop-shot-canva.jpg,3,2,2
Surya-kumar-yadavplaying-scoop-shot-canva.jpg,3,3,0
Surya-kumar-yadavplaying-scoop-shot-canva.jpg,3,4,0
Surya-kumar-yadavplaying-scoop-shot-canva.jpg,3,5,0
Surya-kumar-yadavplaying-scoop-shot-canva.jpg,3,6,0
Surya-kumar-yadavplaying-scoop-shot-canva.jpg,3,7,0
Surya-kumar-yadavplaying-scoop-shot-canva.jpg,3,8,0
Surya-kumar-yadavplaying-scoop-shot-canva.jpg,4,1,0
Surya-kumar-yadavplaying-scoop-shot-canva.jpg,4,2,0
Surya-kumar-yadavplaying-scoop-shot-canva.jpg,4,3,0
Surya-kumar-yadavplaying-scoop-shot-canva.jpg,4,4,0
Surya-kumar-yadavplaying-scoop-shot-canva.jpg,4,5,0
Surya-kumar-yadavplaying-scoop-shot-canva.jpg,4,6,0
Surya-kumar-yadavplaying-scoop-shot-canva.jpg,4,7,0
Surya-kumar-yadavplaying-scoop-shot-canva.jpg,4,8,0
Surya-kumar-yadavplaying-scoop-shot-canva.jpg,5,1,0
Surya-kumar-yadavplaying-scoop-shot-canva.jpg,5,2,0
Surya-kumar-yadavplaying-scoop-shot-canva.jpg,5,3,0
Surya-kumar-yadavplaying-scoop-shot-canva.jpg,5,4,0
Surya-kumar-yadavplaying-scoop-shot-canva.jpg,5,5,0
Surya-kumar-yadavplaying-scoop-shot-canva.jpg,5,6,0
Surya-kumar-yadavplaying-scoop-shot-canva.jpg,5,7,0
Surya-kumar-yadavplaying-scoop-shot-canva.jpg,5,8,3
Surya-kumar-yadavplaying-scoop-shot-canva.jpg,6,1,0
Surya-kumar-yadavplaying-scoop-shot-canva.jpg,6,2,0
Surya-kumar-yadavplaying-scoop-shot-canva.jpg,6,3,0
Surya-kumar-yadavplaying-scoop-shot-canva.jpg,6,4,0
Surya-kumar-yadavplaying-scoop-shot-canva.jpg,6,5,0
Surya-kumar-yadavplaying-scoop-shot-canva.jpg,6,6,0
Surya-kumar-yadavplaying-scoop-shot-canva.jpg,6,7,0
Surya-kumar-yadavplaying-scoop-shot-canva.jpg,6,8,3
Surya-kumar-yadavplaying-scoop-shot-canva.jpg,7,1,0
Surya-kumar-yadavplaying-scoop-shot-canva.jpg,7,2,0
Surya-kumar-yadavplaying-scoop-shot-canva.jpg,7,3,0
Surya-kumar-yadavplaying-scoop-shot-canva.jpg,7,4,0
Surya-kumar-yadavplaying-scoop-shot-canva.jpg,7,5,0
Surya-kumar-yadavplaying-scoop-shot-canva.jpg,7,6,0
Surya-kumar-yadavplaying-scoop-shot-canva.jpg,7,7,0
Surya-kumar-yadavplaying-scoop-shot-canva.jpg,7,8,3
Surya-kumar-yadavplaying-scoop-shot-canva.jpg,8,1,0
Surya-kumar-yadavplaying-scoop-shot-canva.jpg,8,2,0
Surya-kumar-yadavplaying-scoop-shot-canva.jpg,8,3,0
Surya-kumar-yadavplaying-scoop-shot-canva.jpg,8,4,0
Surya-kumar-yadavplaying-scoop-shot-canva.jpg,8,5,0
Surya-kumar-yadavplaying-scoop-shot-canva.jpg,8,6,0
Surya-kumar-yadavplaying-scoop-shot-canva.jpg,8,7,0
Surya-kumar-yadavplaying-scoop-shot-canva.jpg,8,8,3
types-of-cricket-shots (1).jpg,1,1,0
types-of-cricket-shots (1).jpg,1,2,0
types-of-cricket-shots (1).jpg,1,3,0
types-of-cricket-shots (1).jpg,1,4,0
types-of-cricket-shots (1).jpg,1,5,0
types-of-cricket-shots (1).jpg,1,6,0
types-of-cricket-shots (1).jpg,1,7,0
types-of-cricket-shots (1).jpg,1,8,0
types-of-cricket-shots (1).jpg,2,1,0
types-of-cricket-shots (1).jpg,2,2,0
types-of-cricket-shots (1).jpg,2,3,0
types-of-cricket-shots (1).jpg,2,4,2
types-of-cricket-shots (1).jpg,2,5,2
types-of-cricket-shots (1).jpg,2,6,0
types-of-cricket-shots (1).jpg,2,7,0
types-of-cricket-shots (1).jpg,2,8,0
types-of-cricket-shots (1).jpg,3,1,0
types-of-cricket-shots (1).jpg,3,2,0
types-of-cricket-shots (1).jpg,3,3,0
types-of-cricket-shots (1).jpg,3,4,0
types-of-cricket-shots (1).jpg,3,5,0
types-of-cricket-shots (1).jpg,3,6,0
types-of-cricket-shots (1).jpg,3,7,0
types-of-cricket-shots (1).jpg,3,8,0
types-of-cricket-shots (1).jpg,4,1,0
types-of-cricket-shots (1).jpg,4,2,0
types-of-cricket-shots (1).jpg,4,3,0
types-of-cricket-shots (1).jpg,4,4,0
types-of-cricket-shots (1).jpg,4,5,0
types-of-cricket-shots (1).jpg,4,6,0
types-of-cricket-shots (1).jpg,4,7,0
types-of-cricket-shots (1).jpg,4,8,0
types-of-cricket-shots (1).jpg,5,1,0
types-of-cricket-shots (1).jpg,5,2,0
types-of-cricket-shots (1).jpg,5,3,0
types-of-cricket-shots (1).jpg,5,4,0
types-of-cricket-shots (1).jpg,5,5,0
types-of-cricket-shots (1).jpg,5,6,0
types-of-cricket-shots (1).jpg,5,7,0
types-of-cricket-shots (1).jpg,5,8,3
types-of-cricket-shots (1).jpg,6,1,0
types-of-cricket-shots (1).jpg,6,2,0
types-of-cricket-shots (1).jpg,6,3,0
types-of-cricket-shots (1).jpg,6,4,0
types-of-cricket-shots (1).jpg,6,5,0
types-of-cricket-shots (1).jpg,6,6,0
types-of-cricket-shots (1).jpg,6,7,0
types-of-cricket-shots (1).jpg,6,8,3
types-of-cricket-shots (1).jpg,7,1,0
types-of-cricket-shots (1).jpg,7,2,0
types-of-cricket-shots (1).jpg,7,3,0
types-of-cricket-shots (1).jpg,7,4,0
types-of-cricket-shots (1).jpg,7,5,0
types-of-cricket-shots (1).jpg,7,6,0
types-of-cricket-shots (1).jpg,7,7,0
types-of-cricket-shots (1).jpg,7,8,3
types-of-cricket-shots (1).jpg,8,1,0
types-of-cricket-shots (1).jpg,8,2,0
types-of-cricket-shots (1).jpg,8,3,0
types-of-cricket-shots (1).jpg,8,4,0
types-of-cricket-shots (1).jpg,8,5,0
types-of-cricket-shots (1).jpg,8,6,0
types-of-cricket-shots (1).jpg,8,7,0
types-of-cricket-shots (1).jpg,8,8,3
ultimate-long-handle-cricket-bat-802361334-9bc31jbl.jpg,1,1,0
ultimate-long-handle-cricket-bat-802361334-9bc31jbl.jpg,1,2,0
ultimate-long-handle-cricket-bat-802361334-9bc31jbl.jpg,1,3,0
ultimate-long-handle-cricket-bat-802361334-9bc31jbl.jpg,1,4,2
ultimate-long-handle-cricket-bat-802361334-9bc31jbl.jpg,1,5,0
ultimate-long-handle-cricket-bat-802361334-9bc31jbl.jpg,1,6,0
ultimate-long-handle-cricket-bat-802361334-9bc31jbl.jpg,1,7,0
ultimate-long-handle-cricket-bat-802361334-9bc31jbl.jpg,1,8,0
ultimate-long-handle-cricket-bat-802361334-9bc31jbl.jpg,2,1,0
ultimate-long-handle-cricket-bat-802361334-9bc31jbl.jpg,2,2,0
ultimate-long-handle-cricket-bat-802361334-9bc31jbl.jpg,2,3,0
ultimate-long-handle-cricket-bat-802361334-9bc31jbl.jpg,2,4,2
ultimate-long-handle-cricket-bat-802361334-9bc31jbl.jpg,2,5,0
ultimate-long-handle-cricket-bat-802361334-9bc31jbl.jpg,2,6,0
ultimate-long-handle-cricket-bat-802361334-9bc31jbl.jpg,2,7,0
ultimate-long-handle-cricket-bat-802361334-9bc31jbl.jpg,2,8,0
ultimate-long-handle-cricket-bat-802361334-9bc31jbl.jpg,3,1,0
ultimate-long-handle-cricket-bat-802361334-9bc31jbl.jpg,3,2,0
ultimate-long-handle-cricket-bat-802361334-9bc31jbl.jpg,3,3,0
ultimate-long-handle-cricket-bat-802361334-9bc31jbl.jpg,3,4,2
ultimate-long-handle-cricket-bat-802361334-9bc31jbl.jpg,3,5,0
ultimate-long-handle-cricket-bat-802361334-9bc31jbl.jpg,3,6,0
ultimate-long-handle-cricket-bat-802361334-9bc31jbl.jpg,3,7,0
ultimate-long-handle-cricket-bat-802361334-9bc31jbl.jpg,3,8,0
ultimate-long-handle-cricket-bat-802361334-9bc31jbl.jpg,4,1,0
ultimate-long-handle-cricket-bat-802361334-9bc31jbl.jpg,4,2,0
ultimate-long-handle-cricket-bat-802361334-9bc31jbl.jpg,4,3,0
ultimate-long-handle-cricket-bat-802361334-9bc31jbl.jpg,4,4,2
ultimate-long-handle-cricket-bat-802361334-9bc31jbl.jpg,4,5,0
ultimate-long-handle-cricket-bat-802361334-9bc31jbl.jpg,4,6,0
ultimate-long-handle-cricket-bat-802361334-9bc31jbl.jpg,4,7,0
ultimate-long-handle-cricket-bat-802361334-9bc31jbl.jpg,4,8,0
ultimate-long-handle-cricket-bat-802361334-9bc31jbl.jpg,5,1,0
ultimate-long-handle-cricket-bat-802361334-9bc31jbl.jpg,5,2,0
ultimate-long-handle-cricket-bat-802361334-9bc31jbl.jpg,5,3,0
ultimate-long-handle-cricket-bat-802361334-9bc31jbl.jpg,5,4,2
ultimate-long-handle-cricket-bat-802361334-9bc31jbl.jpg,5,5,0
ultimate-long-handle-cricket-bat-802361334-9bc31jbl.jpg,5,6,0
ultimate-long-handle-cricket-bat-802361334-9bc31jbl.jpg,5,7,0
ultimate-long-handle-cricket-bat-802361334-9bc31jbl.jpg,5,8,0
ultimate-long-handle-cricket-bat-802361334-9bc31jbl.jpg,6,1,0
ultimate-long-handle-cricket-bat-802361334-9bc31jbl.jpg,6,2,0
ultimate-long-handle-cricket-bat-802361334-9bc31jbl.jpg,6,3,0
ultimate-long-handle-cricket-bat-802361334-9bc31jbl.jpg,6,4,2
ultimate-long-handle-cricket-bat-802361334-9bc31jbl.jpg,6,5,0
ultimate-long-handle-cricket-bat-802361334-9bc31jbl.jpg,6,6,0
ultimate-long-handle-cricket-bat-802361334-9bc31jbl.jpg,6,7,0
ultimate-long-handle-cricket-bat-802361334-9bc31jbl.jpg,6,8,0
ultimate-long-handle-cricket-bat-802361334-9bc31jbl.jpg,7,1,0
ultimate-long-handle-cricket-bat-802361334-9bc31jbl.jpg,7,2,0
ultimate-long-handle-cricket-bat-802361334-9bc31jbl.jpg,7,3,0
ultimate-long-handle-cricket-bat-802361334-9bc31jbl.jpg,7,4,2
ultimate-long-handle-cricket-bat-802361334-9bc31jbl.jpg,7,5,0
ultimate-long-handle-cricket-bat-802361334-9bc31jbl.jpg,7,6,0
ultimate-long-handle-cricket-bat-802361334-9bc31jbl.jpg,7,7,0
ultimate-long-handle-cricket-bat-802361334-9bc31jbl.jpg,7,8,0
ultimate-long-handle-cricket-bat-802361334-9bc31jbl.jpg,8,1,0
ultimate-long-handle-cricket-bat-802361334-9bc31jbl.jpg,8,2,0
ultimate-long-handle-cricket-bat-802361334-9bc31jbl.jpg,8,3,0
ultimate-long-handle-cricket-bat-802361334-9bc31jbl.jpg,8,4,2
ultimate-long-handle-cricket-bat-802361334-9bc31jbl.jpg,8,5,0
ultimate-long-handle-cricket-bat-802361334-9bc31jbl.jpg,8,6,0
ultimate-long-handle-cricket-bat-802361334-9bc31jbl.jpg,8,7,0
ultimate-long-handle-cricket-bat-802361334-9bc31jbl.jpg,8,8,0
vintage_finisher_one_1.jpg,1,1,0
vintage_finisher_one_1.jpg,1,2,0
vintage_finisher_one_1.jpg,1,3,0
vintage_finisher_one_1.jpg,1,4,2
vintage_finisher_one_1.jpg,1,5,2
vintage_finisher_one_1.jpg,1,6,0
vintage_finisher_one_1.jpg,1,7,0
vintage_finisher_one_1.jpg,1,8,0
vintage_finisher_one_1.jpg,2,1,0
vintage_finisher_one_1.jpg,2,2,0
vintage_finisher_one_1.jpg,2,3,0
vintage_finisher_one_1.jpg,2,4,2
vintage_finisher_one_1.jpg,2,5,2
vintage_finisher_one_1.jpg,2,6,0
vintage_finisher_one_1.jpg,2,7,0
vintage_finisher_one_1.jpg,2,8,0
vintage_finisher_one_1.jpg,3,1,0
vintage_finisher_one_1.jpg,3,2,0
vintage_finisher_one_1.jpg,3,3,0
vintage_finisher_one_1.jpg,3,4,2
vintage_finisher_one_1.jpg,3,5,2
vintage_finisher_one_1.jpg,3,6,0
vintage_finisher_one_1.jpg,3,7,0
vintage_finisher_one_1.jpg,3,8,0
vintage_finisher_one_1.jpg,4,1,0
vintage_finisher_one_1.jpg,4,2,0
vintage_finisher_one_1.jpg,4,3,0
vintage_finisher_one_1.jpg,4,4,2
vintage_finisher_one_1.jpg,4,5,2
vintage_finisher_one_1.jpg,4,6,0
vintage_finisher_one_1.jpg,4,7,0
vintage_finisher_one_1.jpg,4,8,0
vintage_finisher_one_1.jpg,5,1,0
vintage_finisher_one_1.jpg,5,2,0
vintage_finisher_one_1.jpg,5,3,0
vintage_finisher_one_1.jpg,5,4,2
vintage_finisher_one_1.jpg,5,5,2
vintage_finisher_one_1.jpg,5,6,0
vintage_finisher_one_1.jpg,5,7,0
vintage_finisher_one_1.jpg,5,8,0
vintage_finisher_one_1.jpg,6,1,0
vintage_finisher_one_1.jpg,6,2,0
vintage_finisher_one_1.jpg,6,3,0
vintage_finisher_one_1.jpg,6,4,2
vintage_finisher_one_1.jpg,6,5,2
vintage_finisher_one_1.jpg,6,6,0
vintage_finisher_one_1.jpg,6,7,0
vintage_finisher_one_1.jpg,6,8,0
vintage_finisher_one_1.jpg,7,1,0
vintage_finisher_one_1.jpg,7,2,0
vintage_finisher_one_1.jpg,7,3,0
vintage_finisher_one_1.jpg,7,4,2
vintage_finisher_one_1.jpg,7,5,2
vintage_finisher_one_1.jpg,7,6,0
vintage_finisher_one_1.jpg,7,7,0
vintage_finisher_one_1.jpg,7,8,0
vintage_finisher_one_1.jpg,8,1,0
vintage_finisher_one_1.jpg,8,2,0
vintage_finisher_one_1.jpg,8,3,0
vintage_finisher_one_1.jpg,8,4,2
vintage_finisher_one_1.jpg,8,5,2
vintage_finisher_one_1.jpg,8,6,0
vintage_finisher_one_1.jpg,8,7,0
vintage_finisher_one_1.jpg,8,8,0
WhatsApp_Image_2023-09-08_at_04.17.17 (1).jpg,1,1,0
WhatsApp_Image_2023-09-08_at_04.17.17 (1).jpg,1,2,0
WhatsApp_Image_2023-09-08_at_04.17.17 (1).jpg,1,3,0
WhatsApp_Image_2023-09-08_at_04.17.17 (1).jpg,1,4,0
WhatsApp_Image_2023-09-08_at_04.17.17 (1).jpg,1,5,0
WhatsApp_Image_2023-09-08_at_04.17.17 (1).jpg,1,6,0
WhatsApp_Image_2023-09-08_at_04.17.17 (1).jpg,1,7,0
WhatsApp_Image_2023-09-08_at_04.17.17 (1).jpg,1,8,0
WhatsApp_Image_2023-09-08_at_04.17.17 (1).jpg,2,1,0
WhatsApp_Image_2023-09-08_at_04.17.17 (1).jpg,2,2,0
WhatsApp_Image_2023-09-08_at_04.17.17 (1).jpg,2,3,0
WhatsApp_Image_2023-09-08_at_04.17.17 (1).jpg,2,4,0
WhatsApp_Image_2023-09-08_at_04.17.17 (1).jpg,2,5,0
WhatsApp_Image_2023-09-08_at_04.17.17 (1).jpg,2,6,0
WhatsApp_Image_2023-09-08_at_04.17.17 (1).jpg,2,7,0
WhatsApp_Image_2023-09-08_at_04.17.17 (1).jpg,2,8,0
WhatsApp_Image_2023-09-08_at_04.17.17 (1).jpg,3,1,0
WhatsApp_Image_2023-09-08_at_04.17.17 (1).jpg,3,2,0
WhatsApp_Image_2023-09-08_at_04.17.17 (1).jpg,3,3,0
WhatsApp_Image_2023-09-08_at_04.17.17 (1).jpg,3,4,0
WhatsApp_Image_2023-09-08_at_04.17.17 (1).jpg,3,5,0
WhatsApp_Image_2023-09-08_at_04.17.17 (1).jpg,3,6,0
WhatsApp_Image_2023-09-08_at_04.17.17 (1).jpg,3,7,0
WhatsApp_Image_2023-09-08_at_04.17.17 (1).jpg,3,8,0
WhatsApp_Image_2023-09-08_at_04.17.17 (1).jpg,4,1,0
WhatsApp_Image_2023-09-08_at_04.17.17 (1).jpg,4,2,0
WhatsApp_Image_2023-09-08_at_04.17.17 (1).jpg,4,3,0
WhatsApp_Image_2023-09-08_at_04.17.17 (1).jpg,4,4,0
WhatsApp_Image_2023-09-08_at_04.17.17 (1).jpg,4,5,0
WhatsApp_Image_2023-09-08_at_04.17.17 (1).jpg,4,6,0
WhatsApp_Image_2023-09-08_at_04.17.17 (1).jpg,4,7,0
WhatsApp_Image_2023-09-08_at_04.17.17 (1).jpg,4,8,0
WhatsApp_Image_2023-09-08_at_04.17.17 (1).jpg,5,1,2
WhatsApp_Image_2023-09-08_at_04.17.17 (1).jpg,5,2,2
WhatsApp_Image_2023-09-08_at_04.17.17 (1).jpg,5,3,2
WhatsApp_Image_2023-09-08_at_04.17.17 (1).jpg,5,4,2
WhatsApp_Image_2023-09-08_at_04.17.17 (1).jpg,5,5,2
WhatsApp_Image_2023-09-08_at_04.17.17 (1).jpg,5,6,0
WhatsApp_Image_2023-09-08_at_04.17.17 (1).jpg,5,7,0
WhatsApp_Image_2023-09-08_at_04.17.17 (1).jpg,5,8,0
WhatsApp_Image_2023-09-08_at_04.17.17 (1).jpg,6,1,2
WhatsApp_Image_2023-09-08_at_04.17.17 (1).jpg,6,2,2
WhatsApp_Image_2023-09-08_at_04.17.17 (1).jpg,6,3,1
WhatsApp_Image_2023-09-08_at_04.17.17 (1).jpg,6,4,1
WhatsApp_Image_2023-09-08_at_04.17.17 (1).jpg,6,5,2
WhatsApp_Image_2023-09-08_at_04.17.17 (1).jpg,6,6,2
WhatsApp_Image_2023-09-08_at_04.17.17 (1).jpg,6,7,0
WhatsApp_Image_2023-09-08_at_04.17.17 (1).jpg,6,8,0
WhatsApp_Image_2023-09-08_at_04.17.17 (1).jpg,7,1,0
WhatsApp_Image_2023-09-08_at_04.17.17 (1).jpg,7,2,0
WhatsApp_Image_2023-09-08_at_04.17.17 (1).jpg,7,3,0
WhatsApp_Image_2023-09-08_at_04.17.17 (1).jpg,7,4,2
WhatsApp_Image_2023-09-08_at_04.17.17 (1).jpg,7,5,2
WhatsApp_Image_2023-09-08_at_04.17.17 (1).jpg,7,6,2
WhatsApp_Image_2023-09-08_at_04.17.17 (1).jpg,7,7,0
WhatsApp_Image_2023-09-08_at_04.17.17 (1).jpg,7,8,0
WhatsApp_Image_2023-09-08_at_04.17.17 (1).jpg,8,1,0
WhatsApp_Image_2023-09-08_at_04.17.17 (1).jpg,8,2,0
WhatsApp_Image_2023-09-08_at_04.17.17 (1).jpg,8,3,0
WhatsApp_Image_2023-09-08_at_04.17.17 (1).jpg,8,4,0
WhatsApp_Image_2023-09-08_at_04.17.17 (1).jpg,8,5,0
WhatsApp_Image_2023-09-08_at_04.17.17 (1).jpg,8,6,0
WhatsApp_Image_2023-09-08_at_04.17.17 (1).jpg,8,7,0
WhatsApp_Image_2023-09-08_at_04.17.17 (1).jpg,8,8,0
WhatsApp_Image_2023-09-08_at_04.23.15 (1).jpg,1,1,0
WhatsApp_Image_2023-09-08_at_04.23.15 (1).jpg,1,2,0
WhatsApp_Image_2023-09-08_at_04.23.15 (1).jpg,1,3,0
WhatsApp_Image_2023-09-08_at_04.23.15 (1).jpg,1,4,0
WhatsApp_Image_2023-09-08_at_04.23.15 (1).jpg,1,5,0
WhatsApp_Image_2023-09-08_at_04.23.15 (1).jpg,1,6,0
WhatsApp_Image_2023-09-08_at_04.23.15 (1).jpg,1,7,2
WhatsApp_Image_2023-09-08_at_04.23.15 (1).jpg,1,8,2
WhatsApp_Image_2023-09-08_at_04.23.15 (1).jpg,2,1,0
WhatsApp_Image_2023-09-08_at_04.23.15 (1).jpg,2,2,0
WhatsApp_Image_2023-09-08_at_04.23.15 (1).jpg,2,3,0
WhatsApp_Image_2023-09-08_at_04.23.15 (1).jpg,2,4,0
WhatsApp_Image_2023-09-08_at_04.23.15 (1).jpg,2,5,0
WhatsApp_Image_2023-09-08_at_04.23.15 (1).jpg,2,6,0
WhatsApp_Image_2023-09-08_at_04.23.15 (1).jpg,2,7,0
WhatsApp_Image_2023-09-08_at_04.23.15 (1).jpg,2,8,0
WhatsApp_Image_2023-09-08_at_04.23.15 (1).jpg,3,1,0
WhatsApp_Image_2023-09-08_at_04.23.15 (1).jpg,3,2,0
WhatsApp_Image_2023-09-08_at_04.23.15 (1).jpg,3,3,2
WhatsApp_Image_2023-09-08_at_04.23.15 (1).jpg,3,4,0
WhatsApp_Image_2023-09-08_at_04.23.15 (1).jpg,3,5,0
WhatsApp_Image_2023-09-08_at_04.23.15 (1).jpg,3,6,0
WhatsApp_Image_2023-09-08_at_04.23.15 (1).jpg,3,7,0
WhatsApp_Image_2023-09-08_at_04.23.15 (1).jpg,3,8,0
WhatsApp_Image_2023-09-08_at_04.23.15 (1).jpg,4,1,0
WhatsApp_Image_2023-09-08_at_04.23.15 (1).jpg,4,2,0
WhatsApp_Image_2023-09-08_at_04.23.15 (1).jpg,4,3,2
WhatsApp_Image_2023-09-08_at_04.23.15 (1).jpg,4,4,2
WhatsApp_Image_2023-09-08_at_04.23.15 (1).jpg,4,5,0
WhatsApp_Image_2023-09-08_at_04.23.15 (1).jpg,4,6,0
WhatsApp_Image_2023-09-08_at_04.23.15 (1).jpg,4,7,0
WhatsApp_Image_2023-09-08_at_04.23.15 (1).jpg,4,8,0
WhatsApp_Image_2023-09-08_at_04.23.15 (1).jpg,5,1,0
WhatsApp_Image_2023-09-08_at_04.23.15 (1).jpg,5,2,0
WhatsApp_Image_2023-09-08_at_04.23.15 (1).jpg,5,3,0
WhatsApp_Image_2023-09-08_at_04.23.15 (1).jpg,5,4,0
WhatsApp_Image_2023-09-08_at_04.23.15 (1).jpg,5,5,0
WhatsApp_Image_2023-09-08_at_04.23.15 (1).jpg,5,6,0
WhatsApp_Image_2023-09-08_at_04.23.15 (1).jpg,5,7,0
WhatsApp_Image_2023-09-08_at_04.23.15 (1).jpg,5,8,0
WhatsApp_Image_2023-09-08_at_04.23.15 (1).jpg,6,1,0
WhatsApp_Image_2023-09-08_at_04.23.15 (1).jpg,6,2,0
WhatsApp_Image_2023-09-08_at_04.23.15 (1).jpg,6,3,0
WhatsApp_Image_2023-09-08_at_04.23.15 (1).jpg,6,4,0
WhatsApp_Image_2023-09-08_at_04.23.15 (1).jpg,6,5,0
WhatsApp_Image_2023-09-08_at_04.23.15 (1).jpg,6,6,0
WhatsApp_Image_2023-09-08_at_04.23.15 (1).jpg,6,7,0
WhatsApp_Image_2023-09-08_at_04.23.15 (1).jpg,6,8,0
WhatsApp_Image_2023-09-08_at_04.23.15 (1).jpg,7,1,0
WhatsApp_Image_2023-09-08_at_04.23.15 (1).jpg,7,2,0
WhatsApp_Image_2023-09-08_at_04.23.15 (1).jpg,7,3,0
WhatsApp_Image_2023-09-08_at_04.23.15 (1).jpg,7,4,0
WhatsApp_Image_2023-09-08_at_04.23.15 (1).jpg,7,5,0
WhatsApp_Image_2023-09-08_at_04.23.15 (1).jpg,7,6,0
WhatsApp_Image_2023-09-08_at_04.23.15 (1).jpg,7,7,0
WhatsApp_Image_2023-09-08_at_04.23.15 (1).jpg,7,8,0
WhatsApp_Image_2023-09-08_at_04.23.15 (1).jpg,8,1,0
WhatsApp_Image_2023-09-08_at_04.23.15 (1).jpg,8,2,0
WhatsApp_Image_2023-09-08_at_04.23.15 (1).jpg,8,3,0
WhatsApp_Image_2023-09-08_at_04.23.15 (1).jpg,8,4,0
WhatsApp_Image_2023-09-08_at_04.23.15 (1).jpg,8,5,0
WhatsApp_Image_2023-09-08_at_04.23.15 (1).jpg,8,6,0
WhatsApp_Image_2023-09-08_at_04.23.15 (1).jpg,8,7,0
WhatsApp_Image_2023-09-08_at_04.23.15 (1).jpg,8,8,0
WhatsApp_Image_2023-09-08_at_04.41.27_3 (1).jpg,1,1,0
WhatsApp_Image_2023-09-08_at_04.41.27_3 (1).jpg,1,2,0
WhatsApp_Image_2023-09-08_at_04.41.27_3 (1).jpg,1,3,2
WhatsApp_Image_2023-09-08_at_04.41.27_3 (1).jpg,1,4,0
WhatsApp_Image_2023-09-08_at_04.41.27_3 (1).jpg,1,5,0
WhatsApp_Image_2023-09-08_at_04.41.27_3 (1).jpg,1,6,0
WhatsApp_Image_2023-09-08_at_04.41.27_3 (1).jpg,1,7,0
WhatsApp_Image_2023-09-08_at_04.41.27_3 (1).jpg,1,8,0
WhatsApp_Image_2023-09-08_at_04.41.27_3 (1).jpg,2,1,0
WhatsApp_Image_2023-09-08_at_04.41.27_3 (1).jpg,2,2,2
WhatsApp_Image_2023-09-08_at_04.41.27_3 (1).jpg,2,3,2
WhatsApp_Image_2023-09-08_at_04.41.27_3 (1).jpg,2,4,0
WhatsApp_Image_2023-09-08_at_04.41.27_3 (1).jpg,2,5,0
WhatsApp_Image_2023-09-08_at_04.41.27_3 (1).jpg,2,6,0
WhatsApp_Image_2023-09-08_at_04.41.27_3 (1).jpg,2,7,0
WhatsApp_Image_2023-09-08_at_04.41.27_3 (1).jpg,2,8,0
WhatsApp_Image_2023-09-08_at_04.41.27_3 (1).jpg,3,1,0
WhatsApp_Image_2023-09-08_at_04.41.27_3 (1).jpg,3,2,2
WhatsApp_Image_2023-09-08_at_04.41.27_3 (1).jpg,3,3,2
WhatsApp_Image_2023-09-08_at_04.41.27_3 (1).jpg,3,4,0
WhatsApp_Image_2023-09-08_at_04.41.27_3 (1).jpg,3,5,0
WhatsApp_Image_2023-09-08_at_04.41.27_3 (1).jpg,3,6,0
WhatsApp_Image_2023-09-08_at_04.41.27_3 (1).jpg,3,7,0
WhatsApp_Image_2023-09-08_at_04.41.27_3 (1).jpg,3,8,0
WhatsApp_Image_2023-09-08_at_04.41.27_3 (1).jpg,4,1,2
WhatsApp_Image_2023-09-08_at_04.41.27_3 (1).jpg,4,2,2
WhatsApp_Image_2023-09-08_at_04.41.27_3 (1).jpg,4,3,0
WhatsApp_Image_2023-09-08_at_04.41.27_3 (1).jpg,4,4,0
WhatsApp_Image_2023-09-08_at_04.41.27_3 (1).jpg,4,5,0
WhatsApp_Image_2023-09-08_at_04.41.27_3 (1).jpg,4,6,0
WhatsApp_Image_2023-09-08_at_04.41.27_3 (1).jpg,4,7,0
WhatsApp_Image_2023-09-08_at_04.41.27_3 (1).jpg,4,8,0
WhatsApp_Image_2023-09-08_at_04.41.27_3 (1).jpg,5,1,0
WhatsApp_Image_2023-09-08_at_04.41.27_3 (1).jpg,5,2,0
WhatsApp_Image_2023-09-08_at_04.41.27_3 (1).jpg,5,3,0
WhatsApp_Image_2023-09-08_at_04.41.27_3 (1).jpg,5,4,0
WhatsApp_Image_2023-09-08_at_04.41.27_3 (1).jpg,5,5,0
WhatsApp_Image_2023-09-08_at_04.41.27_3 (1).jpg,5,6,0
WhatsApp_Image_2023-09-08_at_04.41.27_3 (1).jpg,5,7,0
WhatsApp_Image_2023-09-08_at_04.41.27_3 (1).jpg,5,8,0
WhatsApp_Image_2023-09-08_at_04.41.27_3 (1).jpg,6,1,0
WhatsApp_Image_2023-09-08_at_04.41.27_3 (1).jpg,6,2,0
WhatsApp_Image_2023-09-08_at_04.41.27_3 (1).jpg,6,3,0
WhatsApp_Image_2023-09-08_at_04.41.27_3 (1).jpg,6,4,0
WhatsApp_Image_2023-09-08_at_04.41.27_3 (1).jpg,6,5,0
WhatsApp_Image_2023-09-08_at_04.41.27_3 (1).jpg,6,6,0
WhatsApp_Image_2023-09-08_at_04.41.27_3 (1).jpg,6,7,0
WhatsApp_Image_2023-09-08_at_04.41.27_3 (1).jpg,6,8,0
WhatsApp_Image_2023-09-08_at_04.41.27_3 (1).jpg,7,1,0
WhatsApp_Image_2023-09-08_at_04.41.27_3 (1).jpg,7,2,0
WhatsApp_Image_2023-09-08_at_04.41.27_3 (1).jpg,7,3,0
WhatsApp_Image_2023-09-08_at_04.41.27_3 (1).jpg,7,4,0
WhatsApp_Image_2023-09-08_at_04.41.27_3 (1).jpg,7,5,0
WhatsApp_Image_2023-09-08_at_04.41.27_3 (1).jpg,7,6,0
WhatsApp_Image_2023-09-08_at_04.41.27_3 (1).jpg,7,7,0
WhatsApp_Image_2023-09-08_at_04.41.27_3 (1).jpg,7,8,0
WhatsApp_Image_2023-09-08_at_04.41.27_3 (1).jpg,8,1,0
WhatsApp_Image_2023-09-08_at_04.41.27_3 (1).jpg,8,2,0
WhatsApp_Image_2023-09-08_at_04.41.27_3 (1).jpg,8,3,0
WhatsApp_Image_2023-09-08_at_04.41.27_3 (1).jpg,8,4,0
WhatsApp_Image_2023-09-08_at_04.41.27_3 (1).jpg,8,5,0
WhatsApp_Image_2023-09-08_at_04.41.27_3 (1).jpg,8,6,0
WhatsApp_Image_2023-09-08_at_04.41.27_3 (1).jpg,8,7,0
WhatsApp_Image_2023-09-08_at_04.41.27_3 (1).jpg,8,8,0
WhatsApp_Image_2024-04-23_at_16.58.52_2.jpg,1,1,0
WhatsApp_Image_2024-04-23_at_16.58.52_2.jpg,1,2,2
WhatsApp_Image_2024-04-23_at_16.58.52_2.jpg,1,3,2
WhatsApp_Image_2024-04-23_at_16.58.52_2.jpg,1,4,0
WhatsApp_Image_2024-04-23_at_16.58.52_2.jpg,1,5,0
WhatsApp_Image_2024-04-23_at_16.58.52_2.jpg,1,6,0
WhatsApp_Image_2024-04-23_at_16.58.52_2.jpg,1,7,0
WhatsApp_Image_2024-04-23_at_16.58.52_2.jpg,1,8,0
WhatsApp_Image_2024-04-23_at_16.58.52_2.jpg,2,1,0
WhatsApp_Image_2024-04-23_at_16.58.52_2.jpg,2,2,2
WhatsApp_Image_2024-04-23_at_16.58.52_2.jpg,2,3,2
WhatsApp_Image_2024-04-23_at_16.58.52_2.jpg,2,4,2
WhatsApp_Image_2024-04-23_at_16.58.52_2.jpg,2,5,0
WhatsApp_Image_2024-04-23_at_16.58.52_2.jpg,2,6,0
WhatsApp_Image_2024-04-23_at_16.58.52_2.jpg,2,7,0
WhatsApp_Image_2024-04-23_at_16.58.52_2.jpg,2,8,0
WhatsApp_Image_2024-04-23_at_16.58.52_2.jpg,3,1,0
WhatsApp_Image_2024-04-23_at_16.58.52_2.jpg,3,2,2
WhatsApp_Image_2024-04-23_at_16.58.52_2.jpg,3,3,2
WhatsApp_Image_2024-04-23_at_16.58.52_2.jpg,3,4,2
WhatsApp_Image_2024-04-23_at_16.58.52_2.jpg,3,5,0
WhatsApp_Image_2024-04-23_at_16.58.52_2.jpg,3,6,0
WhatsApp_Image_2024-04-23_at_16.58.52_2.jpg,3,7,0
WhatsApp_Image_2024-04-23_at_16.58.52_2.jpg,3,8,0
WhatsApp_Image_2024-04-23_at_16.58.52_2.jpg,4,1,0
WhatsApp_Image_2024-04-23_at_16.58.52_2.jpg,4,2,0
WhatsApp_Image_2024-04-23_at_16.58.52_2.jpg,4,3,2
WhatsApp_Image_2024-04-23_at_16.58.52_2.jpg,4,4,2
WhatsApp_Image_2024-04-23_at_16.58.52_2.jpg,4,5,0
WhatsApp_Image_2024-04-23_at_16.58.52_2.jpg,4,6,0
WhatsApp_Image_2024-04-23_at_16.58.52_2.jpg,4,7,0
WhatsApp_Image_2024-04-23_at_16.58.52_2.jpg,4,8,0
WhatsApp_Image_2024-04-23_at_16.58.52_2.jpg,5,1,0
WhatsApp_Image_2024-04-23_at_16.58.52_2.jpg,5,2,0
WhatsApp_Image_2024-04-23_at_16.58.52_2.jpg,5,3,2
WhatsApp_Image_2024-04-23_at_16.58.52_2.jpg,5,4,2
WhatsApp_Image_2024-04-23_at_16.58.52_2.jpg,5,5,2
WhatsApp_Image_2024-04-23_at_16.58.52_2.jpg,5,6,0
WhatsApp_Image_2024-04-23_at_16.58.52_2.jpg,5,7,0
WhatsApp_Image_2024-04-23_at_16.58.52_2.jpg,5,8,0
WhatsApp_Image_2024-04-23_at_16.58.52_2.jpg,6,1,0
WhatsApp_Image_2024-04-23_at_16.58.52_2.jpg,6,2,0
WhatsApp_Image_2024-04-23_at_16.58.52_2.jpg,6,3,0
WhatsApp_Image_2024-04-23_at_16.58.52_2.jpg,6,4,2
WhatsApp_Image_2024-04-23_at_16.58.52_2.jpg,6,5,2
WhatsApp_Image_2024-04-23_at_16.58.52_2.jpg,6,6,0
WhatsApp_Image_2024-04-23_at_16.58.52_2.jpg,6,7,0
WhatsApp_Image_2024-04-23_at_16.58.52_2.jpg,6,8,0
WhatsApp_Image_2024-04-23_at_16.58.52_2.jpg,7,1,0
WhatsApp_Image_2024-04-23_at_16.58.52_2.jpg,7,2,0
WhatsApp_Image_2024-04-23_at_16.58.52_2.jpg,7,3,0
WhatsApp_Image_2024-04-23_at_16.58.52_2.jpg,7,4,2
WhatsApp_Image_2024-04-23_at_16.58.52_2.jpg,7,5,2
WhatsApp_Image_2024-04-23_at_16.58.52_2.jpg,7,6,0
WhatsApp_Image_2024-04-23_at_16.58.52_2.jpg,7,7,0
WhatsApp_Image_2024-04-23_at_16.58.52_2.jpg,7,8,0
WhatsApp_Image_2024-04-23_at_16.58.52_2.jpg,8,1,0
WhatsApp_Image_2024-04-23_at_16.58.52_2.jpg,8,2,0
WhatsApp_Image_2024-04-23_at_16.58.52_2.jpg,8,3,0
WhatsApp_Image_2024-04-23_at_16.58.52_2.jpg,8,4,0
WhatsApp_Image_2024-04-23_at_16.58.52_2.jpg,8,5,0
WhatsApp_Image_2024-04-23_at_16.58.52_2.jpg,8,6,0
WhatsApp_Image_2024-04-23_at_16.58.52_2.jpg,8,7,0
WhatsApp_Image_2024-04-23_at_16.58.52_2.jpg,8,8,0
zndz9afh3drxw54k_1642605650 (1).jpg,1,1,0
zndz9afh3drxw54k_1642605650 (1).jpg,1,2,0
zndz9afh3drxw54k_1642605650 (1).jpg,1,3,0
zndz9afh3drxw54k_1642605650 (1).jpg,1,4,0
zndz9afh3drxw54k_1642605650 (1).jpg,1,5,0
zndz9afh3drxw54k_1642605650 (1).jpg,1,6,0
zndz9afh3drxw54k_1642605650 (1).jpg,1,7,0
zndz9afh3drxw54k_1642605650 (1).jpg,1,8,0
zndz9afh3drxw54k_1642605650 (1).jpg,2,1,0
zndz9afh3drxw54k_1642605650 (1).jpg,2,2,0
zndz9afh3drxw54k_1642605650 (1).jpg,2,3,0
zndz9afh3drxw54k_1642605650 (1).jpg,2,4,0
zndz9afh3drxw54k_1642605650 (1).jpg,2,5,0
zndz9afh3drxw54k_1642605650 (1).jpg,2,6,0
zndz9afh3drxw54k_1642605650 (1).jpg,2,7,0
zndz9afh3drxw54k_1642605650 (1).jpg,2,8,0
zndz9afh3drxw54k_1642605650 (1).jpg,3,1,0
zndz9afh3drxw54k_1642605650 (1).jpg,3,2,0
zndz9afh3drxw54k_1642605650 (1).jpg,3,3,0
zndz9afh3drxw54k_1642605650 (1).jpg,3,4,0
zndz9afh3drxw54k_1642605650 (1).jpg,3,5,0
zndz9afh3drxw54k_1642605650 (1).jpg,3,6,0
zndz9afh3drxw54k_1642605650 (1).jpg,3,7,0
zndz9afh3drxw54k_1642605650 (1).jpg,3,8,0
zndz9afh3drxw54k_1642605650 (1).jpg,4,1,0
zndz9afh3drxw54k_1642605650 (1).jpg,4,2,0
zndz9afh3drxw54k_1642605650 (1).jpg,4,3,0
zndz9afh3drxw54k_1642605650 (1).jpg,4,4,2
zndz9afh3drxw54k_1642605650 (1).jpg,4,5,0
zndz9afh3drxw54k_1642605650 (1).jpg,4,6,0
zndz9afh3drxw54k_1642605650 (1).jpg,4,7,0
zndz9afh3drxw54k_1642605650 (1).jpg,4,8,0
zndz9afh3drxw54k_1642605650 (1).jpg,5,1,0
zndz9afh3drxw54k_1642605650 (1).jpg,5,2,0
zndz9afh3drxw54k_1642605650 (1).jpg,5,3,2
zndz9afh3drxw54k_1642605650 (1).jpg,5,4,0
zndz9afh3drxw54k_1642605650 (1).jpg,5,5,0
zndz9afh3drxw54k_1642605650 (1).jpg,5,6,0
zndz9afh3drxw54k_1642605650 (1).jpg,5,7,0
zndz9afh3drxw54k_1642605650 (1).jpg,5,8,0
zndz9afh3drxw54k_1642605650 (1).jpg,6,1,0
zndz9afh3drxw54k_1642605650 (1).jpg,6,2,0
zndz9afh3drxw54k_1642605650 (1).jpg,6,3,2
zndz9afh3drxw54k_1642605650 (1).jpg,6,4,0
zndz9afh3drxw54k_1642605650 (1).jpg,6,5,0
zndz9afh3drxw54k_1642605650 (1).jpg,6,6,1
zndz9afh3drxw54k_1642605650 (1).jpg,6,7,0
zndz9afh3drxw54k_1642605650 (1).jpg,6,8,0
zndz9afh3drxw54k_1642605650 (1).jpg,7,1,0
zndz9afh3drxw54k_1642605650 (1).jpg,7,2,0
zndz9afh3drxw54k_1642605650 (1).jpg,7,3,2
zndz9afh3drxw54k_1642605650 (1).jpg,7,4,0
zndz9afh3drxw54k_1642605650 (1).jpg,7,5,0
zndz9afh3drxw54k_1642605650 (1).jpg,7,6,0
zndz9afh3drxw54k_1642605650 (1).jpg,7,7,0
zndz9afh3drxw54k_1642605650 (1).jpg,7,8,0
zndz9afh3drxw54k_1642605650 (1).jpg,8,1,0
zndz9afh3drxw54k_1642605650 (1).jpg,8,2,0
zndz9afh3drxw54k_1642605650 (1).jpg,8,3,0
zndz9afh3drxw54k_1642605650 (1).jpg,8,4,0
zndz9afh3drxw54k_1642605650 (1).jpg,8,5,0
zndz9afh3drxw54k_1642605650 (1).jpg,8,6,0
zndz9afh3drxw54k_1642605650 (1).jpg,8,7,0
zndz9afh3drxw54k_1642605650 (1).jpg,8,8,0
